{
  "learningRate": 0.05,
  "l2": 0.003,
  "epochs": 550,
  "classWeights": {
    "D": 1.25
  },
  "marketBlend": 0.75,
  "metrics": {
    "rows": 1372,
    "accuracy": 0.5495626822157434,
    "logLoss": 0.9650061336897068,
    "confusion": {
      "H": {
        "H": 486,
        "D": 5,
        "A": 94
      },
      "D": {
        "H": 214,
        "D": 6,
        "A": 109
      },
      "A": {
        "H": 192,
        "D": 4,
        "A": 262
      }
    }
  }
}