season,fbrefSeason,league,sourceFile,Player,Squad,statType,Pos,MP,Starts,Min,90s,Gls,Ast,G+A,PK,PKatt,CrdY,CrdR,WorldCupScreenshotSource,ManualVerification
2022 World Cup,2022,International,Screenshot 2026-05-18 145428.png,Brenden Aaronson,United States,standard,,4,0,108,1.2,0,0,0,0,0,0,0,true,
2022 World Cup,2022,International,Screenshot 2026-05-18 145428.png,ali Abdi,Tunisia,standard,,193,32,188,2.1,0,0,0,0,0,4,0,true,
2022 World Cup,2022,International,Screenshot 2026-05-18 145428.png,Salis Abdul Samed,Ghana,standard,,3,3,250,2.8,0,0,0,0,0,0,0,true,
2022 World Cup,2022,International,Screenshot 2026-05-18 145428.png,Saud Abdulhamid,Saudi Arabia,standard,,1,19,294,3.27,3,0,3,0,0,0,4,true,
2022 World Cup,2022,International,Screenshot 2026-05-18 145428.png,Nawaf Al Abed,Saudi Arabia,standard,,2,0,90,1,0,0,0,0,4,0,0,true,
2022 World Cup,2022,International,Screenshot 2026-05-18 145428.png,Pape Abou Cissé,Senegal,standard,,195,3,1105,1.2,0,0,0,0,0,0,0,true,
2022 World Cup,2022,International,Screenshot 2026-05-18 145428.png,Vincent Aboubakar,Cameroon,standard,,192,3,1242,1.6,2,1,3,0,0,2,4,true,
2022 World Cup,2022,International,Screenshot 2026-05-18 145428.png,Abdulrahman Al-Aboud,Saudi Arabia,standard,,195,2,315,3.5,4,0,4,0,0,0,0,true,
2022 World Cup,2022,International,Screenshot 2026-05-18 145428.png,Zakaria Aboukhlal,Morocco,standard,,4,0,79,0.8,1,0,1,0,0,0,0,true,
2022 World Cup,2022,International,Screenshot 2026-05-18 145428.png,Kellyn Acosta,United States,standard,,2,0,43,0.5,0,0,0,0,0,4,0,true,
2022 World Cup,2022,International,Screenshot 2026-05-18 145428.png,Marcos Acuia,Argentina,standard,,11,30.1,9,0.1,41,0,41,0,0,0,3,true,
2022 World Cup,2022,International,Screenshot 2026-05-18 145428.png,Tyler Adams,United States,standard,,4,4,360,4,0,0,0,0,0,4,0,true,
2022 World Cup,2022,International,Screenshot 2026-05-18 145428.png,Sam Adekugbe,Canada,standard,,3,1,95,1.1,0,0,0,0,0,4,0,true,
2022 World Cup,2022,International,Screenshot 2026-05-18 145428.png,Michel Aebischer,Switzerland,standard,,1,0,18,0.2,0,0,0,0,0,0,0,true,
2022 World Cup,2022,International,Screenshot 2026-05-18 145428.png,Akram Afif,Qatar,standard,,15,25,0,0,3,3.27,6.27,0,1,0,0,true,
2022 World Cup,2022,International,Screenshot 2026-05-18 145428.png,Nayef Aguerd,Morocco,standard,,4,4,353,3.9,0,0,0,0,0,0,0,true,
2022 World Cup,2022,International,Screenshot 2026-05-18 145428.png,Brandon Aguilera,Costa Rica,standard,,3,1,90,1,0,0,0,0,0,0,0,true,
2022 World Cup,2022,International,Screenshot 2026-05-18 145428.png,Homam Ahmed,Qatar,standard,,3,3,262,2.9,0,0,0,0,0,4,0,true,
2022 World Cup,2022,International,Screenshot 2026-05-18 145428.png,Manuel Akanii,Switzerland,standard,,4,4,360,4,1,0,1,0,0,4,0,true,
2022 World Cup,2022,International,Screenshot 2026-05-18 145428.png,Nathan Aké,Netherlands,standard,,1,5,5479,5.3,0,0,0,0,0,4,0,true,
2022 World Cup,2022,International,Screenshot 2026-05-18 145428.png,Ahmed Alazeldin,Qatar,standard,,1,0,601,6.7,0,0,0,0,0,0,0,true,
2022 World Cup,2022,International,Screenshot 2026-05-18 145428.png,Jordi Alba,Spain,standard,,19,4,0,0,29,0,29,0,0,0,0,true,
2022 World Cup,2022,International,Screenshot 2026-05-18 145428.png,Toby Alderweireld,Belgium,standard,,14,1,294,3.27,30,0,30,0,0,0,0,true,
2022 World Cup,2022,International,Screenshot 2026-05-18 145428.png,Trent Alexander-Arnold,England,standard,,1,0,34,0.4,0,0,0,0,0,0,0,true,
2022 World Cup,2022,International,Screenshot 2026-05-18 145428.png,Almoez Ali,Qatar,standard,,25,25,0,0,3,3224,3227,0,0,1,0,true,
2022 World Cup,2022,International,Screenshot 2026-05-18 145442.png,Joe Allen,Wales,standard,,2,1,94,1,0,0,0,0,0,0,0,true,
2022 World Cup,2022,International,Screenshot 2026-05-18 145442.png,Thiago Almada FWMF SS Arg,Argentina,standard,,28,211,0,0,7,1,8,6,0,0,0,true,
2022 World Cup,2022,International,Screenshot 2026-05-18 145442.png,Roberto Alvarado FWMF Bll Mex,Mexico,standard,,1,0,18,0.2,0,0,0,0,0,0,0,true,
2022 World Cup,2022,International,Screenshot 2026-05-18 145442.png,Edson Alvarez,Mexico,standard,,2,2,175,1.9,0,0,0,0,0,0,0,true,
2022 World Cup,2022,International,Screenshot 2026-05-18 145442.png,Julién Alvarez,Argentina,standard,,7,546452,0,0,4,4,8,0.78,0,0.78,0.78,true,
2022 World Cup,2022,International,Screenshot 2026-05-18 145442.png,Kevin Alvarez,Mexico,standard,,23,199,90,1,7008,0,7008,0,0,0,0,true,
2022 World Cup,2022,International,Screenshot 2026-05-18 145442.png,Ethan Ampadu,Wales,standard,,3,3,255,2.8,0,0,0,0,0,0,0,true,
2022 World Cup,2022,International,Screenshot 2026-05-18 145442.png,Sofyan Amrabat,Morocco,standard,,7,7,660,7.3,9,0,9,0,0,0,0,true,
2022 World Cup,2022,International,Screenshot 2026-05-18 145442.png,Abdulelah Al-Amri pF PG sau,Saudi Arabia,standard,,3,2,182,2,0,0,0,0,0,2,0,true,
2022 World Cup,2022,International,Screenshot 2026-05-18 145442.png,Joachim Andersen,Denmark,standard,,3,3.27,30,0.3,1,1,2,0,0,0.33,0.33,true,
2022 World Cup,2022,International,Screenshot 2026-05-18 145442.png,Karim Ansarifard,IR Iran,standard,,1,990,0,0,35,4,39,0,0,0,0,true,
2022 World Cup,2022,International,Screenshot 2026-05-18 145442.png,Uriel Antuna,Mexico,standard,,3,0,77,0.9,0,0,0,0,0,0,0,true,
2022 World Cup,2022,International,Screenshot 2026-05-18 145442.png,Néstor Araujo,Mexico,standard,,43,30,90,1,90,10,100,1,0,0,0,true,
2022 World Cup,2022,International,Screenshot 2026-05-18 145442.png,Takuma Asano FWMF Jap,Japan,standard,,94,4,90,1,18,1,19,1,0,0,0,true,
2022 World Cup,2022,International,Screenshot 2026-05-18 145442.png,Marco Asensio,Spain,standard,,4,3,229,2.5,1,0,1,0,0,0,0.39,true,
2022 World Cup,2022,International,Screenshot 2026-05-18 145442.png,Ali Assadalla WMP Qat,Qatar,standard,,1,0,0,0,0,0,0,0,0,0,0,true,
2022 World Cup,2022,International,Screenshot 2026-05-18 145442.png,Nathaniel Atkinson,Australia,standard,,19,1,756,8.4,9,0,9,0,0,0,0,true,
2022 World Cup,2022,International,Screenshot 2026-05-18 145442.png,Yahya Attist Allah,Morocco,standard,,6,2,318,3.5,0,1,1,0,0,0,0,true,
2022 World Cup,2022,International,Screenshot 2026-05-18 145442.png,André ayew MFFW EEE Gha,Ghana,standard,,1,9,33198,2.2,1,0,1,0,1,1,0,true,
2022 World Cup,2022,International,Screenshot 2026-05-18 145454.png,César Azpilicueta,Spain,standard,,32,1,0,0,15,0,15,0,0,0,0.67,true,
2022 World Cup,2022,International,Screenshot 2026-05-18 145454.png,Srdan Babié,Serbia,standard,,16,1,117,1.3,1,0,1,0,0,0,0,true,
2022 World Cup,2022,International,Screenshot 2026-05-18 145454.png,Keanu Baccus,Australia,standard,,24,4,0,0,13,0,13,0,0,0,0,true,
2022 World Cup,2022,International,Screenshot 2026-05-18 145454.png,Alexander Bah DEM BEB Den,Denmark,standard,,2,0,46,0.5,0,0,0,0,0,0,0,true,
2022 World Cup,2022,International,Screenshot 2026-05-18 145454.png,Hattan Bahebri FUME EJ Sau,Saudi Arabia,standard,,16,2,360,4,0,0,0,0,0,0,1,true,
2022 World Cup,2022,International,Screenshot 2026-05-18 145454.png,Alejandro Balde,Spain,standard,,4,1,126,1.4,0,0,0,0,0,0,0,true,
2022 World Cup,2022,International,Screenshot 2026-05-18 145454.png,Gareth Bale FUME ly Wal,Wales,standard,,32,1,33225,2.5,1,0,1,1,1,1,0,true,
2022 World Cup,2022,International,Screenshot 2026-05-18 145454.png,Badr Banoun,Morocco,standard,,28,1,0,0,5406,0,5406,0,0,0,0,true,
2022 World Cup,2022,International,Screenshot 2026-05-18 145454.png,Boma Baritié,Croatia,standard,,1,1,120,1.3,0,0,0,0,0,1,0,true,
2022 World Cup,2022,International,Screenshot 2026-05-18 145454.png,Christian Bassogog FWMF HMI Cam,Cameroon,standard,,1,0,27,0.3,0,0,0,0,0,1,0,true,
2022 World Cup,2022,International,Screenshot 2026-05-18 145454.png,Jan Bednarek,Poland,standard,,16,1,450,5,1,0,1,0,0,0,0,true,
2022 World Cup,2022,International,Screenshot 2026-05-18 145454.png,zis Behich,Australia,standard,,9,90,0,0,40,0,40,0,0,0,1,true,
2022 World Cup,2022,International,Screenshot 2026-05-18 145454.png,Alireze Beira,IR Iran,standard,,2,2,109,1.2,0,0,0,0,0,0,0,true,
2022 World Cup,2022,International,Screenshot 2026-05-18 145454.png,Anis Ben Slimane,Tunisia,standard,,21.8,2,0,0,16,0,16,0,0,0,0,true,
2022 World Cup,2022,International,Screenshot 2026-05-18 145454.png,Jewison Bennette,Costa Rica,standard,,17,3,0,0,11,0,11,0,0,0,0,true,
2022 World Cup,2022,International,Screenshot 2026-05-18 145454.png,Bartosz Bereszviski,Poland,standard,,4,4,341,3.8,0,0,0,0,0,1,0,true,
2022 World Cup,2022,International,Screenshot 2026-05-18 145454.png,Steven Berghuis,Netherlands,standard,,1.555,4,0,0,22,0,22,0,0,0,1,true,
2022 World Cup,2022,International,Screenshot 2026-05-18 145504.png,Krystian Bielik,Poland,standard,,4,2,216,2.4,0,0,0,0,0,0,0,true,
2022 World Cup,2022,International,Screenshot 2026-05-18 145504.png,Daley Blind,Netherlands,standard,,5,5.423,47,1,1,2,3,0,0,2,0.21,true,
2022 World Cup,2022,International,Screenshot 2026-05-18 145504.png,Milan Borjan ck ol can,Canada,standard,,7,3,270,3,0,0,0,0,0,0,0,true,
2022 World Cup,2022,International,Screenshot 2026-05-18 145504.png,Sofiane Boufal,Morocco,standard,,7,7.475,53,0.6,0,0,0,0,1,0,0,true,
2022 World Cup,2022,International,Screenshot 2026-05-18 145504.png,Yassine Bounou,Morocco,standard,,31,1,9,0.1,63,0,63,0,0,0,0,true,
2022 World Cup,2022,International,Screenshot 2026-05-18 145504.png,Martin Braithwaite,Denmark,standard,,2,1,103,1.1,0,0,0,0,0,0,0,true,
2022 World Cup,2022,International,Screenshot 2026-05-18 145504.png,Mohammed Al-Breik,Saudi Arabia,standard,,12,2,585,6.5,7,0,7,0,0,0,0,true,
2022 World Cup,2022,International,Screenshot 2026-05-18 145504.png,Dylan Bronn,Tunisia,standard,,19,199,0,0,18,0,18,0,0,0,0,true,
2022 World Cup,2022,International,Screenshot 2026-05-18 145504.png,Marcelo Brozovié,Croatia,standard,,6,6,552,6.1,9,0,9,1,0,0,0,true,
2022 World Cup,2022,International,Screenshot 2026-05-18 145504.png,Tejon Buchanan,Canada,standard,,3,3,260,2.8,0,1,1,0,0,1,0,true,
2022 World Cup,2022,International,Screenshot 2026-05-18 145504.png,Ante Budimir,Croatia,standard,,30,1,0,0,55,6,61,0,0,0,0,true,
2022 World Cup,2022,International,Screenshot 2026-05-18 145504.png,Osman Bukeri FWMF ES han,Ghana,standard,,0,998,0,0,59,7,66,1,1,0,0,true,
2022 World Cup,2022,International,Screenshot 2026-05-18 145504.png,Ali Al-Bulaihi,Saudi Arabia,standard,,3,3,216,2.4,0,0,0,0,0,0,0,true,
2022 World Cup,2022,International,Screenshot 2026-05-18 145504.png,Sergio Busquets,Spain,standard,,1,4,0,0,40,0,40,0,0,0,1,true,
2022 World Cup,2022,International,Screenshot 2026-05-18 145504.png,Martin Céceres,Uruguay,standard,,17,1,810,9,10,0,10,0,0,0,1,true,
2022 World Cup,2022,International,Screenshot 2026-05-18 145504.png,Moisés Caicedo,Ecuador,standard,,3,3,269,3,1,0,1,1,0,0.33,0,true,
2022 World Cup,2022,International,Screenshot 2026-05-18 145504.png,Jogo Cancelo,Portugal,standard,,4,3,310,3.4,0,0,0,0,0,0,0,true,
2022 World Cup,2022,International,Screenshot 2026-05-18 145513.png,Cameron Carter-Vickers,United States,standard,,1,1,90,1,0,0,0,0,0,0,0,true,
2022 World Cup,2022,International,Screenshot 2026-05-18 145513.png,Dani Carvaial,Spain,standard,,2,1,135,1.5,0,0,0,0,0,0,0,true,
2022 World Cup,2022,International,Screenshot 2026-05-18 145513.png,William Carvalho,Portugal,standard,,4,2,215,2.4,0,0,0,0,0,0,0,true,
2022 World Cup,2022,International,Screenshot 2026-05-18 145513.png,Casemiro,Brazil,standard,,4,4,390,4.3,1,0,1,0,0,4,23,true,
2022 World Cup,2022,International,Screenshot 2026-05-18 145513.png,Matty Cash,Poland,standard,,4,4,360,4,0,0,0,0,0,2,0,true,
2022 World Cup,2022,International,Screenshot 2026-05-18 145513.png,Jean-Charles Castelletto,Cameroon,standard,,2,2,180,2,1,1,2,0,0,0,0,true,
2022 World Cup,2022,International,Screenshot 2026-05-18 145513.png,Lucas Cavallini,Canada,standard,,12,1,171,1.9,2,0,2,0,0,0,0,true,
2022 World Cup,2022,International,Screenshot 2026-05-18 145513.png,Ghayléne Chaalali,Tunisia,standard,,28,1,0,0,1702,0,1702,0,0,0,0,true,
2022 World Cup,2022,International,Screenshot 2026-05-18 145513.png,Daniel Chacén,Costa Rica,standard,,21,1,90,1,0,100,100,0,0,0,0,true,
2022 World Cup,2022,International,Screenshot 2026-05-18 145513.png,lias Chair,Morocco,standard,,197,1,405,4.5,5,0,5,0,0,0,0,true,
2022 World Cup,2022,International,Screenshot 2026-05-18 145513.png,Kwon Chang-hoon,Korea Republic,standard,,1,94,504,5.6,6,0,6,0,0,0,0,true,
2022 World Cup,2022,International,Screenshot 2026-05-18 145513.png,Luis Chévez,Mexico,standard,,1,996,0,0,30,1,31,1,0,0,0.33,true,
2022 World Cup,2022,International,Screenshot 2026-05-18 145513.png,Walid Cheddira,Morocco,standard,,198,2,576,6.4,7,0,7,0,0,0,2,true,
2022 World Cup,2022,International,Screenshot 2026-05-18 145513.png,Roozbeh Cheshmi,IR Iran,standard,,2,1,58,0.6,1,0,1,0,0,0,0,true,
2022 World Cup,2022,International,Screenshot 2026-05-18 145513.png,Andreas Christensen,Denmark,standard,,3,3,270,3,1,0,1,1,0,0.33,0,true,
2022 World Cup,2022,International,Screenshot 2026-05-18 145513.png,Hong Chul DFIMF Ye Kore,Korea Republic,standard,,190,1,405,4.5,5,0,5,0,0,0,0,true,
2022 World Cup,2022,International,Screenshot 2026-05-18 145513.png,José Cifuentes,Ecuador,standard,,2,0,59,0.7,0,0,0,0,0,0,0,true,
2022 World Cup,2022,International,Screenshot 2026-05-18 145525.png,Anthony Contreras,Costa Rica,standard,,3,2,125,1.4,0,0,0,0,0,4,0,true,
2022 World Cup,2022,International,Screenshot 2026-05-18 145525.png,Andreas Cornelius,Denmark,standard,,29,18,31,9.2,10,0,10,0,0,0,1,true,
2022 World Cup,2022,International,Screenshot 2026-05-18 145525.png,Angel Correa FWMF SE Arge,Argentina,standard,,27,1,0,0,5,1,6,0,0,0,0,true,
2022 World Cup,2022,International,Screenshot 2026-05-18 145525.png,Jason Cummings,Australia,standard,,26,1,0,0,35,41,76,0,0,0,0,true,
2022 World Cup,2022,International,Screenshot 2026-05-18 145525.png,Aymen Dahmen ck Ell tuni,Tunisia,standard,,25,7,33270,3,0,0,0,0,0,0,0,true,
2022 World Cup,2022,International,Screenshot 2026-05-18 145525.png,Diogo Dalot,Portugal,standard,,23,33258,27,0.3,2,2,4,0,0,0.7,0.7,true,
2022 World Cup,2022,International,Screenshot 2026-05-18 145525.png,Mikel Damsgaard,Denmark,standard,,3,1,150,1.7,0,0,0,0,0,0,0,true,
2022 World Cup,2022,International,Screenshot 2026-05-18 145525.png,Achraf Dari,Morocco,standard,,23,19,0,0,21,1,22,1,0,0,1,true,
2022 World Cup,2022,International,Screenshot 2026-05-18 145525.png,Jonathan David,Canada,standard,,3,2,192,2.1,0,0,0,0,0,0,0,true,
2022 World Cup,2022,International,Screenshot 2026-05-18 145525.png,Alphonso Davies MrFW Cana,Canada,standard,,3,3,270,3,1,1,2,1,14,0.33,0,true,
2022 World Cup,2022,International,Screenshot 2026-05-18 145525.png,Ben Davies,Wales,standard,,29,1,33238,2.6,0,0,0,0,0,0,0,true,
2022 World Cup,2022,International,Screenshot 2026-05-18 145525.png,Nasser Al-Dawsari DRM PE Scud Arab,Saudi Arabia,standard,,23,1,0,0,5,1,6,0,0,0,0,true,
2022 World Cup,2022,International,Screenshot 2026-05-18 145525.png,Salem Al-Dawsari,Saudi Arabia,standard,,30,1,0,0,30,2,32,2,0,1,1,true,
2022 World Cup,2022,International,Screenshot 2026-05-18 145525.png,Giorgian De Arrascaeta,Uruguay,standard,,2,1,108,1.2,2,0,2,0,0,1.67,0,true,
2022 World Cup,2022,International,Screenshot 2026-05-18 145525.png,Kevin De Bruyne FUME Belg,Belgium,standard,,30,1,33270,3,0,0,0,0,0,0,0,true,
2022 World Cup,2022,International,Screenshot 2026-05-18 145525.png,Charles De Ketelaere FUME Ml Belg,Belgium,standard,,1,0,18,0.2,0,0,0,0,0,0,0,true,
2022 World Cup,2022,International,Screenshot 2026-05-18 145525.png,Nicolés De La Cruz,Uruguay,standard,,97,2,342,3.8,4,0,4,0,0,0,0,true,
2022 World Cup,2022,International,Screenshot 2026-05-18 145525.png,Rodrigo De Paul,Argentina,standard,,7,7,599,6.7,0,0,0,0,0,0,0,true,
2022 World Cup,2022,International,Screenshot 2026-05-18 145525.png,Milos Degenek,Australia,standard,,28,1,0,0,20,0,20,0,0,0,2,true,
2022 World Cup,2022,International,Screenshot 2026-05-18 145525.png,Thomas Delaney,Denmark,standard,,30,1,90,1,4405,0,4405,0,0,0,0,true,
2022 World Cup,2022,International,Screenshot 2026-05-18 145525.png,Ousmane Dembélé MEW Bf Ml Fran,France,standard,,7,6,433,4.8,0,2,2,0,1,0,42,true,
2022 World Cup,2022,International,Screenshot 2026-05-18 145525.png,Leander Dendoncker,Belgium,standard,,27,22161,18,0.2,0,0,0,0,1,0,0,true,
2022 World Cup,2022,International,Screenshot 2026-05-18 145534.png,Sersifio Dest,United States,standard,,4,4,305,3.4,0,1,1,0,0,1,0,true,
2022 World Cup,2022,International,Screenshot 2026-05-18 145534.png,Angel Di Maria,Argentina,standard,,5,4,288,3.2,1,1,2,0,0,31,0.31,true,
2022 World Cup,2022,International,Screenshot 2026-05-18 145534.png,Ruben Dies,Portugal,standard,,4,4,360,4,0,0,0,0,1,0,0,true,
2022 World Cup,2022,International,Screenshot 2026-05-18 145534.png,Famara Diedhiou,Senegal,standard,,2,1,92,1,1,0,1,0,0,0.98,0,true,
2022 World Cup,2022,International,Screenshot 2026-05-18 145534.png,Bamba Dieng,Senegal,standard,,4,100,90,1,0,14,14,0,0,0.9,0,true,
2022 World Cup,2022,International,Screenshot 2026-05-18 145534.png,Eric Dier,England,standard,,1,194,0,0,36,4,40,0,0,0,0,true,
2022 World Cup,2022,International,Screenshot 2026-05-18 145534.png,Axel Disasi,France,standard,,3,1,92,1,0,0,0,0,0,0,0,true,
2022 World Cup,2022,International,Screenshot 2026-05-18 145534.png,Ritsu Doan MFFW Japa,Japan,standard,,4,2,217,2.4,2,0,2,0,0,0,83,true,
2022 World Cup,2022,International,Screenshot 2026-05-18 145534.png,Mohamed Drager,Tunisia,standard,,1,196,0,0,15,0,15,0,0,0,0,true,
2022 World Cup,2022,International,Screenshot 2026-05-18 145534.png,Mitchell Duke,Australia,standard,,2,1,0,0,30,1,31,1,0,0,1,true,
2022 World Cup,2022,International,Screenshot 2026-05-18 145534.png,Denzel Dumfries,Netherlands,standard,,5,479,53,1,2,3,5,1,0.19,0.38,0.56,true,
2022 World Cup,2022,International,Screenshot 2026-05-18 145534.png,Paulo Dybala FWMF SE Arge,Argentina,standard,,2,0,18,0.2,0,0,0,0,0,0,0,true,
2022 World Cup,2022,International,Screenshot 2026-05-18 145534.png,Enzo Ebosse,Cameroon,standard,,1,1,90,1,0,0,0,0,0,0,0,true,
2022 World Cup,2022,International,Screenshot 2026-05-18 145534.png,Jorge Eduardo Sanchez,Mexico,standard,,2,2,175,1.9,9,0,9,0,0,0,0,true,
2022 World Cup,2022,International,Screenshot 2026-05-18 145534.png,Nico Elvedi,Switzerland,standard,,2,2,180,2,0,0,0,0,0,4,0,true,
2022 World Cup,2022,International,Screenshot 2026-05-18 145534.png,Youssef En-Nesyri,Morocco,standard,,7,7,542,6,2,0,2,0,0,0.33,0,true,
2022 World Cup,2022,International,Screenshot 2026-05-18 145543.png,Wataru Endo,Japan,standard,,29,1,0,0,3.4,0,3.4,0,0,0,1,true,
2022 World Cup,2022,International,Screenshot 2026-05-18 145543.png,Michael Estrada,Ecuador,standard,,196,3,0,0,25,0,25,0,0,0,0,true,
2022 World Cup,2022,International,Screenshot 2026-05-18 145543.png,Pervis Estupifén,Ecuador,standard,,3,3,270,3.01,0,0,0,0,0,0,0,true,
2022 World Cup,2022,International,Screenshot 2026-05-18 145543.png,Stephen Eustéquio,Canada,standard,,1,196,0,0,14,0,14,0,0,0,0,true,
2022 World Cup,2022,International,Screenshot 2026-05-18 145543.png,Abde Ezzelzouli FUME Ml Moro,Morocco,standard,,20,1.5,201,3,0,93,93,0,0,0,40,true,
2022 World Cup,2022,International,Screenshot 2026-05-18 145543.png,Fabinho,Brazil,standard,,1,1,90,1,0,0,0,0,0,0,0,true,
2022 World Cup,2022,International,Screenshot 2026-05-18 145543.png,Collins Fai,Cameroon,standard,,29,1,0,0,30,0,30,0,0,0,2,true,
2022 World Cup,2022,International,Screenshot 2026-05-18 145543.png,Chistian Fassnacht FUME FEM swit,Switzerland,standard,,1,0,9,0.1,0,0,0,0,0,0,0,true,
2022 World Cup,2022,International,Screenshot 2026-05-18 145543.png,Abdul Fatawu Issahaku FUMF EES Ghan,Ghana,standard,,18,1,204,1,0,1,1,0,0,0,0,true,
2022 World Cup,2022,International,Screenshot 2026-05-18 145543.png,Ansu Fath,Spain,standard,,2,0,46,0.5,0,0,0,0,0,0,0,true,
2022 World Cup,2022,International,Screenshot 2026-05-18 145543.png,Bruno Femandes,Portugal,standard,,27,4,0,0,40,2,42,1,1,1,1,true,
2022 World Cup,2022,International,Screenshot 2026-05-18 145543.png,Jess Ferreira,United States,standard,,1,1,45,0.5,0,0,0,0,0,0,0,true,
2022 World Cup,2022,International,Screenshot 2026-05-18 145543.png,Phil Foden FWMF Engl,England,standard,,4,3,258,2.9,1,2,3,0,0.35,0.7,1.05,true,
2022 World Cup,2022,International,Screenshot 2026-05-18 145543.png,Alan Franco,Ecuador,standard,,1.55,2,414,4.6,5,0,5,0,0,0,0,true,
2022 World Cup,2022,International,Screenshot 2026-05-18 145543.png,Praemysiaw Frankowski,Poland,standard,,4,3,240,2.7,0,0,0,0,0,1,0,true,
2022 World Cup,2022,International,Screenshot 2026-05-18 145543.png,Fred,Brazil,standard,,4,2,14216,158,0,0,0,0,1,0,0,true,
2022 World Cup,2022,International,Screenshot 2026-05-18 145552.png,Remo Freuler,Switzerland,standard,,4,432336,0,0,1,1,2,0.28,0,0.28,0.28,true,
2022 World Cup,2022,International,Screenshot 2026-05-18 145552.png,Niclas Fullkrug,Germany,standard,,3,0,68,0.8,2,1,3,0,0,0,261,true,
2022 World Cup,2022,International,Screenshot 2026-05-18 145552.png,Rogelio Funes Mori,Mexico,standard,,31,199,9,0.1,0,0,0,0,0,0,0,true,
2022 World Cup,2022,International,Screenshot 2026-05-18 145552.png,Cody Gakpo FWMF SS Neth,Netherlands,standard,,5,5,450,5,3,0,3,0,0,0.6,0,true,
2022 World Cup,2022,International,Screenshot 2026-05-18 145552.png,Hernén Galindez,Ecuador,standard,,7,3,270,3,0,0,0,0,0,0,0,true,
2022 World Cup,2022,International,Screenshot 2026-05-18 145552.png,Jesiis Gallardo,Mexico,standard,,1,994,294,3.27,30,0,30,0,0,0,0,true,
2022 World Cup,2022,International,Screenshot 2026-05-18 145552.png,Gavi,Spain,standard,,4,428432,0,0,1,1,2,0,0.32,0,0.32,true,
2022 World Cup,2022,International,Screenshot 2026-05-18 145552.png,Sultan Al-Ghanam pF PG saud,Saudi Arabia,standard,,1,4,0,0,14,0,14,0,0,0,0,true,
2022 World Cup,2022,International,Screenshot 2026-05-18 145552.png,Ali Gholizadeh,IR Iran,standard,,3,2,199,2.2,0,1,1,0,0.45,0.45,0,true,
2022 World Cup,2022,International,Screenshot 2026-05-18 145552.png,Matthias Ginter,Germany,standard,,28,1,0,0,1,0,1,0,0,0,0,true,
2022 World Cup,2022,International,Screenshot 2026-05-18 145552.png,Kemil Glik,Poland,standard,,34,24,0,0,40,0,40,0,0,0,0,true,
2022 World Cup,2022,International,Screenshot 2026-05-18 145552.png,Serge Gnabry,Germany,standard,,3,3,263,2.9,1,1,2,0,0,0,0,true,
2022 World Cup,2022,International,Screenshot 2026-05-18 145552.png,Diego Godin,Uruguay,standard,,36,1.25,0,0,17,0,17,0,0,0,0,true,
2022 World Cup,2022,International,Screenshot 2026-05-18 145552.png,Maxi Gémez,Uruguay,standard,,19,196,0,0,3003,0,3003,0,0,0,0,true,
2022 World Cup,2022,International,Screenshot 2026-05-18 145552.png,Papu Gémez MFFW IED Arge,Argentina,standard,,34,14,180,2,2107,12,2119,0,0,0,0,true,
2022 World Cup,2022,International,Screenshot 2026-05-18 145552.png,Shichi Gonda,Japan,standard,,1,4,0,0,43,0,43,0,0,0,0,true,
2022 World Cup,2022,International,Screenshot 2026-05-18 145552.png,Craia Goodwin,Australia,standard,,1.98,4,3234,2.6,1,1,2,0,0,0,0,true,
2022 World Cup,2022,International,Screenshot 2026-05-18 145552.png,Leon Goretzka,Germany,standard,,3,2,159,1.8,0,0,0,0,0,4,0,true,
2022 World Cup,2022,International,Screenshot 2026-05-18 145552.png,Mario Gétze,Germany,standard,,2,0,36,0.4,0,0,0,0,0,0,0,true,
2022 World Cup,2022,International,Screenshot 2026-05-18 145603.png,Jack Grealish FWMF Engl,England,standard,,26,5,774,8.6,10,1,11,1,0,0,0,true,
2022 World Cup,2022,International,Screenshot 2026-05-18 145603.png,Carlos Gruezo,Ecuador,standard,,1,1,45,0.5,0,0,0,0,0,0,9,true,
2022 World Cup,2022,International,Screenshot 2026-05-18 145603.png,Marko Gruiié,Serbia,standard,,26,996,0,0,13,1,14,0,0,0,0,true,
2022 World Cup,2022,International,Screenshot 2026-05-18 145603.png,Andrés Guardado,Mexico,standard,,1,1,0,0,0,0,0,0,0,0,0,true,
2022 World Cup,2022,International,Screenshot 2026-05-18 145603.png,Nemania Gudeli,Serbia,standard,,1,1,90,1,92,10,102,0,0,0,2,true,
2022 World Cup,2022,International,Screenshot 2026-05-18 145603.png,Cho Gue-sung,Korea Republic,standard,,8,4,279,3.1,2,0,2,0,0,1,0,true,
2022 World Cup,2022,International,Screenshot 2026-05-18 145603.png,Raphaél Guerreiro,Portugal,standard,,4,3.279,31,1,2,3,5,0,0,0,32,true,
2022 World Cup,2022,International,Screenshot 2026-05-18 145603.png,Bruno Guimarges,Brazil,standard,,2,69,810,9,0,0,0,0,0,9,0,true,
2022 World Cup,2022,International,Screenshot 2026-05-18 145603.png,ilkey Gundotian,Germany,standard,,190,3,0,0,21,1,22,0,1,1,0,true,
2022 World Cup,2022,International,Screenshot 2026-05-18 145603.png,Erick Gutiérrez,Mexico,standard,,1,0,0,0,0,0,0,0,0,0,0,true,
2022 World Cup,2022,International,Screenshot 2026-05-18 145603.png,Josko Gverdiol,Croatia,standard,,7,769,77,1,0,1,1,0,0,3,0,true,
2022 World Cup,2022,International,Screenshot 2026-05-18 145603.png,Asiri Haitham,Saudi Arabia,standard,,1,0,200,2.2,0,9,9,0,0,9,0,true,
2022 World Cup,2022,International,Screenshot 2026-05-18 145603.png,Abderrazak Hamdallah,Morocco,standard,,4,0,68,0.8,0,0,0,0,0,0,0,true,
2022 World Cup,2022,International,Screenshot 2026-05-18 145603.png,Abdelkarim Hassan,Qatar,standard,,3,3,270,3,9,0,9,0,0,0,0,true,
2022 World Cup,2022,International,Screenshot 2026-05-18 145603.png,Ali Al Hassan,Saudi Arabia,standard,,197,1,405,4.5,5,0,5,0,0,4,0,true,
2022 World Cup,2022,International,Screenshot 2026-05-18 145603.png,Kei Havertz,Germany,standard,,9,2,0,0,11,2,13,2,0,0,0,true,
2022 World Cup,2022,International,Screenshot 2026-05-18 145603.png,Hassan Al-Haydos,Qatar,standard,,3,3,206,2.3,0,0,0,0,0,0,0,true,
2022 World Cup,2022,International,Screenshot 2026-05-18 145603.png,Eden Hazard,Belgium,standard,,1,3,0,0,141,0,141,0,0,0,0,true,
2022 World Cup,2022,International,Screenshot 2026-05-18 145610.png,Hwang Hee-chan,Korea Republic,standard,,1,996,0,0,13,1,14,1,0,0,1,true,
2022 World Cup,2022,International,Screenshot 2026-05-18 145610.png,Jordan Henderson,England,standard,,1,0,0,0,30,1,31,1,0,0,0,true,
2022 World Cup,2022,International,Screenshot 2026-05-18 145610.png,Wayne Hennessey CK i Wale,Wales,standard,,1,7,0,0,18,0,18,0,0,0,0,true,
2022 World Cup,2022,International,Screenshot 2026-05-18 145610.png,Theo Herndndez,France,standard,,6,5,508,5.6,1,2,3,0,1,0,0.18,true,
2022 World Cup,2022,International,Screenshot 2026-05-18 145610.png,Héctor Herrera,Mexico,standard,,32,1.8,89100,990,2,2160,2162,1,0,0,0,true,
2022 World Cup,2022,International,Screenshot 2026-05-18 145610.png,Son Heung-min M,Korea Republic,standard,,4,4,360,4,0,1,1,0,0,0.25,0.25,true,
2022 World Cup,2022,International,Screenshot 2026-05-18 145610.png,Piero Hincapié,Ecuador,standard,,3,3,270,3,0,0,0,0,0,0,0,true,
2022 World Cup,2022,International,Screenshot 2026-05-18 145610.png,Jonas Hofmann,Germany,standard,,2,0,270,3,0,0,0,0,0,0,0,true,
2022 World Cup,2022,International,Screenshot 2026-05-18 145610.png,Martin Hongla,Cameroon,standard,,24.1,8,0,0,13,0,13,0,0,0,0,true,
2022 World Cup,2022,International,Screenshot 2026-05-18 145610.png,Ricardo Horta,Portugal,standard,,27,1,0,0,13,1,14,0,76,0,0.76,true,
2022 World Cup,2022,International,Screenshot 2026-05-18 145610.png,Aidin Hrustic,Australia,standard,,196,3,558,6.2,7,0,7,0,0,0,0,true,
2022 World Cup,2022,International,Screenshot 2026-05-18 145610.png,Atiba Hutchinson,Canada,standard,,1,13,0,0,18,0,18,0,0,0,0,true,
2022 World Cup,2022,International,Screenshot 2026-05-18 145610.png,Romario Ibarra,Ecuador,standard,,19,14,90,1,68,8,76,0,0,0,0,true,
2022 World Cup,2022,International,Screenshot 2026-05-18 145610.png,Ivan tlié,Serbia,standard,,1,0,34,0.4,0,0,0,0,0,0,0,true,
2022 World Cup,2022,International,Screenshot 2026-05-18 145610.png,Hwang In-beom,Korea Republic,standard,,4,4,334,3.7,0,0,0,0,0,0,0,true,
2022 World Cup,2022,International,Screenshot 2026-05-18 145610.png,Jackson Irvine MEFW Bl Aust,Australia,standard,,4,4,354,3.9,0,0,0,0,2,0,0,true,
2022 World Cup,2022,International,Screenshot 2026-05-18 145610.png,Ko Itakura,Japan,standard,,3,3.27,30,0.3,1,1,2,0,2,0.33,0.33,true,
2022 World Cup,2022,International,Screenshot 2026-05-18 145610.png,Hiroki Ito,Japan,standard,,1,0,45,0.5,0,0,0,0,0,0,0,true,
2022 World Cup,2022,International,Screenshot 2026-05-18 145610.png,Junva Ito,Japan,standard,,4,3324.36,90,1,1,0,1,0,0,0.28,0.28,true,
2022 World Cup,2022,International,Screenshot 2026-05-18 145622.png,Yahya Jabrane,Morocco,standard,,1,2,135,1.5,2,0,2,0,0,0,0,true,
2022 World Cup,2022,International,Screenshot 2026-05-18 145622.png,Nicolas Jackson,Senegal,standard,,1,0,0,0,0,0,0,0,0,0,0,true,
2022 World Cup,2022,International,Screenshot 2026-05-18 145622.png,Lee Jae-sung,Korea Republic,standard,,5,2,289,3.211,23,0,23,0,0,0,0,true,
2022 World Cup,2022,International,Screenshot 2026-05-18 145622.png,Alireza Jahanbakhsh,IR Iran,standard,,2,1,9,0.1,0,0,0,2,0,0,0,true,
2022 World Cup,2022,International,Screenshot 2026-05-18 145622.png,Kristiian Jakié RMF HE croa,Croatia,standard,,1,97,0,0,1,0,1,0,0,0,0,true,
2022 World Cup,2022,International,Screenshot 2026-05-18 145622.png,Abolfaz Jalali,IR Iran,standard,,1,0,18,0.2,0,0,0,0,1,0,0,true,
2022 World Cup,2022,International,Screenshot 2026-05-18 145622.png,Daniel James MEW ili Wale,Wales,standard,,3,2,154,1.7,0,0,0,0,0,1,0,true,
2022 World Cup,2022,International,Screenshot 2026-05-18 145622.png,Ardon Jashari,Switzerland,standard,,1,0,200,2.2,0,0,0,0,0,0,0,true,
2022 World Cup,2022,International,Screenshot 2026-05-18 145622.png,Issam Jebali,Tunisia,standard,,18,1,0,0,20,0,20,0,0,0,0,true,
2022 World Cup,2022,International,Screenshot 2026-05-18 145622.png,Artur Jedraciczvk,Poland,standard,,1,7,0,0,1902,0,1902,0,0,0,0,true,
2022 World Cup,2022,International,Screenshot 2026-05-18 145622.png,Mathias Jensen,Denmark,standard,,2,1,84,0.9,0,0,0,0,4,0,0,true,
2022 World Cup,2022,International,Screenshot 2026-05-18 145622.png,Raul Jiménez,Mexico,standard,,31,991,0,0,59,7,66,0,0,0,0,true,
2022 World Cup,2022,International,Screenshot 2026-05-18 145622.png,Kim Jin-su,Korea Republic,standard,,1,2,0,0,35,0,35,0,0,0,0,true,
2022 World Cup,2022,International,Screenshot 2026-05-18 145622.png,Brennan Johnson FWMF di Wale,Wales,standard,,3,0,91,1,0,0,0,0,0,0,0,true,
2022 World Cup,2022,International,Screenshot 2026-05-18 145622.png,Alistair Johnston,Canada,standard,,3,3.27,30,0.3,0,0,0,0,1,0,0,true,
2022 World Cup,2022,International,Screenshot 2026-05-18 145622.png,Luuk de Jong,Netherlands,standard,,1,0,57,0.6,9,0,9,0,0,0,0,true,
2022 World Cup,2022,International,Screenshot 2026-05-18 145622.png,Luke Jovié,Serbia,standard,,197,1,324,3.6,4,0,4,0,0,0,1,true,
2022 World Cup,2022,International,Screenshot 2026-05-18 145622.png,Son Jun-ho,Korea Republic,standard,,12,3,648,7.2,8,0,8,0,0,0,0,true,
2022 World Cup,2022,International,Screenshot 2026-05-18 145622.png,Vinicius Jinior,Brazil,standard,,4,4,299,3.3,1,2,3,0,0,0,0,true,
2022 World Cup,2022,International,Screenshot 2026-05-18 145622.png,Josip Juranovié,Croatia,standard,,6,6,600,6.7,9,1,10,0,0,0,0.15,true,
2022 World Cup,2022,International,Screenshot 2026-05-18 145622.png,Daichi Kamada MRFW Japa,Japan,standard,,4,4,322,3.6,0,0,0,0,0,0,0,true,
2022 World Cup,2022,International,Screenshot 2026-05-18 145633.png,Jakub Kamiriski,Poland,standard,,4,2,233,2.6,0,0,0,0,0,0,0,true,
2022 World Cup,2022,International,Screenshot 2026-05-18 145633.png,Hossein Kanaanizadegan,IR Iran,standard,,1,0,45,0.5,0,0,0,0,0,0,0,true,
2022 World Cup,2022,International,Screenshot 2026-05-18 145633.png,Lee Kang-in,Korea Republic,standard,,8,4,1147,1.6,0,1,1,0,0,1,0,true,
2022 World Cup,2022,International,Screenshot 2026-05-18 145633.png,Fran Karati,Australia,standard,,2,1,93,1,0,0,0,0,0,0,0,true,
2022 World Cup,2022,International,Screenshot 2026-05-18 145633.png,Marie Anthony Kaye,Canada,standard,,27,1,9,0.1,0,0,0,0,0,0,0,true,
2022 World Cup,2022,International,Screenshot 2026-05-18 145633.png,Weidi Kechrida,Tunisia,standard,,353,195,0,0,12,0,12,0,0,4,0,true,
2022 World Cup,2022,International,Screenshot 2026-05-18 145633.png,Thilo Kehrer,Germany,standard,,1,1,69,0.8,0,0,0,0,0,0,0,true,
2022 World Cup,2022,International,Screenshot 2026-05-18 145633.png,Bilal El Khannouss,Morocco,standard,,200,1,495,5.5,6,0,6,0,0,0,0,true,
2022 World Cup,2022,International,Screenshot 2026-05-18 145633.png,Wehbi Khazri,Tunisia,standard,,2,1,83,0.9,1,0,1,0,0,0,0,true,
2022 World Cup,2022,International,Screenshot 2026-05-18 145633.png,Bouslem Khoukhi,Qatar,standard,,3,3,270,3,9,0,9,0,0,0,0,true,
2022 World Cup,2022,International,Screenshot 2026-05-18 145633.png,Joshua Kimmich,Germany,standard,,3,3.27,30,0.3,0,0,0,0,1,0,0,true,
2022 World Cup,2022,International,Screenshot 2026-05-18 145633.png,Jakub Kiwior,Poland,standard,,4,4,355,3.9,0,0,0,0,1,0,0,true,
2022 World Cup,2022,International,Screenshot 2026-05-18 145633.png,Simon Kiger,Denmark,standard,,33,19,99,1.1,64,7,71,0,0,0,0,true,
2022 World Cup,2022,International,Screenshot 2026-05-18 145633.png,Davy Klaassen,Netherlands,standard,,4,3,190,2.1,1,2,3,0,0,0,0,true,
2022 World Cup,2022,International,Screenshot 2026-05-18 145633.png,Lukas Klosterman DEM BEB Germ,Germany,standard,,2,0,66,0.7,0,0,0,0,0,0,0,true,
2022 World Cup,2022,International,Screenshot 2026-05-18 145633.png,Koke,Spain,standard,,2,0,9,0.1,0,0,0,0,0,0,0,true,
2022 World Cup,2022,International,Screenshot 2026-05-18 145633.png,Ismaél Koné,Canada,standard,,3,0,109,1.2,0,0,0,0,0,0,0,true,
2022 World Cup,2022,International,Screenshot 2026-05-18 145646.png,Filip Kostié,Serbia,standard,,2,2,0,0,20,0,20,0,0,0,0,true,
2022 World Cup,2022,International,Screenshot 2026-05-18 145646.png,Cheilhou Kouyaté,Senegal,standard,,1,1,9,0.1,0,0,0,0,0,0,0,true,
2022 World Cup,2022,International,Screenshot 2026-05-18 145646.png,Mateo Kovatié,Croatia,standard,,28,7,639,7.1,0,0,0,0,0,2,0,true,
2022 World Cup,2022,International,Screenshot 2026-05-18 145646.png,Andrej Kramarié,Croatia,standard,,30,14,89190,991,7,747453,747460,2,2,0,0,true,
2022 World Cup,2022,International,Screenshot 2026-05-18 145646.png,Tekefusa Kubo MrFW Japa,Japan,standard,,2,2,90,1,0,0,0,0,0,0,0,true,
2022 World Cup,2022,International,Screenshot 2026-05-18 145646.png,Mohammed Kudus MrFW EE hana,Ghana,standard,,3,3,247,2.7,2,0,2,0,0,1,73,true,
2022 World Cup,2022,International,Screenshot 2026-05-18 145646.png,Pierre Kunde,Cameroon,standard,,135,199,0,0,15,0,15,0,0,0,1,true,
2022 World Cup,2022,International,Screenshot 2026-05-18 145646.png,Garang Kuol,Australia,standard,,2,0,37,0.4,0,0,0,0,0,0,0,true,
2022 World Cup,2022,International,Screenshot 2026-05-18 145646.png,Daniel Kvereh FWMF BS Ghan,Ghana,standard,,196,3,297,3.3,4,0,4,0,0,0,0,true,
2022 World Cup,2022,International,Screenshot 2026-05-18 145646.png,Kwon Kyung-won,Korea Republic,standard,,192,2,819,9.1,10,0,10,0,0,0,0,true,
2022 World Cup,2022,International,Screenshot 2026-05-18 145646.png,Aisa Laidouni,Tunisia,standard,,3,3.243,27,0.3,1,1,2,4,0,0.37,0.37,true,
2022 World Cup,2022,International,Screenshot 2026-05-18 145646.png,Tarig Lamptey,Ghana,standard,,2,1,102,1.1,0,0,0,0,0,0,0,true,
2022 World Cup,2022,International,Screenshot 2026-05-18 145646.png,Noa Lang FWMF SS Neth,Netherlands,standard,,199,1,720,8,1,0,1,0,0,0,1,true,
2022 World Cup,2022,International,Screenshot 2026-05-18 145646.png,Cyle Larin,Canada,standard,,27,19,0,0,15,0,15,0,0,0,0,true,
2022 World Cup,2022,International,Screenshot 2026-05-18 145646.png,Richie Laryea,Canada,standard,,3,2,160,1.8,9,0,9,0,0,0,0,true,
2022 World Cup,2022,International,Screenshot 2026-05-18 145646.png,Darko Lazovié,Serbia,standard,,1,0,27,0.3,0,0,0,0,0,0,0,true,
2022 World Cup,2022,International,Screenshot 2026-05-18 145646.png,Rafael Ledo,Portugal,standard,,5,0,88,1,2,0,2,0,0,0,2.05,true,
2022 World Cup,2022,International,Screenshot 2026-05-18 145646.png,Mathew Leckie,Australia,standard,,4,4,333,3.7,1,1,2,0,0,0,0,true,
2022 World Cup,2022,International,Screenshot 2026-05-18 145646.png,Robert Lewandowski,Poland,standard,,4,4,360,4,2,1,3,1,2,0,0,true,
2022 World Cup,2022,International,Screenshot 2026-05-18 145646.png,Matthijs de Ligt,Netherlands,standard,,2,1,9,0.1,0,0,0,0,0,0,0,true,
2022 World Cup,2022,International,Screenshot 2026-05-18 145656.png,Jesper Lindstrom,Denmark,standard,,3,2,200,2.2,0,0,0,0,0,0,0,true,
2022 World Cup,2022,International,Screenshot 2026-05-18 145656.png,Marko Livaja,Croatia,standard,,6,3,241,2.7,1,1,2,0,0,37,0.37,true,
2022 World Cup,2022,International,Screenshot 2026-05-18 145656.png,Dominik Livakovié,Croatia,standard,,27,199,9,0.1,7.7,0,7.7,0,0,0,1,true,
2022 World Cup,2022,International,Screenshot 2026-05-18 145656.png,Marcos Lorente,Spain,standard,,1,1,120,1.3,0,0,0,0,0,0,0,true,
2022 World Cup,2022,International,Screenshot 2026-05-18 145656.png,Dejan Lovren,Croatia,standard,,9,6,9,0.1,67,0,67,0,0,0,1,true,
2022 World Cup,2022,International,Screenshot 2026-05-18 145656.png,Hirving Lozano,Mexico,standard,,3,3,252,2.8,0,0,0,0,0,0,0,true,
2022 World Cup,2022,International,Screenshot 2026-05-18 145656.png,Romelu Lukaku,Belgium,standard,,2,0,55,0.6,0,0,0,0,0,0,0,true,
2022 World Cup,2022,International,Screenshot 2026-05-18 145656.png,Saga Lukié,Serbia,standard,,3,3,245,2.7,0,0,0,0,0,2,0,true,
2022 World Cup,2022,International,Screenshot 2026-05-18 145656.png,Ali Magloul,Tunisia,standard,,1,1,90,1,0,0,0,0,0,0,0,true,
2022 World Cup,2022,International,Screenshot 2026-05-18 145656.png,Awer Mabil,Australia,standard,,1,199,0,0,2403,0,2403,0,0,0,0,true,
2022 World Cup,2022,International,Screenshot 2026-05-18 145656.png,Alexis Mac Allister,Argentina,standard,,6,6,550,6.1,1,1,2,0,0,0,0,true,
2022 World Cup,2022,International,Screenshot 2026-05-18 145656.png,Jamie Maclaren,Australia,standard,,13,3,495,5.5,6,0,6,0,0,0,0,true,
2022 World Cup,2022,International,Screenshot 2026-05-18 145656.png,Assim Madibo,Qatar,standard,,2,2,153,1.7,0,0,0,1,0,0,0,true,
2022 World Cup,2022,International,Screenshot 2026-05-18 145656.png,Abdullah Madu pF G saud,Saudi Arabia,standard,,1,0,45,0.5,0,0,0,0,0,4,0,true,
2022 World Cup,2022,International,Screenshot 2026-05-18 145656.png,Daizen Maeda,Japan,standard,,3,3,180,2,1,0,1,0,0,0,0.8,true,
2022 World Cup,2022,International,Screenshot 2026-05-18 145656.png,Harry Maguire,England,standard,,5,5,429,4.8,0,1,1,1,0,0,0.21,true,
2022 World Cup,2022,International,Screenshot 2026-05-18 145656.png,Lovro Majer,Croatia,standard,,7,1,130,1.4,1,0,1,0,0,0,0,true,
2022 World Cup,2022,International,Screenshot 2026-05-18 145656.png,Nemanja Maksimovié,Serbia,standard,,27,1,199,3,1122,14,1136,0,0,0,0,true,
2022 World Cup,2022,International,Screenshot 2026-05-18 145656.png,José Maria Giménez,Uruguay,standard,,3,3,270,3,9,0,9,0,0,0,0,true,
2022 World Cup,2022,International,Screenshot 2026-05-18 145656.png,Marquinhos,Brazil,standard,,19,4,9,0.1,47,0,47,0,0,0,1,true,
2022 World Cup,2022,International,Screenshot 2026-05-18 145656.png,Henry Martin,Mexico,standard,,2,214,90,1,0,4,4,0,62,0,0.62,true,
2022 World Cup,2022,International,Screenshot 2026-05-18 145705.png,Carlos Martinez,Costa Rica,standard,,19,1,405,4.5,5,0,5,0,0,0,0,true,
2022 World Cup,2022,International,Screenshot 2026-05-18 145705.png,Lautaro Martinez,Argentina,standard,,6,2,241,2.7,0,0,0,9,0,0,0,true,
2022 World Cup,2022,International,Screenshot 2026-05-18 145705.png,Lisandro Martinez,Argentina,standard,,5,2,303,3.4,0,0,0,0,0,4,0,true,
2022 World Cup,2022,International,Screenshot 2026-05-18 145705.png,Eric Maxim Choupo-Moting,Cameroon,standard,,3,3,253,2.8,1,0,1,0,0,0,0.36,true,
2022 World Cup,2022,International,Screenshot 2026-05-18 145705.png,Noussair Mazraoui,Morocco,standard,,197,5,9,0.1,41,0,41,0,0,0,0,true,
2022 World Cup,2022,International,Screenshot 2026-05-18 145705.png,Kylian Mbappé MEW fl Bl Fran,France,standard,,998,7,6598,6.6,8,2,10,2,2,0,0,true,
2022 World Cup,2022,International,Screenshot 2026-05-18 145705.png,Bryan Mbeumo FWMF MI Came,Cameroon,standard,,3,3,233,2.6,0,0,0,0,0,0,0,true,
2022 World Cup,2022,International,Screenshot 2026-05-18 145705.png,Riley McGree MEFW Bl Aust,Australia,standard,,4,4,265,2.9,0,1,1,0,0,0,0.34,true,
2022 World Cup,2022,International,Screenshot 2026-05-18 145705.png,Weston McKennie,United States,standard,,1,198,0,0,30,0,30,0,0,4,0,true,
2022 World Cup,2022,International,Screenshot 2026-05-18 145705.png,Hannibal Mejbri,Tunisia,standard,,1,0,9,0.1,0,0,0,0,0,0,0,true,
2022 World Cup,2022,International,Screenshot 2026-05-18 145705.png,Memphis,Netherlands,standard,,1.8,4,9,0.1,33,1,34,1,0,0,1,true,
2022 World Cup,2022,International,Screenshot 2026-05-18 145705.png,Nuno Mendes,Portugal,standard,,1,1,41,0.5,0,0,0,0,0,0,0,true,
2022 World Cup,2022,International,Screenshot 2026-05-18 145705.png,Jheason Méndez,Ecuador,standard,,2,2,180,2,0,0,0,0,0,2,0,true,
2022 World Cup,2022,International,Screenshot 2026-05-18 145705.png,Gideon Mensah,Ghana,standard,,1,1,87,1,0,2,2,0,9,0,0,true,
2022 World Cup,2022,International,Screenshot 2026-05-18 145705.png,Chris Mepham,Wales,standard,,3,3.27,30,0.3,0,0,0,0,1,0,0,true,
2022 World Cup,2022,International,Screenshot 2026-05-18 145705.png,Dries Mertens,Belgium,standard,,17,2,684,7.6,8,0,8,0,0,0,0,true,
2022 World Cup,2022,International,Screenshot 2026-05-18 145715.png,Nikola Milenkovig,Serbia,standard,,3,0,0,0,0,0,0,0,0,0,0,true,
2022 World Cup,2022,International,Screenshot 2026-05-18 145715.png,Sergei Milinkovié-Savié,Serbia,standard,,1,199,291,3.233,26,1,27,1,0,0,1,true,
2022 World Cup,2022,International,Screenshot 2026-05-18 145715.png,Liam Millar FWMF Bell Cana,Canada,standard,,1,0,9,0.1,0,0,0,0,0,0,0,true,
2022 World Cup,2022,International,Screenshot 2026-05-18 145715.png,Kamal Miller,Canada,standard,,3,3,270,3,0,0,0,0,0,1,0,true,
2022 World Cup,2022,International,Screenshot 2026-05-18 145715.png,Kim Min-jae,Korea Republic,standard,,3,3,269,3,0,0,0,0,0,0,0,true,
2022 World Cup,2022,International,Screenshot 2026-05-18 145715.png,Takumi Minamino FUME Japa,Japan,standard,,3,0,60,0.7,0,0,0,0,0,0,0,true,
2022 World Cup,2022,International,Screenshot 2026-05-18 145715.png,Kaoru Mitoma FUME Japa,Japan,standard,,4,0,165,1.8,0,1,1,0,0,0,0,true,
2022 World Cup,2022,International,Screenshot 2026-05-18 145715.png,Aleksandar Mitrovig,Serbia,standard,,27,33,262,2.9,2,0,2,0,0,1,0.69,true,
2022 World Cup,2022,International,Screenshot 2026-05-18 145715.png,Stefan Mitrovié,Serbia,standard,,190,1,315,3.5,4,0,4,0,0,0,0,true,
2022 World Cup,2022,International,Screenshot 2026-05-18 145715.png,Filip Mladenovié,Serbia,standard,,1,1,585,6.5,7,0,7,0,0,0,0,true,
2022 World Cup,2022,International,Screenshot 2026-05-18 145715.png,Luka Modrié,Croatia,standard,,7,7.65373,0,0,0,0,0,1,0,0,0,true,
2022 World Cup,2022,International,Screenshot 2026-05-18 145715.png,Ismaeel Mohammad,Qatar,standard,,1,190,0,0,19,0,19,0,0,0,1,true,
2022 World Cup,2022,International,Screenshot 2026-05-18 145715.png,Nahvel Molina,Argentina,standard,,24.1,7,9,0.1,63,1,64,1,0,0,0,true,
2022 World Cup,2022,International,Screenshot 2026-05-18 145715.png,César Montes,Mexico,standard,,3,3,270,3,0,1,1,0,0,0,0.33,true,
2022 World Cup,2022,International,Screenshot 2026-05-18 145715.png,Kim Moonhwan,Korea Republic,standard,,4,4,360,4,0,0,0,0,0,0,0,true,
2022 World Cup,2022,International,Screenshot 2026-05-18 145715.png,Kieffer Moore,Wales,standard,,3,2,225,2.5,0,0,0,0,0,0,0,true,
2022 World Cup,2022,International,Screenshot 2026-05-18 145715.png,Shag Moore,United States,standard,,1,196,0,0,22021,0,22021,0,0,0,0,true,
2022 World Cup,2022,International,Screenshot 2026-05-18 145715.png,Aaron Mooy,Australia,standard,,4,4,360,4,0,0,0,0,0,1,0,true,
2022 World Cup,2022,International,Screenshot 2026-05-18 145715.png,Alvaro Morata,Spain,standard,,9,2,0,0,21,3,24,3,0,0,0,true,
2022 World Cup,2022,International,Screenshot 2026-05-18 145723.png,Hidemasa Morita,Japan,standard,,3,3,285,3.2,0,0,0,0,0,0,0,true,
2022 World Cup,2022,International,Screenshot 2026-05-18 145723.png,Joe Morrell FWMF di Wale,Wales,standard,,3,197,0,0,33,4,37,0,0,0,0,true,
2022 World Cup,2022,International,Screenshot 2026-05-18 145723.png,Jordan Morris,United States,standard,,2,0,400,4.4,0,0,0,0,0,0,0,true,
2022 World Cup,2022,International,Screenshot 2026-05-18 145723.png,Youssoufa Moukoko,Germany,standard,,17,0,0,0,100,0,100,0,0,0,0,true,
2022 World Cup,2022,International,Screenshot 2026-05-18 145723.png,Mason Mount,England,standard,,4,2,186,2.1,0,0,0,0,0,0,0,true,
2022 World Cup,2022,International,Screenshot 2026-05-18 145723.png,Thomas Miller FWMF Mill Germ,Germany,standard,,3,3,201,2.2,0,0,0,0,0,0,0,true,
2022 World Cup,2022,International,Screenshot 2026-05-18 145723.png,Munir,Morocco,standard,,9,1,810,9,10,0,10,0,0,0,0,true,
2022 World Cup,2022,International,Screenshot 2026-05-18 145723.png,Mohammed Muntari,Qatar,standard,,3,0,63,0.7,1,0,1,0,0,143,0,true,
2022 World Cup,2022,International,Screenshot 2026-05-18 145723.png,Yunus Musah,United States,standard,,4,4,343,3.8,0,0,0,0,0,0,0,true,
2022 World Cup,2022,International,Screenshot 2026-05-18 145723.png,Joakim Mechle,Denmark,standard,,3,3,249,2.8,0,0,0,0,0,0,0,true,
2022 World Cup,2022,International,Screenshot 2026-05-18 145723.png,Georaes-Kévin N'Koudou,Cameroon,standard,,19,2,243,2.7,3,0,3,0,0,0,0,true,
2022 World Cup,2022,International,Screenshot 2026-05-18 145723.png,Yuto Nagatomo MFDF Japa,Japan,standard,,35,1,360,4,209,23,232,0,0,0,0,true,
2022 World Cup,2022,International,Screenshot 2026-05-18 145723.png,Sami Al-Najei,Saudi Arabia,standard,,1,1,45,0.5,0,0,0,0,0,0,0,true,
2022 World Cup,2022,International,Screenshot 2026-05-18 145723.png,Keylor Navas,Costa Rica,standard,,1,3,0,0,30,0,30,0,0,0,0,true,
2022 World Cup,2022,International,Screenshot 2026-05-18 145723.png,lliman Ndiaye MFFW BM Sene,Senegal,standard,,3,2,135,1.5,0,1,1,0,0,0.67,0.67,true,
2022 World Cup,2022,International,Screenshot 2026-05-18 145723.png,Victor Nelsson,Denmark,standard,,1,1,90,1,0,0,0,0,0,0,0,true,
2022 World Cup,2022,International,Screenshot 2026-05-18 145723.png,Manuel Never,Germany,standard,,3,3,270,3,9,0,9,0,0,0,0,true,
2022 World Cup,2022,International,Screenshot 2026-05-18 145723.png,Moumi Noamaleu,Cameroon,standard,,2,1,95,1.1,0,0,0,0,0,0,0,true,
2022 World Cup,2022,International,Screenshot 2026-05-18 145723.png,Jerome Ngom Mbekeli,Cameroon,standard,,1,1,0,0,0,0,0,0,0,0,0,true,
2022 World Cup,2022,International,Screenshot 2026-05-18 145723.png,Nicolas Nkoulou,Cameroon,standard,,2,2,180,2,0,1,1,0,0,4,0,true,
2022 World Cup,2022,International,Screenshot 2026-05-18 145731.png,Olivier Ntcham,Cameroon,standard,,2,1,225,2.5,3,0,3,0,0,0,0,true,
2022 World Cup,2022,International,Screenshot 2026-05-18 145731.png,Matheus Nunes,Portugal,standard,,23,198,90,1,7308,0,7308,0,0,0,0,true,
2022 World Cup,2022,International,Screenshot 2026-05-18 145731.png,Darwin Nez,Uruguay,standard,,33,240,0,0,0,0,0,0,1,0,0,true,
2022 World Cup,2022,International,Screenshot 2026-05-18 145731.png,Christian Norgaard,Denmark,standard,,1,0,9,0.1,0,0,0,0,0,0,0,true,
2022 World Cup,2022,International,Screenshot 2026-05-18 145731.png,Guillermo Ochoa,Mexico,standard,,19,3,270,3,0,0,0,0,0,0,0,true,
2022 World Cup,2022,International,Screenshot 2026-05-18 145731.png,Denis Odoi,Ghana,standard,,1,1,117,1.3,1,0,1,0,0,0,0,true,
2022 World Cup,2022,International,Screenshot 2026-05-18 145731.png,Noah Okafor FUME EI Swit,Switzerland,standard,,3,0,45,0.5,0,0,0,40,0,0,0,true,
2022 World Cup,2022,International,Screenshot 2026-05-18 145731.png,Dani Olmo,Spain,standard,,4,4.367,41,1,1,2,3,0,0,0,25,true,
2022 World Cup,2022,International,Screenshot 2026-05-18 145731.png,Amadou Onana,Belgium,standard,,20,1,0,0,12,0,12,0,2,0,0,true,
2022 World Cup,2022,International,Screenshot 2026-05-18 145731.png,Gael Ondoua,Cameroon,standard,,2,0,0,0,0,0,0,0,0,0,0,true,
2022 World Cup,2022,International,Screenshot 2026-05-18 145731.png,Mislav Ordié,Croatia,standard,,2,6,558,6.2,18,1,19,1,0,0,0,true,
2022 World Cup,2022,International,Screenshot 2026-05-18 145731.png,Jonathan Osorio,Canada,standard,,1,192,0,0,13,0,13,0,0,0,1,true,
2022 World Cup,2022,International,Screenshot 2026-05-18 145731.png,Otévio,Portugal,standard,,3,3,196,2.21,0,0,0,0,0,0,0,true,
2022 World Cup,2022,International,Screenshot 2026-05-18 145731.png,Samuel Oum Gouet,Cameroon,standard,,24,1,9,0.1,11,0,11,0,0,0,0,true,
2022 World Cup,2022,International,Screenshot 2026-05-18 145731.png,Azzedine Ounahi MFM Moro,Morocco,standard,,7,6,568,6.3,0,0,0,0,0,1,0,true,
2022 World Cup,2022,International,Screenshot 2026-05-18 145739.png,Joo Palhinha,Portugal,standard,,26,199,0,0,3804,0,3804,0,0,0,0,true,
2022 World Cup,2022,International,Screenshot 2026-05-18 145739.png,Lucas Paqueté,Brazil,standard,,24,997,0,0,35,1,36,1,0,0,0,true,
2022 World Cup,2022,International,Screenshot 2026-05-18 145739.png,Thomas Partey,Ghana,standard,,3,3,270,3,9,0,9,0,0,0,0,true,
2022 World Cup,2022,International,Screenshot 2026-05-18 145739.png,Mario PaSalié,Croatia,standard,,7,2,271,3,0,0,0,0,0,0,0,true,
2022 World Cup,2022,International,Screenshot 2026-05-18 145739.png,Strahinja Pavlovie,Serbia,standard,,3,3,235,2.6,1,0,1,0,0,2,0,true,
2022 World Cup,2022,International,Screenshot 2026-05-18 145739.png,Pedro,Brazil,standard,,2,0,64,0.7,0,0,0,0,0,0,0,true,
2022 World Cup,2022,International,Screenshot 2026-05-18 145739.png,Pepe,Portugal,standard,,4,4,360,4,1,0,1,0,0,0,0,true,
2022 World Cup,2022,International,Screenshot 2026-05-18 145739.png,Danilo Pereira,Portugal,standard,,1,1,90,1,0,0,0,0,0,0,0,true,
2022 World Cup,2022,International,Screenshot 2026-05-18 145739.png,Ivan Perigié FWMF SEE Croa,Croatia,standard,,7,97,669,7.4,1,3,4,0,0,0,4,true,
2022 World Cup,2022,International,Screenshot 2026-05-18 145739.png,Bruno Petkovié,Croatia,standard,,27,123,540,6,123426,1,123427,2,0,1,0,true,
2022 World Cup,2022,International,Screenshot 2026-05-18 145739.png,Kalvin Phillips,England,standard,,2,0,0,0,0,1,1,0,0,0,0,true,
2022 World Cup,2022,International,Screenshot 2026-05-18 145739.png,Krzysztof Piatek,Poland,standard,,2,0,27,0.3,0,0,0,0,0,0,0,true,
2022 World Cup,2022,International,Screenshot 2026-05-18 145739.png,Jordan Pickford,England,standard,,28,1,9,0.1,50,0,50,0,0,0,0,true,
2022 World Cup,2022,International,Screenshot 2026-05-18 145739.png,Orbelin Pineda,Mexico,standard,,26,1.355,96,1,1,7608,7609,0,0,0,0,true,
2022 World Cup,2022,International,Screenshot 2026-05-18 145739.png,Gonzalo Plata,Ecuador,standard,,3,3,269,3,0,0,0,0,0,0,0,true,
2022 World Cup,2022,International,Screenshot 2026-05-18 145739.png,Jackson Porozo,Ecuador,standard,,2,1,96,1.1,0,0,0,0,0,0,0,true,
2022 World Cup,2022,International,Screenshot 2026-05-18 145739.png,Morteze Pouraliganii,IR Iran,standard,,3,3.27,30,0.3,0,0,0,1,0,0,0,true,
2022 World Cup,2022,International,Screenshot 2026-05-18 145739.png,Angelo Preciado RMF ly Ecua,Ecuador,standard,,3,3,264,2.9,0,1,1,0,0,0,0.34,true,
2022 World Cup,2022,International,Screenshot 2026-05-18 145739.png,Christian Pulisic FWMF MB Unit,United States,standard,,4,4,315,3.5,1,2,3,0,0,0,0.29,true,
2022 World Cup,2022,International,Screenshot 2026-05-18 145753.png,Nemanja Radonjié,Serbia,standard,,3,0,60,0.7,0,0,0,0,0,0,0,true,
2022 World Cup,2022,International,Screenshot 2026-05-18 145753.png,Baba Rahman MFOF HZ Ghan,Ghana,standard,,3,2,183,2,0,0,0,0,0,0,0,true,
2022 World Cup,2022,International,Screenshot 2026-05-18 145753.png,Goncalo Ramos,Portugal,standard,,4,2,152,1.7,3,1,4,0,0,0,1.78,true,
2022 World Cup,2022,International,Screenshot 2026-05-18 145753.png,Aaron Ramsey,Wales,standard,,3,3,266,3,0,0,0,0,0,4,0,true,
2022 World Cup,2022,International,Screenshot 2026-05-18 145753.png,Marcus Rashford,England,standard,,5,1,140,1.6,3,0,3,0,0,0,1.93,true,
2022 World Cup,2022,International,Screenshot 2026-05-18 145753.png,Tim Ream,United States,standard,,4,4,360,4,0,0,0,0,0,4,0,true,
2022 World Cup,2022,International,Screenshot 2026-05-18 145753.png,Djorkseff Reasco,Ecuador,standard,,1,0,27,0.3,0,0,0,0,0,0,0,true,
2022 World Cup,2022,International,Screenshot 2026-05-18 145753.png,Gio Reyna,United States,standard,,2,0,83,0.6,0,0,0,0,0,0,0,true,
2022 World Cup,2022,International,Screenshot 2026-05-18 145753.png,Ramin Rezacian,IR Iran,standard,,2,2,180,2,1,0,1,0,4,0,80,true,
2022 World Cup,2022,International,Screenshot 2026-05-18 145753.png,Declan Rice,England,standard,,5,5,417,4.6,0,0,0,0,0,0,0,true,
2022 World Cup,2022,International,Screenshot 2026-05-18 145753.png,Fabien Rieder,Switzerland,standard,,2,1,68,0.8,0,0,0,0,0,1,0,true,
2022 World Cup,2022,International,Screenshot 2026-05-18 145753.png,Connor Roberts,Wales,standard,,199,3,0,0,22,0,22,0,0,0,0,true,
2022 World Cup,2022,International,Screenshot 2026-05-18 145753.png,Antonee Robinson,United States,standard,,4,4,359,4,0,0,0,0,0,0,0,true,
2022 World Cup,2022,International,Screenshot 2026-05-18 145753.png,Joe Rodon,Wales,standard,,197,3,270,3,0,0,0,0,0,4,0,true,
2022 World Cup,2022,International,Screenshot 2026-05-18 145753.png,Rodri,Spain,standard,,4,4,390,4.3,0,0,0,0,0,0,0,true,
2022 World Cup,2022,International,Screenshot 2026-05-18 145753.png,Charly Rodriquez,Mexico,standard,,2,0,0,0,0,0,0,0,0,0,0,true,
2022 World Cup,2022,International,Screenshot 2026-05-18 145753.png,Kevin Rodriguez,Ecuador,standard,,2,0,0,0,0,0,0,0,0,0,0,true,
2022 World Cup,2022,International,Screenshot 2026-05-18 145803.png,Rodrygo,Brazil,standard,,5,1,181,2,0,1,1,0,0,0,0,true,
2022 World Cup,2022,International,Screenshot 2026-05-18 145803.png,Mohamed Ali Ben Romdhane,Tunisia,standard,,198,1,657,7.3,8,0,8,0,0,0,0,true,
2022 World Cup,2022,International,Screenshot 2026-05-18 145803.png,Cristian Romero,Argentina,standard,,7,6,547,6.1,9,0,9,0,2,0,0,true,
2022 World Cup,2022,International,Screenshot 2026-05-18 145803.png,Marten de Roon,Netherlands,standard,,5,3,184,2,0,0,0,0,0,0,0,true,
2022 World Cup,2022,International,Screenshot 2026-05-18 145803.png,Kye Rowles,Australia,standard,,4,4,360,4,0,0,0,0,0,0,0,true,
2022 World Cup,2022,International,Screenshot 2026-05-18 145803.png,Antonio Rudiger,Germany,standard,,3,3,270,3,9,0,9,0,0,0,0,true,
2022 World Cup,2022,International,Screenshot 2026-05-18 145803.png,Mathew Ryan,Australia,standard,,4,4,360,4,0,0,0,0,0,0,0,true,
2022 World Cup,2022,International,Screenshot 2026-05-18 145803.png,Abdelhamid Sabiri,Morocco,standard,,5,2,181,2,0,1,1,1,0,0,0.5,true,
2022 World Cup,2022,International,Screenshot 2026-05-18 145803.png,Romain Saiss,Morocco,standard,,190,6,9,0.1,5.2,1,6.2,1,0,0,1,true,
2022 World Cup,2022,International,Screenshot 2026-05-18 145803.png,Buksyo Saka FWMF P Engl,England,standard,,4,4,288,3.2,3,0,3,0,0,0,0,true,
2022 World Cup,2022,International,Screenshot 2026-05-18 145803.png,Hiroki Sakai,Japan,standard,,1,190,0,0,13,0,13,0,0,0,0,true,
2022 World Cup,2022,International,Screenshot 2026-05-18 145803.png,Youstin Salas,Costa Rica,standard,,2,0,47,0.5,0,0,0,0,0,0,0,true,
2022 World Cup,2022,International,Screenshot 2026-05-18 145803.png,Alex Sandro,Brazil,standard,,3,2,199,2.1,9,0,9,0,0,0,0,true,
2022 World Cup,2022,International,Screenshot 2026-05-18 145803.png,Leroy Sané,Germany,standard,,1,0,996,2,1111,12,1123,1,0,0,0,true,
2022 World Cup,2022,International,Screenshot 2026-05-18 145803.png,Ns Sang-ho,Korea Republic,standard,,1,96,0,0,13,0,13,0,0,0,0,true,
2022 World Cup,2022,International,Screenshot 2026-05-18 145803.png,Pablo Sarab,Saudi Arabia,standard,,2,1,270,3,0,0,0,0,0,0,0,true,
2022 World Cup,2022,International,Screenshot 2026-05-18 145803.png,Josh Sargent,United States,standard,,3,2,187,1.7,0,0,0,0,0,0,0,true,
2022 World Cup,2022,International,Screenshot 2026-05-18 145803.png,Jeremy Sarmiento,Ecuador,standard,,3,0,85,0.9,0,0,0,0,0,0,0,true,
2022 World Cup,2022,International,Screenshot 2026-05-18 145811.png,Ismaila Sarr MFFW BM Sene,Senegal,standard,,4,434438,0,0,1,1,2,0.26,0,0.26,0,true,
2022 World Cup,2022,International,Screenshot 2026-05-18 145811.png,Ferjani Sassi DFM KEM Tuni,Tunisia,standard,,2,0,48,0.5,0,0,0,0,0,1,0,true,
2022 World Cup,2022,International,Screenshot 2026-05-18 145811.png,Nico Schlotterbeck,Germany,standard,,22.1,2,846,9.4,10,0,10,0,0,0,0,true,
2022 World Cup,2022,International,Screenshot 2026-05-18 145811.png,Kasper Schmeichel,Denmark,standard,,3,3,270,3,0,0,0,0,0,0,0,true,
2022 World Cup,2022,International,Screenshot 2026-05-18 145811.png,Haris Seferovié,Switzerland,standard,,3,0,71,0.8,0,0,0,0,0,0,0,true,
2022 World Cup,2022,International,Screenshot 2026-05-18 145811.png,Alidu Seidu MDF Ed Ghan,Ghana,standard,,2,2,155,1.7,0,0,0,0,2,0,0,true,
2022 World Cup,2022,International,Screenshot 2026-05-18 145811.png,Paik Seung-ho,Korea Republic,standard,,1,0,27,0.3,1,0,1,0,0,0,346,true,
2022 World Cup,2022,International,Screenshot 2026-05-18 145811.png,Yasser Al-Shahrani,Saudi Arabia,standard,,30,1,90,1,9,10,19,0,0,0,0,true,
2022 World Cup,2022,International,Screenshot 2026-05-18 145811.png,Saleh Al-shehri,Saudi Arabia,standard,,28,1,33223,2.5,1,0,1,0,0,1,40,true,
2022 World Cup,2022,International,Screenshot 2026-05-18 145811.png,André Silva,Portugal,standard,,1,0,27,0.3,0,0,0,0,0,0,0,true,
2022 World Cup,2022,International,Screenshot 2026-05-18 145811.png,Anténio Silva,Portugal,standard,,1,1,90,1,0,0,0,40,0,0,0,true,
2022 World Cup,2022,International,Screenshot 2026-05-18 145811.png,Bernardo Silva,Portugal,standard,,27,54356,40,0.4,0,0,0,0,0,0,0,true,
2022 World Cup,2022,International,Screenshot 2026-05-18 145811.png,Thiago Silva,Brazil,standard,,37,19,0,0,43,0,43,0,0,0,0,true,
2022 World Cup,2022,International,Screenshot 2026-05-18 145811.png,Unai Simén ck Hi spai,Spain,standard,,4,4,390,4.3,0,0,0,0,0,0,0,true,
2022 World Cup,2022,International,Screenshot 2026-05-18 145811.png,Xavi Simons,Netherlands,standard,,1,0,9,0.1,0,0,0,440,0,0,0,true,
2022 World Cup,2022,International,Screenshot 2026-05-18 145811.png,Ellves Skhiti we RM tuni,Tunisia,standard,,3,3,270,3,0,0,0,0,0,0,0,true,
2022 World Cup,2022,International,Screenshot 2026-05-18 145820.png,Naim Sitti,Tunisia,standard,,2,1,114,1.3,0,0,0,0,0,0,0,true,
2022 World Cup,2022,International,Screenshot 2026-05-18 145820.png,Carlos Soler,Spain,standard,,19,197,0,0,92,10,102,1,1,0,0,true,
2022 World Cup,2022,International,Screenshot 2026-05-18 145820.png,Yuki Soma,Japan,standard,,1,197,90,1,8109,0,8109,0,0,0,0,true,
2022 World Cup,2022,International,Screenshot 2026-05-18 145820.png,Borna Sosa,Croatia,standard,,5,5,424,4.7,0,0,0,0,0,0,0,true,
2022 World Cup,2022,International,Screenshot 2026-05-18 145820.png,Harry Souttar,Australia,standard,,4,4,360,4,0,0,0,0,0,0,0,true,
2022 World Cup,2022,International,Screenshot 2026-05-18 145820.png,Djibril Sow,Switzerland,standard,,4,426429,90,1,1,0,1,0,0.34,0.34,0,true,
2022 World Cup,2022,International,Screenshot 2026-05-18 145820.png,Renato Steffen FWMF EE Swit,Switzerland,standard,,1,1,288,3.2,4,0,4,0,0,0,0,true,
2022 World Cup,2022,International,Screenshot 2026-05-18 145820.png,Raheem Sterling MRFW P Engl,England,standard,,27,30,0,0,17,1,18,1,0,0,60,true,
2022 World Cup,2022,International,Screenshot 2026-05-18 145820.png,John Stones,England,standard,,5,5,434,4.8,0,0,0,0,0,0,0,true,
2022 World Cup,2022,International,Screenshot 2026-05-18 145820.png,Luis Suérez,Uruguay,standard,,35,125,9,0.1,16,0,16,0,0,0,1,true,
2022 World Cup,2022,International,Screenshot 2026-05-18 145820.png,Niklas Sule,Germany,standard,,3,3,269,3,0,0,0,0,0,0,0,true,
2022 World Cup,2022,International,Screenshot 2026-05-18 145820.png,Kemaldeen Sulemana FWMF ES hana,Ghana,standard,,2,0,88,0.6,0,0,0,0,1,0,0,true,
2022 World Cup,2022,International,Screenshot 2026-05-18 145820.png,Josip Sutalo,Croatia,standard,,1,190,9,0.1,0,0,0,0,0,0,0,true,
2022 World Cup,2022,International,Screenshot 2026-05-18 145820.png,Wojciech Szczesny,Poland,standard,,4,4,360,4,0,0,0,0,0,0,0,true,
2022 World Cup,2022,International,Screenshot 2026-05-18 145820.png,Duan Tadié MrFW RM Serb,Serbia,standard,,33,1,33.257,2.8,0,2,2,0,0,0,0,true,
2022 World Cup,2022,International,Screenshot 2026-05-18 145820.png,Montessar Talbi,Tunisia,standard,,3,3.27,30,0.3,0,0,0,0,0,0,0,true,
2022 World Cup,2022,International,Screenshot 2026-05-18 145820.png,Hassan Al Tambalti,Saudi Arabia,standard,,2,2.18,18,0.2,0,1,1,0,0,0,0,true,
2022 World Cup,2022,International,Screenshot 2026-05-18 145820.png,Ao Tanake,Japan,standard,,2,0,998,3,2171,19,2190,1,1,0,0,true,
2022 World Cup,2022,International,Screenshot 2026-05-18 145828.png,Shogo Taniguchi,Japan,standard,,1,2,0,0,23,0,23,0,0,0,1,true,
2022 World Cup,2022,International,Screenshot 2026-05-18 145828.png,Mehdi Taremi FWMF IS IR I,IR Iran,standard,,3,327030,90,1,3,1,4,0,0.67,0.33,1,true,
2022 World Cup,2022,International,Screenshot 2026-05-18 145828.png,Yeltsin Tejeda,Costa Rica,standard,,92,3,0,0,30,1,31,1,0,0,0,true,
2022 World Cup,2022,International,Screenshot 2026-05-18 145828.png,Alex Telles,Brazil,standard,,2,1,9,0.1,0,0,0,0,0,0,0,true,
2022 World Cup,2022,International,Screenshot 2026-05-18 145828.png,Sorba Thomas FWMF di Wale,Wales,standard,,0,999,0,0,1,0,1,0,0,0,0,true,
2022 World Cup,2022,International,Screenshot 2026-05-18 145828.png,Kerl Toko Ekambi,Cameroon,standard,,3,2,166,1.8,0,0,0,0,0,0,0,true,
2022 World Cup,2022,International,Screenshot 2026-05-18 145828.png,Nouhou Tolo,Cameroon,standard,,197,3,270,3,0,0,0,0,0,4,0,true,
2022 World Cup,2022,International,Screenshot 2026-05-18 145828.png,Tekehiro Tomivasu,Japan,standard,,3,1,187,2.1,0,0,0,0,0,0,0,true,
2022 World Cup,2022,International,Screenshot 2026-05-18 145828.png,Mehdi Torabi,IR Iran,standard,,3,0,9,0.1,0,0,0,0,0,0,0,true,
2022 World Cup,2022,International,Screenshot 2026-05-18 145828.png,Félix Torres Caicedo,Ecuador,standard,,3,3.27,30,0.3,1,1,2,0,0,0.33,0.33,true,
2022 World Cup,2022,International,Screenshot 2026-05-18 145828.png,Ferrin Torres,Spain,standard,,4,3.217,180,2,0,2,2,2,0,0,0.83,true,
2022 World Cup,2022,International,Screenshot 2026-05-18 145828.png,Pau Torres,Spain,standard,,1,1,90,1,0,0,0,0,0,0,0,true,
2022 World Cup,2022,International,Screenshot 2026-05-18 145828.png,Kieran Trippier,England,standard,,3,2,206,2.3,0,0,0,0,0,0,0,true,
2022 World Cup,2022,International,Screenshot 2026-05-18 145828.png,Leandro Trossard,Belgium,standard,,4,3,0,0,11,0,11,0,0,0,0,true,
2022 World Cup,2022,International,Screenshot 2026-05-18 145828.png,Matt Turmer,United States,standard,,1,14,360,4,360,40,400,0,0,0,0,true,
2022 World Cup,2022,International,Screenshot 2026-05-18 145828.png,Ayase Ueda,Japan,standard,,1,1,45,0.5,0,0,0,0,0,0,0,true,
2022 World Cup,2022,International,Screenshot 2026-05-18 145828.png,Hwang Ui-io,Korea Republic,standard,,4,1,106,1.2,0,0,0,0,0,0,0,true,
2022 World Cup,2022,International,Screenshot 2026-05-18 145828.png,Enner Valencia,Ecuador,standard,,32,1,293,3.255,28,3,31,2,1,1,0,true,
2022 World Cup,2022,International,Screenshot 2026-05-18 145836.png,Federico Valverde,Uruguay,standard,,3,3,270,3,0,0,0,0,0,0,0,true,
2022 World Cup,2022,International,Screenshot 2026-05-18 145836.png,Virgil van Diik,Netherlands,standard,,1,5,9,0.1,53,0,53,0,0,0,0,true,
2022 World Cup,2022,International,Screenshot 2026-05-18 145836.png,Guillermo Varela,Uruguay,standard,,3,2,183,2,0,0,0,0,0,0,0,true,
2022 World Cup,2022,International,Screenshot 2026-05-18 145836.png,Ruben Vargas MrFW FE Swit,Switzerland,standard,,4,94,285,3.2,0,1,1,0,0,1,0.32,true,
2022 World Cup,2022,International,Screenshot 2026-05-18 145836.png,Matias Vecino,Uruguay,standard,,19,1,0,0,22,0,22,0,0,0,0,true,
2022 World Cup,2022,International,Screenshot 2026-05-18 145836.png,Alexis Vega FMF Bll Mexi,Mexico,standard,,24,197,287,3.193,21,0,21,0,0,0,0,true,
2022 World Cup,2022,International,Screenshot 2026-05-18 145836.png,MiloS Veljikovié,Serbia,standard,,199,3,0,0,25,0,25,0,0,0,0,true,
2022 World Cup,2022,International,Screenshot 2026-05-18 145836.png,Johan Venegas,Costa Rica,standard,,1,1,73,0.8,0,0,0,0,0,0,0,true,
2022 World Cup,2022,International,Screenshot 2026-05-18 145836.png,Matis Vifia,Uruguay,standard,,2,0,18,0.2,0,0,0,0,0,0,0,true,
2022 World Cup,2022,International,Screenshot 2026-05-18 145836.png,Vitinha,Portugal,standard,,3,1,120,1.3,0,0,0,0,1,0,0,true,
2022 World Cup,2022,International,Screenshot 2026-05-18 145836.png,Steven Vitéria,Canada,standard,,1,17,294,3.27,30,0,30,0,0,0,1,true,
2022 World Cup,2022,International,Screenshot 2026-05-18 145836.png,Dugan Vishovié,Serbia,standard,,2,1,79,0.9,1,0,1,0,0,0,4,true,
2022 World Cup,2022,International,Screenshot 2026-05-18 145836.png,Nikola Vissi,Croatia,standard,,6,1,209,2.3,0,0,0,0,0,0,0,true,
2022 World Cup,2022,International,Screenshot 2026-05-18 145836.png,Kyle Walker,England,standard,,3,3,236,2.6,0,0,0,0,0,0,0,true,
2022 World Cup,2022,International,Screenshot 2026-05-18 145836.png,Danny Ward CK i Wale,Wales,standard,,2,1,94,1,0,0,0,0,0,0,0,true,
2022 World Cup,2022,International,Screenshot 2026-05-18 145836.png,Kendall Waston,Costa Rica,standard,,3,2,225,2.5,0,0,0,0,0,0,0,true,
2022 World Cup,2022,International,Screenshot 2026-05-18 145836.png,Timothy Weah,United States,standard,,4,4,316,3.5,1,0,1,0,0,0,0,true,
2022 World Cup,2022,International,Screenshot 2026-05-18 145836.png,Silvan Widmer,Switzerland,standard,,3,3,265,2.9,0,1,1,1,0,0,0.34,true,
2022 World Cup,2022,International,Screenshot 2026-05-18 145836.png,Ifaki Williams,Ghana,standard,,3,271,194,2.2,30,0,30,0,0,0,0,true,
2022 World Cup,2022,International,Screenshot 2026-05-18 145848.png,Neco Williams RMF iy Wale,Wales,standard,,3,3,204,2.3,0,0,0,0,0,0,0,true,
2022 World Cup,2022,International,Screenshot 2026-05-18 145848.png,Nico Williams,Spain,standard,,4,1,146,1.6,0,0,0,0,0,0,0,true,
2022 World Cup,2022,International,Screenshot 2026-05-18 145848.png,Callum Wilson,England,standard,,2,4,805,8.9,1,14,15,0,0,1.87,1.87,true,
2022 World Cup,2022,International,Screenshot 2026-05-18 145848.png,Harry wilson,Wales,standard,,3,2,160,1.8,0,0,0,0,0,0,0,true,
2022 World Cup,2022,International,Screenshot 2026-05-18 145848.png,Axel Witsel,Belgium,standard,,3,3,270,3,9,0,9,0,0,0,0,true,
2022 World Cup,2022,International,Screenshot 2026-05-18 145848.png,Jeong Woo-yeong,Korea Republic,standard,,1,199,90,1,45,5,50,0,0,0,0,true,
2022 World Cup,2022,International,Screenshot 2026-05-18 145848.png,Jung Woo-voung,Korea Republic,standard,,1,19,0,0,34,0,34,0,0,0,2,true,
2022 World Cup,2022,International,Screenshot 2026-05-18 145848.png,Christopher Wooh,Cameroon,standard,,20,1,90,1,90,10,100,0,0,0,0,true,
2022 World Cup,2022,International,Screenshot 2026-05-18 145848.png,David Wotherspoon,Canada,standard,,1,15,0,0,0,0,0,0,0,0,0,true,
2022 World Cup,2022,International,Screenshot 2026-05-18 145848.png,Bailey Wrioht,Australia,standard,,2,2,0,0,1702,0,1702,0,0,0,0,true,
2022 World Cup,2022,International,Screenshot 2026-05-18 145848.png,Haji Wright,United States,standard,,1,4,1137,1.5,1,0,1,0,0,0,0,true,
2022 World Cup,2022,International,Screenshot 2026-05-18 145848.png,Granit xhake,Switzerland,standard,,4,4,360,4,0,0,0,0,0,4,0,true,
2022 World Cup,2022,International,Screenshot 2026-05-18 145848.png,Miki Yamane,Japan,standard,,1,1,61,0.7,0,0,0,0,0,1,0,true,
2022 World Cup,2022,International,Screenshot 2026-05-18 145848.png,Jawad El Yamia,Morocco,standard,,6,3,309,3.4,0,0,0,0,0,0,0,true,
2022 World Cup,2022,International,Screenshot 2026-05-18 145848.png,DeAndre Yedlin DE,United States,standard,,2,0,33,0.4,0,0,0,0,0,0,0,true,
2022 World Cup,2022,International,Screenshot 2026-05-18 145848.png,Maya Yoshida,Japan,standard,,4,4,390,4.3,0,1,1,1,0,0,0.23,true,
2022 World Cup,2022,International,Screenshot 2026-05-18 145848.png,Kim Young-awon,Korea Republic,standard,,4,4,350,3.9,1,0,1,0,0,1,0,true,
2022 World Cup,2022,International,Screenshot 2026-05-18 145848.png,Cho Yumin,Korea Republic,standard,,2,196,0,0,100,0,100,0,0,0,0,true,
2022 World Cup,2022,International,Screenshot 2026-05-18 145848.png,Denis Zakaria,Switzerland,standard,,2,0,59.07,0.7,0,0,0,0,0,0,0,true,
2022 World Cup,2022,International,Screenshot 2026-05-18 145848.png,Nicola Zalewski,Poland,standard,,2,1,65,0.7,0,0,0,0,0,0,0,true,
2022 World Cup,2022,International,Screenshot 2026-05-18 145848.png,Andre-Frank Zambo Anquissa,Cameroon,standard,,199,3,0,0,29,0,29,0,0,0,0,true,
2022 World Cup,2022,International,Screenshot 2026-05-18 145856.png,Walker Zimmerman,United States,standard,,29,1,0,0,31,0,31,0,0,0,0,true,
2022 World Cup,2022,International,Screenshot 2026-05-18 145856.png,Andrija Zivkovig,Serbia,standard,,135,3,0,0,23,0,23,0,0,0,0,true,
2022 World Cup,2022,International,Screenshot 2026-05-18 145856.png,Hakim Zivech FUME Ml Moro,Morocco,standard,,29,1,9,0.1,71,2,73,1,0,0,0,true,
2022 World Cup,2022,International,Screenshot 2026-05-18 145856.png,Filip Duritié FUME KE Serb,Serbia,standard,,30,1,126,1.4,2,0,2,0,0,0,0,true,
2018 World Cup,2018,International,Screenshot 2026-05-18 150545.png,Johnny Acosta,Costa Rica,standard,,3,3,270,3,0,0,0,0,0,1,0,true,
2018 World Cup,2018,International,Screenshot 2026-05-18 150545.png,Sergio Aguero,Argentina,standard,,4,2,179,2,2,2,4,0,1.01,0,1.01,true,
2018 World Cup,2018,International,Screenshot 2026-05-18 150545.png,Abel Aguilar,Colombia,standard,,1,1,310.3,3.4,0,0,0,0,0,0,0,true,
2018 World Cup,2018,International,Screenshot 2026-05-18 150545.png,Karim El Ahmadi,Morocco,standard,,3,3,265,2.9,0,0,0,0,0,2,0,true,
2018 World Cup,2018,International,Screenshot 2026-05-18 150545.png,Manuel Akanii,Switzerland,standard,,4,4,360,4,0,0,0,0,0,0,0,true,
2018 World Cup,2018,International,Screenshot 2026-05-18 150545.png,Jordi Alba,Spain,standard,,4,4,390,4.3,0,0,0,0,0,0,0,true,
2018 World Cup,2018,International,Screenshot 2026-05-18 150545.png,Toby Alderweireld,Belgium,standard,,6,6,540,6,0,1,1,0,0,2,0,true,
2018 World Cup,2018,International,Screenshot 2026-05-18 150545.png,Trent Alexander-amold,England,standard,,1,1,90,1,0,0,0,0,0,0,0,true,
2018 World Cup,2018,International,Screenshot 2026-05-18 150545.png,Alisson ck EB Bra,Brazil,standard,,5,5,450,5,0,0,0,0,0,0,0,true,
2018 World Cup,2018,International,Screenshot 2026-05-18 150545.png,Dele Al,England,standard,,5,4,362,4,1,0,1,0,0,0,0,true,
2018 World Cup,2018,International,Screenshot 2026-05-18 150545.png,Edson Alvarez,Mexico,standard,,4,3,267,3,0,0,0,0,0,1,0,true,
2018 World Cup,2018,International,Screenshot 2026-05-18 150545.png,Nordin Amrabat,Morocco,standard,,3,3,255,2.8,0,0,0,0,0,1,0,true,
2018 World Cup,2018,International,Screenshot 2026-05-18 150545.png,Sofyan Amrabat,Morocco,standard,,1,0,18,0.2,0,0,0,0,0,0,0,true,
2018 World Cup,2018,International,Screenshot 2026-05-18 150545.png,Karim Ansarifard,IR Iran,standard,,3,2,179,2,1,0,1,1,1,0,0.5,true,
2018 World Cup,2018,International,Screenshot 2026-05-18 150545.png,Pedro Aquino,Peru,standard,,3,1,139,1.5,0,0,0,0,0,1,0,true,
2018 World Cup,2018,International,Screenshot 2026-05-18 150545.png,Santiago Arias,Colombia,standard,,4,4.385,43,0.5,0,0,0,0,1,0,0,true,
2018 World Cup,2018,International,Screenshot 2026-05-18 150545.png,Franco Armani,Argentina,standard,,2,2,180,2,0,0,0,0,0,0,0,true,
2018 World Cup,2018,International,Screenshot 2026-05-18 150553.png,Kari Arnason,Iceland,standard,,2,2,180,2,0,0,0,0,0,0,0,true,
2018 World Cup,2018,International,Screenshot 2026-05-18 150553.png,Abie arroyo,Panama,standard,,2,0,32,0.4,0,0,0,0,0,0,0,true,
2018 World Cup,2018,International,Screenshot 2026-05-18 150553.png,Daniel Arzani WME jg Aus,Australia,standard,,3,0,63,0.7,0,0,0,0,1,0,0,true,
2018 World Cup,2018,International,Screenshot 2026-05-18 150553.png,Marco Asensio,Spain,standard,,3,1,132,1.5,0,0,0,0,0,0,0,true,
2018 World Cup,2018,International,Screenshot 2026-05-18 150553.png,Iago Aspas,Spain,standard,,3,0,72,0.8,1,0,1,0,0,0,0,true,
2018 World Cup,2018,International,Screenshot 2026-05-18 150553.png,Muhannad Assiei FWMF FE Sau,Saudi Arabia,standard,,2,0,33,0.4,0,0,0,0,0,0,0,true,
2018 World Cup,2018,International,Screenshot 2026-05-18 150553.png,Ludwig Augustinsson,Sweden,standard,,5,5,450,5,1,0,1,0,0,0,0,true,
2018 World Cup,2018,International,Screenshot 2026-05-18 150553.png,Ricardo Avila,Panama,standard,,1,0,997,2,1109,12,1121,1,0,0,0,true,
2018 World Cup,2018,International,Screenshot 2026-05-18 150553.png,Hugo Avala,Mexico,standard,,2,2,180,2,0,0,0,0,0,0,0,true,
2018 World Cup,2018,International,Screenshot 2026-05-18 150553.png,Sardar Azmoun,IR Iran,standard,,3,3,270,3,0,0,0,0,0,1,0,true,
2018 World Cup,2018,International,Screenshot 2026-05-18 150553.png,Carlos Baca,Colombia,standard,,3,0,94,1,0,0,0,0,1,0,0,true,
2018 World Cup,2018,International,Screenshot 2026-05-18 150553.png,Milan Badeli MP TEE cro,Croatia,standard,,31,8,90,1,1,2,3,0,0,0,85,true,
2018 World Cup,2018,International,Screenshot 2026-05-18 150553.png,Anice Badri MrFw EM Tun,Tunisia,standard,,3,2,225,2.5,0,0,0,0,1,0,0,true,
2018 World Cup,2018,International,Screenshot 2026-05-18 150553.png,Hattan Bahebri,Saudi Arabia,standard,,3,2,155,1.7,0,0,0,0,0,0,0,true,
2018 World Cup,2018,International,Screenshot 2026-05-18 150553.png,Keita Baldé,Senegal,standard,,1,1,79,0.3,0,0,0,0,0,0,0,true,
2018 World Cup,2018,International,Screenshot 2026-05-18 150553.png,Leon Balogun,Nigeria,standard,,3,3,270,3,0,0,0,0,0,0,0,true,
2018 World Cup,2018,International,Screenshot 2026-05-18 150553.png,Felipe Baloy,Panama,standard,,1,0,18,0.2,1,0,1,0,0,0,0,true,
2018 World Cup,2018,International,Screenshot 2026-05-18 150553.png,wilmar Barrios,Colombia,standard,,3,2,270,3,0,0,0,0,0,2,0,true,
2018 World Cup,2018,International,Screenshot 2026-05-18 150553.png,Jan Bednarek,Poland,standard,,3,2,225,2.5,1,0,1,0,1,0,0.4,true,
2018 World Cup,2018,International,Screenshot 2026-05-18 150553.png,Rami Bedoui,Tunisia,standard,,1,1,90,1,0,0,0,0,0,0,0,true,
2018 World Cup,2018,International,Screenshot 2026-05-18 150553.png,Aziz Behich,Australia,standard,,3,3,270,3,0,0,0,0,0,4,0,true,
2018 World Cup,2018,International,Screenshot 2026-05-18 150606.png,alireze Beira,IR Iran,standard,,3,3,270,3,0,0,0,0,0,0,0,true,
2018 World Cup,2018,International,Screenshot 2026-05-18 150606.png,Younés Belhanda,Morocco,standard,,3,3,226,2.5,0,0,0,0,0,0,0,true,
2018 World Cup,2018,International,Screenshot 2026-05-18 150606.png,Mohamed Ben Amor DFMF REM Tun,Tunisia,standard,,1,0,18,0.2,0,0,0,0,0,0,0,true,
2018 World Cup,2018,International,Screenshot 2026-05-18 150606.png,Fakhreddine Ben Youssef,Tunisia,standard,,3,3,270,3,1,0,1,0,0,0,0,true,
2018 World Cup,2018,International,Screenshot 2026-05-18 150606.png,Syam Ben Youssef,Tunisia,standard,,2,2,130,1.4,0,0,0,0,0,0,0,true,
2018 World Cup,2018,International,Screenshot 2026-05-18 150606.png,Yohan Benalouane,Tunisia,standard,,1,0,50,0.6,0,0,0,0,0,0,0,true,
2018 World Cup,2018,International,Screenshot 2026-05-18 150606.png,Medhi Benatia,Morocco,standard,,2,2,160,2,0,0,0,0,0,1,0,true,
2018 World Cup,2018,International,Screenshot 2026-05-18 150606.png,Bartosz Bereszviski MFDF gum Pol,Poland,standard,,3,2,169,1.9,0,0,0,0,0,0,0,true,
2018 World Cup,2018,International,Screenshot 2026-05-18 150606.png,Johann Berg Guémundsson,Iceland,standard,,2,2,152,1.7,0,0,0,0,0,0,0,true,
2018 World Cup,2018,International,Screenshot 2026-05-18 150606.png,Marcus Berg,Sweden,standard,,31,986,9,0.1,47,0,47,0,0,0,0,true,
2018 World Cup,2018,International,Screenshot 2026-05-18 150606.png,Mame Biram Diouf,Senegal,standard,,2,1,65,0.7,0,0,0,0,0,0,0,true,
2018 World Cup,2018,International,Screenshot 2026-05-18 150606.png,irkir Bjarnason,Iceland,standard,,3,3,269,3,0,0,0,0,0,0,0,true,
2018 World Cup,2018,International,Screenshot 2026-05-18 150606.png,Miguel Boria,Colombia,standard,,1,0,90,1,9,9,18,0,0,0,0,true,
2018 World Cup,2018,International,Screenshot 2026-05-18 150606.png,M'barek Boussoufa,Morocco,standard,,3,3,270,3,0,0,0,0,0,1,0,true,
2018 World Cup,2018,International,Screenshot 2026-05-18 150606.png,Khalid Boutaib,Morocco,standard,,7,22.139,90,1,0,1,1,0,0,0.65,0,true,
2018 World Cup,2018,International,Screenshot 2026-05-18 150606.png,Dedryck Boyata,Belgium,standard,,3,3.27,30,0.3,0,0,0,0,0,0,0,true,
2018 World Cup,2018,International,Screenshot 2026-05-18 150606.png,Filip Bradarié,Croatia,standard,,1,0,0,0,0,0,0,0,0,0,0,true,
2018 World Cup,2018,International,Screenshot 2026-05-18 150614.png,Julian Brandt FWMF MGer,Germany,standard,,3,0,18,0.2,0,0,0,0,0,0,0,true,
2018 World Cup,2018,International,Screenshot 2026-05-18 150614.png,Mohammed Al-Breik,Saudi Arabia,standard,,3,3,270,3,0,0,0,0,0,0,0,true,
2018 World Cup,2018,International,Screenshot 2026-05-18 150614.png,Marcelo Brozovié,Croatia,standard,,6,4,459,5.1,0,1,1,0,4,0,0.2,true,
2018 World Cup,2018,International,Screenshot 2026-05-18 150614.png,ali Al-Bulaii,Saudi Arabia,standard,,1,1,90,1,0,0,0,0,0,0,0,true,
2018 World Cup,2018,International,Screenshot 2026-05-18 150614.png,Sergio Busquets,Spain,standard,,4,4,390,4.3,0,1,1,0,0,1,0,true,
2018 World Cup,2018,International,Screenshot 2026-05-18 150614.png,Jakub Blaszczvkowski,Poland,standard,,1,1,45,0.5,0,0,0,0,0,0,0,true,
2018 World Cup,2018,International,Screenshot 2026-05-18 150614.png,Martin Céceres,Uruguay,standard,,5,5,450,5,0,0,0,0,0,0,0,true,
2018 World Cup,2018,International,Screenshot 2026-05-18 150614.png,Tim Cahill FUME BB Aus,Australia,standard,,1,0,38,4,0,0,0,0,0,0,0,true,
2018 World Cup,2018,International,Screenshot 2026-05-18 150614.png,Duje Caleta-Car,Croatia,standard,,1,190,9,0.1,0,0,0,0,0,0,0,true,
2018 World Cup,2018,International,Screenshot 2026-05-18 150614.png,Francisco Calvo,Costa Rica,standard,,2,1,106,1.2,0,0,0,0,0,1,0,true,
2018 World Cup,2018,International,Screenshot 2026-05-18 150614.png,Mehdi Carcela,Morocco,standard,,1,0,18,0.2,0,0,0,0,0,0,0,true,
2018 World Cup,2018,International,Screenshot 2026-05-18 150614.png,Dani Carvajal,Spain,standard,,3,2,231,2.6,1,1,2,0,0.39,0.39,0,true,
2018 World Cup,2018,International,Screenshot 2026-05-18 150614.png,william Carvalho,Portugal,standard,,4,4,360,4,0,0,0,0,0,0,0,true,
2018 World Cup,2018,International,Screenshot 2026-05-18 150614.png,Edinson Cavani,Uruguay,standard,,3,7,0,0,38,3,41,3,0,0,0,true,
2018 World Cup,2018,International,Screenshot 2026-05-18 150614.png,Ghayléne Chaalali,Tunisia,standard,,1,1,90,1,0,0,0,0,0,1,0,true,
2018 World Cup,2018,International,Screenshot 2026-05-18 150625.png,Denis Cheryshev,Russia,standard,,5,3,303,3.4,4,0,4,0,0,0,1,true,
2018 World Cup,2018,International,Screenshot 2026-05-18 150625.png,Roozbeh Cheshmi,IR Iran,standard,,1,1,90,1,0,0,0,0,0,0,0,true,
2018 World Cup,2018,International,Screenshot 2026-05-18 150625.png,Andreas Christensen DFMF HbDenma,Denmark,standard,,4,4,305,3.4,0,0,0,0,0,0,0,true,
2018 World Cup,2018,International,Screenshot 2026-05-18 150625.png,Hong Chul,Korea Republic,standard,,2,1,97,1.1,0,0,0,0,0,0,0,true,
2018 World Cup,2018,International,Screenshot 2026-05-18 150625.png,Thiago Cionek,Poland,standard,,1,1,90,1,0,0,0,0,0,0,0,true,
2018 World Cup,2018,International,Screenshot 2026-05-18 150625.png,Viktor Claesson,Sweden,standard,,5,5,433,4.8,0,2,2,1,0,0,0.42,true,
2018 World Cup,2018,International,Screenshot 2026-05-18 150625.png,Sebastién Coates,Uruguay,standard,,1,1,90,1,0,0,0,0,0,0,0,true,
2018 World Cup,2018,International,Screenshot 2026-05-18 150625.png,Daniel Colindres,Costa Rica,standard,,2,1,98,1.1,0,0,0,0,0,0,0,true,
2018 World Cup,2018,International,Screenshot 2026-05-18 150625.png,Armando Cooper,Panama,standard,,2,2,180,2,0,0,0,0,2,0,0,true,
2018 World Cup,2018,International,Screenshot 2026-05-18 150625.png,Vedran Corluka,Croatia,standard,,4,1,121,1.3,0,0,0,1,60,0,0,true,
2018 World Cup,2018,International,Screenshot 2026-05-18 150625.png,Jess Corona DREW BPE Mexic,Mexico,standard,,2,0,36,4,0,0,0,0,0,0,0,true,
2018 World Cup,2018,International,Screenshot 2026-05-18 150625.png,Diego Costa,Spain,standard,,4,4,316,3.5,3,0,3,0,0,0.85,0,true,
2018 World Cup,2018,International,Screenshot 2026-05-18 150625.png,Douglas Costa FWMF ES Braz,Brazil,standard,,2,709,90,1,1,0,1,0,0,1.15,1.15,true,
2018 World Cup,2018,International,Screenshot 2026-05-18 150625.png,Manuel da Costa,Morocco,standard,,3,2,189,2.1,0,0,0,0,0,1,0,true,
2018 World Cup,2018,International,Screenshot 2026-05-18 150625.png,Thibaut Courtois,Belgium,standard,,7,7,630,7,0,0,0,0,0,0,0,true,
2018 World Cup,2018,International,Screenshot 2026-05-18 150625.png,Philippe Coutinho,Brazil,standard,,5,5,434,4.8,2,2,4,0,0,1,41,true,
2018 World Cup,2018,International,Screenshot 2026-05-18 150625.png,Juan Cuadrado,Colombia,standard,,4,433037,90,1,2,1,3,0,0.27,0.27,0.55,true,
2018 World Cup,2018,International,Screenshot 2026-05-18 150625.png,Christian Cueva,Peru,standard,,3,3,270,3,0,0,0,0,1,0,0,true,
2018 World Cup,2018,International,Screenshot 2026-05-18 150625.png,Harold Cummings,Panama,standard,,1,0,45,0.5,0,0,0,0,0,0,0,true,
2018 World Cup,2018,International,Screenshot 2026-05-18 150625.png,Erick Davis,Panama,standard,,27,199,0,0,20,0,20,0,0,0,0,true,
2018 World Cup,2018,International,Screenshot 2026-05-18 150625.png,Salem Al-Dawsari,Saudi Arabia,standard,,3,3,270,3,1,0,1,0,0,0,0,true,
2018 World Cup,2018,International,Screenshot 2026-05-18 150625.png,Jén Dasi BoSvarsson,Iceland,standard,,1,1,70,0.8,0,0,0,0,0,0,0,true,
2018 World Cup,2018,International,Screenshot 2026-05-18 150632.png,Giorgian De Arrascaeta,Uruguay,standard,,904,2,774,8.6,1,0,1,0,0,0,0,true,
2018 World Cup,2018,International,Screenshot 2026-05-18 150632.png,Fabian Deloh,England,standard,,4,2,222,2.5,9,0,9,0,0,0,0,true,
2018 World Cup,2018,International,Screenshot 2026-05-18 150632.png,Angel Di Maria MFFW SS Arge,Argentina,standard,,3,3.235,90,1,0,2,2,0,0,0.38,0,true,
2018 World Cup,2018,International,Screenshot 2026-05-18 150632.png,Ismael Diaz WMP gi Pana,Panama,standard,,1,0,27,0.3,0,0,0,0,0,0,0,true,
2018 World Cup,2018,International,Screenshot 2026-05-18 150632.png,Eric Dier,England,standard,,6,2,251,2.8,0,0,0,0,0,0,0,true,
2018 World Cup,2018,International,Screenshot 2026-05-18 150632.png,Nabil Dirar,Morocco,standard,,2,2,180,2,0,0,0,0,0,0,0,true,
2018 World Cup,2018,International,Screenshot 2026-05-18 150632.png,Johan Djourou,Switzerland,standard,,1,190,9,0.1,0,0,0,0,0,0,0,true,
2018 World Cup,2018,International,Screenshot 2026-05-18 150632.png,Kasper Dolbera,Denmark,standard,,10,16,0,0,0,0,0,0,0,0,0,true,
2018 World Cup,2018,International,Screenshot 2026-05-18 150632.png,Giovani dos Santos FUME Bp Mexi,Mexico,standard,,1,0,18,0.2,0,0,0,0,0,0,0,true,
2018 World Cup,2018,International,Screenshot 2026-05-18 150632.png,Jonathan dos Santos,Mexico,standard,,28,990,0,0,3604,0,3604,0,0,0,0,true,
2018 World Cup,2018,International,Screenshot 2026-05-18 150632.png,Julian Draxler,Germany,standard,,2,2,135,1.5,9,0,9,0,0,0,0,true,
2018 World Cup,2018,International,Screenshot 2026-05-18 150632.png,Jimmy Durmaz,Sweden,standard,,1,0,18,0.2,0,0,0,0,0,0,0,true,
2018 World Cup,2018,International,Screenshot 2026-05-18 150632.png,Tyronne Ebuehi,Nigeria,standard,,1,4,505,5.6,0,0,0,0,0,0,0,true,
2018 World Cup,2018,International,Screenshot 2026-05-18 150642.png,Albin Ekdal,Sweden,standard,,5,5,419,4.7,0,0,0,0,0,0,0,true,
2018 World Cup,2018,International,Screenshot 2026-05-18 150642.png,Youssef En-Nesvri,Morocco,standard,,1,0,18,0.2,1,0,1,0,0,0,4740,true,
2018 World Cup,2018,International,Screenshot 2026-05-18 150642.png,Aleksandr Erokhin,Russia,standard,,2,0,91,1,0,0,0,0,0,0,0,true,
2018 World Cup,2018,International,Screenshot 2026-05-18 150642.png,Fidel Escobar,Panama,standard,,3,3,270,3,0,0,0,0,0,1,0,true,
2018 World Cup,2018,International,Screenshot 2026-05-18 150642.png,Oghenekaro Etebo,Nigeria,standard,,3,3,269,3,0,0,0,0,0,0,0,true,
2018 World Cup,2018,International,Screenshot 2026-05-18 150642.png,Saeid Ezatolahi Mp TE ieiran,IR Iran,standard,,2,2,164,1.8,0,0,0,0,0,0,0,true,
2018 World Cup,2018,International,Screenshot 2026-05-18 150642.png,Marco Fabién FWMF Pll Mexi,Mexico,standard,,1,0,0,0,0,0,0,0,0,0,0,true,
2018 World Cup,2018,International,Screenshot 2026-05-18 150642.png,Lukasz Fabiariski,Poland,standard,,1,1,90,1,0,0,0,0,0,0,0,true,
2018 World Cup,2018,International,Screenshot 2026-05-18 150642.png,Faaner,Brazil,standard,,4,4,360,4,0,0,0,1,0,0,0,true,
2018 World Cup,2018,International,Screenshot 2026-05-18 150642.png,Faycal Fair MFM Moro,Morocco,standard,,2,0,33,0.4,0,1,1,0,0,0,273,true,
2018 World Cup,2018,International,Screenshot 2026-05-18 150642.png,Radamel Falcao,Colombia,standard,,4,4,375,4.2,1,0,1,0,1,0,0.24,true,
2018 World Cup,2018,International,Screenshot 2026-05-18 150642.png,Jefferson Farfan,Peru,standard,,2,1,129,1.4,0,0,0,0,0,0,0,true,
2018 World Cup,2018,International,Screenshot 2026-05-18 150642.png,Bruno Femandes,Portugal,standard,,2,1,88,1,0,0,0,0,1,0,0,true,
2018 World Cup,2018,International,Screenshot 2026-05-18 150642.png,Manuel Fernandes,Portugal,standard,,1,6,0,0,0,0,0,0,0,0,0,true,
2018 World Cup,2018,International,Screenshot 2026-05-18 150642.png,Mério Fermandes,Russia,standard,,5,4.473,53,1,1,2,3,0,0,0,190.29,true,
2018 World Cup,2018,International,Screenshot 2026-05-18 150642.png,lfres Finnbogason,Iceland,standard,,3,3,262,2.9,1,0,1,0,0,1,340,true,
2018 World Cup,2018,International,Screenshot 2026-05-18 150652.png,Roberto Firming,Brazil,standard,,4,0,85,0.9,1,0,1,0,0,0,0,true,
2018 World Cup,2018,International,Screenshot 2026-05-18 150652.png,Viktor Fischer FWMF i Denm,Denmark,standard,,24,19941,0,0,0,0,0,0,0,0,0,true,
2018 World Cup,2018,International,Screenshot 2026-05-18 150652.png,Edison Flores,Peru,standard,,3,3,241,2.71,0,0,0,0,0,0,0,true,
2018 World Cup,2018,International,Screenshot 2026-05-18 150652.png,José Fonte,Portugal,standard,,4,4,360,4,0,0,0,0,0,0,0,true,
2018 World Cup,2018,International,Screenshot 2026-05-18 150652.png,Emil Forsberg,Sweden,standard,,26,991,9,0.1,46,1,47,1,0,0,0,true,
2018 World Cup,2018,International,Screenshot 2026-05-18 150652.png,ari Freyr Skdlason DFMF HIBS Icela,Iceland,standard,,2,0,18,0.2,0,0,0,0,0,0,0,true,
2018 World Cup,2018,International,Screenshot 2026-05-18 150652.png,Jess Gallardo,Mexico,standard,,4,433437,0,0,0,0,0,0,0,0,0,true,
2018 World Cup,2018,International,Screenshot 2026-05-18 150652.png,Idrissa Gana Gueve,Senegal,standard,,3,3,270,3,0,0,0,0,0,1,0,true,
2018 World Cup,2018,International,Screenshot 2026-05-18 150652.png,Lamine Gassama,Senegal,standard,,1,190,9,0.1,0,0,0,0,0,0,0,true,
2018 World Cup,2018,International,Screenshot 2026-05-18 150652.png,Yuri Gazinskiy,Russia,standard,,4,3,267,3.01,1,0,1,0,0,2,340,true,
2018 World Cup,2018,International,Screenshot 2026-05-18 150652.png,David de Gea,Spain,standard,,4,4,390,4.3,0,0,0,0,0,0,0,true,
2018 World Cup,2018,International,Screenshot 2026-05-18 150652.png,Rurik Gislason,Iceland,standard,,2,1,118,1.3,0,0,0,0,0,0,0,true,
2018 World Cup,2018,International,Screenshot 2026-05-18 150652.png,Kamil Glik,Poland,standard,,2,1,101,1.1,0,0,0,0,0,0,0,true,
2018 World Cup,2018,International,Screenshot 2026-05-18 150652.png,Diego Godin,Uruguay,standard,,5,5,450,5.01,0,0,0,0,0,0,0,true,
2018 World Cup,2018,International,Screenshot 2026-05-18 150652.png,Aleksandr Golovin,Russia,standard,,4,4,401,4.5,1,2,3,0,0,1,0.22,true,
2018 World Cup,2018,International,Screenshot 2026-05-18 150652.png,Gabriel Gémez,Panama,standard,,3,3,248,2.8,0,0,0,0,0,1,0,true,
2018 World Cup,2018,International,Screenshot 2026-05-18 150652.png,Mario Gomez,Germany,standard,,3,0,90,1,0,1,1,9,0,0,0,true,
2018 World Cup,2018,International,Screenshot 2026-05-18 150652.png,Maxi Gémez,Uruguay,standard,,2,0,33,0.4,0,0,0,0,0,0,0,true,
2018 World Cup,2018,International,Screenshot 2026-05-18 150700.png,Jacek Géralski,Poland,standard,,2,2,160,2,0,0,0,0,0,1,0,true,
2018 World Cup,2018,International,Screenshot 2026-05-18 150700.png,Vladimir Granat,Russia,standard,,1,0,75,0.8,0,0,0,0,0,0,0,true,
2018 World Cup,2018,International,Screenshot 2026-05-18 150700.png,Andreas Granavist,Sweden,standard,,5,5,450,5,2,0,2,2,2,0,0,true,
2018 World Cup,2018,International,Screenshot 2026-05-18 150700.png,Kamil Grosieki MFjEW gum Pola,Poland,standard,,3,2,214,2.4,0,1,1,0,0,0,0,true,
2018 World Cup,2018,International,Screenshot 2026-05-18 150700.png,Andrés Guardado,Mexico,standard,,4,4,303,3.4,0,0,0,0,0,1,0,true,
2018 World Cup,2018,International,Screenshot 2026-05-18 150700.png,Raphaél Guerreiro,Portugal,standard,,4,4,360,4,0,1,1,0,0,41,0,true,
2018 World Cup,2018,International,Screenshot 2026-05-18 150700.png,John Guidetti,Sweden,standard,,2,0,0,0,0,0,0,41,0,0,0,true,
2018 World Cup,2018,International,Screenshot 2026-05-18 150700.png,Ilkey Gindogan,Germany,standard,,1,0,630,7,0,0,0,0,0,0,0,true,
2018 World Cup,2018,International,Screenshot 2026-05-18 150700.png,Aron Gunnarsson,Iceland,standard,,3,3,251,2.8,0,0,0,0,0,0,0,true,
2018 World Cup,2018,International,Screenshot 2026-05-18 150700.png,David Guzmén,Costa Rica,standard,,3,3,243,2.7,0,0,0,0,0,1,0,true,
2018 World Cup,2018,International,Screenshot 2026-05-18 150700.png,Albert Gusmundsson FMF HBB Icel,Iceland,standard,,1,0,9,0.1,0,0,0,0,0,0,0,true,
2018 World Cup,2018,International,Screenshot 2026-05-18 150700.png,Ehsan Hajsafi,IR Iran,standard,,3,3,213,2.4,0,0,0,0,1,0,0,true,
2018 World Cup,2018,International,Screenshot 2026-05-18 150700.png,Emil Hallfredsson,Iceland,standard,,2,2,160,2,0,0,0,0,0,1,0,true,
2018 World Cup,2018,International,Screenshot 2026-05-18 150700.png,Genki Haraguchi,Japan,standard,,7,33,244,2.7,1,0,1,0,0,0,0,true,
2018 World Cup,2018,International,Screenshot 2026-05-18 150700.png,amine Harit,Morocco,standard,,1,1,81,0.9,0,0,0,0,0,0,0,true,
2018 World Cup,2018,International,Screenshot 2026-05-18 150700.png,Makoto Hasebe,Japan,standard,,4,3,279,3.1,0,0,0,0,0,0,0,true,
2018 World Cup,2018,International,Screenshot 2026-05-18 150715.png,Mouez Hassen,Tunisia,standard,,1,1,18,0.2,0,0,0,0,0,0,0,true,
2018 World Cup,2018,International,Screenshot 2026-05-18 150715.png,Motez Hawsawi,Saudi Arabia,standard,,1,1,90,1,0,0,0,0,0,0,0,true,
2018 World Cup,2018,International,Screenshot 2026-05-18 150715.png,Omar Hawsawi,Saudi Arabia,standard,,1,1,90,1,0,0,0,0,0,0,0,true,
2018 World Cup,2018,International,Screenshot 2026-05-18 150715.png,Jonas Hector,Germany,standard,,2,2,163,1.8,0,0,0,0,0,0,0,true,
2018 World Cup,2018,International,Screenshot 2026-05-18 150715.png,Jordan Henderson,England,standard,,5,5,480,5.3,0,0,0,0,0,1,0,true,
2018 World Cup,2018,International,Screenshot 2026-05-18 150715.png,Javier Hernandez,Mexico,standard,,4,432937,90,1,2,1,3,0,0,0.27,0.27,true,
2018 World Cup,2018,International,Screenshot 2026-05-18 150715.png,Lucas Hernandez,France,standard,,7,7,589,6.5,0,2,2,0,0,0.31,0.31,true,
2018 World Cup,2018,International,Screenshot 2026-05-18 150715.png,Héctor Herrera,Mexico,standard,,28,990,0,0,40,0,40,0,0,0,0,true,
2018 World Cup,2018,International,Screenshot 2026-05-18 150715.png,Son Heung-min,Korea Republic,standard,,3,3,270,3,2,0,2,0,0,1,0,true,
2018 World Cup,2018,International,Screenshot 2026-05-18 150715.png,Gonzalo Higuain,Argentina,standard,,3,113415,0,0,0,0,0,0,0,0,0,true,
2018 World Cup,2018,International,Screenshot 2026-05-18 150715.png,Oscar Hiljemark,Sweden,standard,,2,31,0,0,0,0,0,0,0,0,0,true,
2018 World Cup,2018,International,Screenshot 2026-05-18 150715.png,Keisuke Honda FWMF Japa,Japan,standard,,3,0,50,0.6,1,1,2,0,0,0,180180,true,
2018 World Cup,2018,International,Screenshot 2026-05-18 150715.png,Majid Hosseini,IR Iran,standard,,3,2,191,2.1,0,0,0,0,0,0,0,true,
2018 World Cup,2018,International,Screenshot 2026-05-18 150715.png,Mats Hummels,Germany,standard,,2,2,180,2,0,0,0,0,0,1,0,true,
2018 World Cup,2018,International,Screenshot 2026-05-18 150715.png,Jo Hyeon-woo,Korea Republic,standard,,3,3,270,3,0,0,0,0,0,0,0,true,
2018 World Cup,2018,International,Screenshot 2026-05-18 150715.png,Brian Idowy MFOF ff Bl Nige,Nigeria,standard,,3,3,225,2.5,0,0,0,10,0,0,0,true,
2018 World Cup,2018,International,Screenshot 2026-05-18 150715.png,Odion Ighalo,Nigeria,standard,,3,1,122,1.4,0,0,0,0,0,0,0,true,
2018 World Cup,2018,International,Screenshot 2026-05-18 150721.png,AmnérIngvi Traustason,Iceland,standard,,1,0,0,0,0,0,0,0,0,6,0,true,
2018 World Cup,2018,International,Screenshot 2026-05-18 150721.png,Andrés Iniesta,Spain,standard,,4,3,283,3.1,0,1,1,0,0,0,0,true,
2018 World Cup,2018,International,Screenshot 2026-05-18 150721.png,Takashi Inui,Japan,standard,,4,3,292,3.2,2,1,3,0,0,1,0,true,
2018 World Cup,2018,International,Screenshot 2026-05-18 150721.png,Jackson Irvine DAMP jaf Aust,Australia,standard,,3,0,47,0.5,0,0,0,0,0,0,0,true,
2018 World Cup,2018,International,Screenshot 2026-05-18 150721.png,sco,Spain,standard,,4,4,390,4.3,1,0,1,0,0,0,230,true,
2018 World Cup,2018,International,Screenshot 2026-05-18 150721.png,Branislav Ivanovie,Serbia,standard,,2,2,180,2,0,0,0,0,0,1,0,true,
2018 World Cup,2018,International,Screenshot 2026-05-18 150721.png,José Izquierdo,Colombia,standard,,11,69,9,0.1,0,0,0,0,0,0,0,true,
2018 World Cup,2018,International,Screenshot 2026-05-18 150721.png,Koo Ja-cheol MEFW Kore,Korea Republic,standard,,2,2,126,1.4,0,0,0,0,0,0,0,true,
2018 World Cup,2018,International,Screenshot 2026-05-18 150721.png,Lee Jae-sung MEF Kore,Korea Republic,standard,,3,3,270,3,0,1,1,0,0,1,0,true,
2018 World Cup,2018,International,Screenshot 2026-05-18 150721.png,Alireza Jahanbakhsh MEF TET IR I,IR Iran,standard,,3,2,170,1.9,0,0,0,0,0,1,0,true,
2018 World Cup,2018,International,Screenshot 2026-05-18 150721.png,Pontus Jansson,Sweden,standard,,2,1,96,1.1,0,0,0,0,0,0,0,true,
2018 World Cup,2018,International,Screenshot 2026-05-18 150721.png,Adnan Januzai,Belgium,standard,,1,1,85,0.9,1,0,1,0,0,0,0,true,
2018 World Cup,2018,International,Screenshot 2026-05-18 150721.png,Mile Jedinake,Australia,standard,,33,3,270,3,2,0,2,2,2,1,0,true,
2018 World Cup,2018,International,Screenshot 2026-05-18 150721.png,Artur Jedrzeicavk,Poland,standard,,1,1,90,1,0,0,0,0,0,0,0,true,
2018 World Cup,2018,International,Screenshot 2026-05-18 150721.png,Tin Jedvaj,Croatia,standard,,1,1,90,1,0,0,0,0,0,1,0,true,
2018 World Cup,2018,International,Screenshot 2026-05-18 150721.png,Rail Jiménez,Mexico,standard,,27,1,0,0,5606,0,5606,0,0,0,0,true,
2018 World Cup,2018,International,Screenshot 2026-05-18 150721.png,Park Joo-ho,Korea Republic,standard,,1,1,27,0.3,0,0,0,0,0,0,0,true,
2018 World Cup,2018,International,Screenshot 2026-05-18 150721.png,Luka Jovié,Serbia,standard,,1,0,200,2.2,0,0,0,6,6,0,0,true,
2018 World Cup,2018,International,Screenshot 2026-05-18 150721.png,Tomi uric,Australia,standard,,3,1,95,1.1,0,0,0,0,0,0,0,true,
2018 World Cup,2018,International,Screenshot 2026-05-18 150729.png,Mathias Jorgensen MRDF BmpDenm,Denmark,standard,,3,2,220,2.4,1,0,1,0,0,2,10,true,
2018 World Cup,2018,International,Screenshot 2026-05-18 150729.png,Nicolai Jeraensen,Denmark,standard,,3,2,212,2.4,0,1,1,0,0,0,0,true,
2018 World Cup,2018,International,Screenshot 2026-05-18 150729.png,Ayoub El Kaabi,Morocco,standard,,2,1,98,1.1,0,0,0,0,0,0,0,true,
2018 World Cup,2018,International,Screenshot 2026-05-18 150729.png,Shinji Kagawa,Japan,standard,,3,3,230,2.6,1,1,2,1,1,0,0,true,
2018 World Cup,2018,International,Screenshot 2026-05-18 150729.png,Lovre Kalinié,Croatia,standard,,1,1,90,1,0,0,0,0,0,0,0,true,
2018 World Cup,2018,International,Screenshot 2026-05-18 150729.png,Mohamed Kanno,Saudi Arabia,standard,,1,0,0,0,0,0,0,0,0,0,0,true,
2018 World Cup,2018,International,Screenshot 2026-05-18 150729.png,Eiji Kawashima,Japan,standard,,4,4,360,4,0,0,0,1,0,0,0,true,
2018 World Cup,2018,International,Screenshot 2026-05-18 150729.png,Saber Khalifa,Tunisia,standard,,1,0,9,0.1,0,0,0,0,0,0,0,true,
2018 World Cup,2018,International,Screenshot 2026-05-18 150729.png,Ahmed Khalil,Tunisia,standard,,1,0,0,0,0,0,0,0,0,0,0,true,
2018 World Cup,2018,International,Screenshot 2026-05-18 150729.png,Saif-Eddine Khaoui,Tunisia,standard,,1,1,90,1,0,0,0,0,0,0,0,true,
2018 World Cup,2018,International,Screenshot 2026-05-18 150729.png,Wehbi Khazri,Tunisia,standard,,3,3,262,2.9,2,2,4,0,0,0,69069137,true,
2018 World Cup,2018,International,Screenshot 2026-05-18 150729.png,Sami Khedira,Germany,standard,,2,2,116,1.3,0,0,0,0,0,0,0,true,
2018 World Cup,2018,International,Screenshot 2026-05-18 150729.png,Isaac Kiese Thelin,Sweden,standard,,4,0,39,0.4,0,0,0,0,0,0,0,true,
2018 World Cup,2018,International,Screenshot 2026-05-18 150729.png,Joshua Kimmich,Germany,standard,,3,3,270,3,0,0,0,0,0,0,0,true,
2018 World Cup,2018,International,Screenshot 2026-05-18 150729.png,Jonas Knudsen,Denmark,standard,,1,112013,0,0,0,0,0,0,0,0,0,true,
2018 World Cup,2018,International,Screenshot 2026-05-18 150729.png,Koke,Spain,standard,,3,2,230,2.6,0,0,0,0,0,0,0,true,
2018 World Cup,2018,International,Screenshot 2026-05-18 150729.png,Aleksandar Kolarov,Serbia,standard,,3,3,270,3,1,0,1,0,0,0,0.33,true,
2018 World Cup,2018,International,Screenshot 2026-05-18 150729.png,Moussa Konaté,Senegal,standard,,2,0,27,0.3,9,0,9,0,0,0,0,true,
2018 World Cup,2018,International,Screenshot 2026-05-18 150729.png,Filip Kostié,Serbia,standard,,3,2,165,1.8,0,0,0,0,0,0,0,true,
2018 World Cup,2018,International,Screenshot 2026-05-18 150735.png,Kalidou Koulibaly,Senegal,standard,,3,3,270,3,0,0,0,0,0,0,0,true,
2018 World Cup,2018,International,Screenshot 2026-05-18 150735.png,Cheikhou Kouyaté,Senegal,standard,,3,112113,0,0,0,0,0,0,0,0,0,true,
2018 World Cup,2018,International,Screenshot 2026-05-18 150735.png,Mateo Kovatié,Croatia,standard,,904,5,0,0,21,0,21,0,0,0,0,true,
2018 World Cup,2018,International,Screenshot 2026-05-18 150735.png,Dawid Kownacki,Poland,standard,,2,1,74,0.8,0,0,0,0,0,0,0,true,
2018 World Cup,2018,International,Screenshot 2026-05-18 150735.png,Emil Krafth,Sweden,standard,,2,1,93,1,0,0,0,0,0,0,0,true,
2018 World Cup,2018,International,Screenshot 2026-05-18 150735.png,Andre Kramari MFFW EEE Croa,Croatia,standard,,7,93.334,90,1,0,1,1,0,0,270,0.27,true,
2018 World Cup,2018,International,Screenshot 2026-05-18 150735.png,Michael Krohn-Dehii FWMF i Denm,Denmark,standard,,1,0,27,0.3,0,0,0,0,0,0,0,true,
2018 World Cup,2018,International,Screenshot 2026-05-18 150735.png,Toni Kroos,Germany,standard,,3,3,270,3,1,0,1,0,0,0,0,true,
2018 World Cup,2018,International,Screenshot 2026-05-18 150735.png,Robbie Kruse,Australia,standard,,3,3,207,2.3,0,0,0,0,0,0,0,true,
2018 World Cup,2018,International,Screenshot 2026-05-18 150735.png,Grzegorz Krychowiak,Poland,standard,,3,3,270,3,1,0,1,0,0,1,0,true,
2018 World Cup,2018,International,Screenshot 2026-05-18 150735.png,Fyodor Kudryashov,Russia,standard,,4,3.335,0,0,0,0,0,0,0,0,0,true,
2018 World Cup,2018,International,Screenshot 2026-05-18 150735.png,Rafat Kurzawa,Poland,standard,,1,1,79,0.9,0,1,1,0,0,0,414,true,
2018 World Cup,2018,International,Screenshot 2026-05-18 150735.png,Lva Kutepov,Russia,standard,,5,5,513,5.7,0,1,1,0,0,1,0.00018,true,
2018 World Cup,2018,International,Screenshot 2026-05-18 150735.png,Daler Kuzvaev,Russia,standard,,5,2,305,3.4,0,0,0,0,0,0,0,true,
2018 World Cup,2018,International,Screenshot 2026-05-18 150735.png,Sebastian Larsson,Sweden,standard,,4,4,316,3.5,0,0,0,10,0,0,0,true,
2018 World Cup,2018,International,Screenshot 2026-05-18 150735.png,Diego Laxalt,Uruguay,standard,,4,3,302,3.4,0,0,0,0,0,0,0,true,
2018 World Cup,2018,International,Screenshot 2026-05-18 150735.png,Miguel Lavin,Mexico,standard,,4,3,313,3.5,0,0,0,0,0,1,0,true,
2018 World Cup,2018,International,Screenshot 2026-05-18 150735.png,Mathew Leckie,Australia,standard,,3,3,270,3,0,0,0,1,0,0,0,true,
2018 World Cup,2018,International,Screenshot 2026-05-18 150735.png,Lukas Lerager,Denmark,standard,,1,0,100,1.1,0,0,0,0,0,0,0,true,
2018 World Cup,2018,International,Screenshot 2026-05-18 150735.png,Jefferson Lerma,Colombia,standard,,4,2,176,2,0,0,0,0,0,0,0,true,
2018 World Cup,2018,International,Screenshot 2026-05-18 150735.png,Robert Lewandowski,Poland,standard,,3,3,270,3,0,0,0,0,0,0,0,true,
2018 World Cup,2018,International,Screenshot 2026-05-18 150747.png,Victor Lindelof,Sweden,standard,,4,436,40,0.4,0,0,0,0,0,0,0,true,
2018 World Cup,2018,International,Screenshot 2026-05-18 150747.png,Jesse Lingard,England,standard,,6,5,526,5.8,1,1,2,0,0,1,70.17,true,
2018 World Cup,2018,International,Screenshot 2026-05-18 150747.png,Adem Liaiigé,Serbia,standard,,3,2,170,1.9,0,0,0,0,1,0,0,true,
2018 World Cup,2018,International,Screenshot 2026-05-18 150747.png,Ruben Loftus-Cheek,England,standard,,4,3,274,3,0,1,1,0,0,1,33,true,
2018 World Cup,2018,International,Screenshot 2026-05-18 150747.png,Dejan Lovren,Croatia,standard,,7,6,651,7.2,0,0,0,0,1,0,0,true,
2018 World Cup,2018,International,Screenshot 2026-05-18 150747.png,Hirving Lozano MFFW Pll Mexi,Mexico,standard,,4,431535,90,1,2,1,3,0.29,0.29,0.57,0.29,true,
2018 World Cup,2018,International,Screenshot 2026-05-18 150747.png,José Luis Rodriguez MEFW gi Pana,Panama,standard,,3,3,242,2.7,0,0,0,0,0,0,0,true,
2018 World Cup,2018,International,Screenshot 2026-05-18 150747.png,Mikael Lustig,Sweden,standard,,31,986,0,0,0,0,0,0,0,0,0,true,
2018 World Cup,2018,International,Screenshot 2026-05-18 150747.png,Adolfo Machado,Panama,standard,,1,1,90,1,0,0,0,0,0,0,0,true,
2018 World Cup,2018,International,Screenshot 2026-05-18 150747.png,Horsur Magnusson,Iceland,standard,,3,3,270,3.01,0,0,0,0,0,0,0,true,
2018 World Cup,2018,International,Screenshot 2026-05-18 150747.png,Harry Maguire,England,standard,,7,6,645,7.2,1,1,2,0,0,2,4014,true,
2018 World Cup,2018,International,Screenshot 2026-05-18 150747.png,Tomoaki Makino,Japan,standard,,1,1,90,1,0,0,0,0,0,1,0,true,
2018 World Cup,2018,International,Screenshot 2026-05-18 150747.png,Mario Mandzukié,Croatia,standard,,6,6,605,6.7,3,1,4,0,0,2,0,true,
2018 World Cup,2018,International,Screenshot 2026-05-18 150747.png,Sadio Mané,Senegal,standard,,3,3,270,3,1,0,1,0,0,0,0,true,
2018 World Cup,2018,International,Screenshot 2026-05-18 150747.png,Birkic Mér Seevarsson,Iceland,standard,,3,3,270,3.01,0,0,0,0,1,0,0,true,
2018 World Cup,2018,International,Screenshot 2026-05-18 150747.png,Marcelo,Brazil,standard,,4,4,279,3.1,0,0,0,0,0,0,0,true,
2018 World Cup,2018,International,Screenshot 2026-05-18 150747.png,José Maria Giménez,Uruguay,standard,,4,4,360,4,1,0,1,0,0,0,0,true,
2018 World Cup,2018,International,Screenshot 2026-05-18 150747.png,Joo Maio,Portugal,standard,,4,3,259,2.9,0,0,0,0,0,0,0,true,
2018 World Cup,2018,International,Screenshot 2026-05-18 150747.png,Rafael Mérquez,Mexico,standard,,3,1,90,1,0,0,0,0,0,0,0,true,
2018 World Cup,2018,International,Screenshot 2026-05-18 150747.png,Marquinhos,Brazil,standard,,10,1,0,0,0,0,0,0,0,0,0,true,
2018 World Cup,2018,International,Screenshot 2026-05-18 150755.png,Javier Mascherano,Argentina,standard,,44,360,0,0,0,0,0,0,2,40,0,true,
2018 World Cup,2018,International,Screenshot 2026-05-18 150755.png,Aymen Mathlouthi,Tunisia,standard,,1,1,90,1,0,0,0,0,0,0,0,true,
2018 World Cup,2018,International,Screenshot 2026-05-18 150755.png,Nemanja Matié,Serbia,standard,,3,3,270,3,9,0,9,0,0,0,0,true,
2018 World Cup,2018,International,Screenshot 2026-05-18 150755.png,Abdullah Al-Mayouf,Saudi Arabia,standard,,1,190,9,0.1,0,0,0,0,0,0,0,true,
2018 World Cup,2018,International,Screenshot 2026-05-18 150755.png,Thomas Meunier,Belgium,standard,,5,5,450,5,1,2,3,0,0,2,0,true,
2018 World Cup,2018,International,Screenshot 2026-05-18 150755.png,Nikola Milenkovié,Serbia,standard,,3,3,270,3,9,0,9,0,0,0,0,true,
2018 World Cup,2018,International,Screenshot 2026-05-18 150755.png,Arkadiusz Milk,Poland,standard,,1,1,72,0.8,0,0,0,0,0,0,0,true,
2018 World Cup,2018,International,Screenshot 2026-05-18 150755.png,Sergej Milinkovié-Savié,Serbia,standard,,3,3,270,3,9,0,9,0,0,0,0,true,
2018 World Cup,2018,International,Screenshot 2026-05-18 150755.png,Luke Milivojevié,Serbia,standard,,2,2.17,191,2.1,0,0,0,0,1,0,0,true,
2018 World Cup,2018,International,Screenshot 2026-05-18 150755.png,Mark Milligan,Australia,standard,,3,3,270,3.01,0,0,0,0,1,0,0,true,
2018 World Cup,2018,International,Screenshot 2026-05-18 150755.png,Kim Min-woo,Korea Republic,standard,,2,114,18,0.2,0,0,0,0,0,0,0,true,
2018 World Cup,2018,International,Screenshot 2026-05-18 150755.png,Yerry Mina,Colombia,standard,,3,3,300,3.3,3,0,3,0,0,0,0,true,
2018 World Cup,2018,International,Screenshot 2026-05-18 150755.png,Aleksei Miran,IR Iran,standard,,1,1,59,0.7,0,0,0,0,0,0,0,true,
2018 World Cup,2018,International,Screenshot 2026-05-18 150755.png,Miranda,Brazil,standard,,5,5,450,5,0,0,0,0,0,0,0,true,
2018 World Cup,2018,International,Screenshot 2026-05-18 150755.png,Aleksandar Mitrovié,Serbia,standard,,3,3,266,3,1,0,1,0,2,0,0.34,true,
2018 World Cup,2018,International,Screenshot 2026-05-18 150755.png,Luka Modrié,Croatia,standard,,7,7,691,7.7,2,1,3,1,2,0,0,true,
2018 World Cup,2018,International,Screenshot 2026-05-18 150804.png,Milad Mohammadi DFMF TE IR I,IR Iran,standard,,20,57,0,0,0,0,0,0,0,0,0,true,
2018 World Cup,2018,International,Screenshot 2026-05-18 150804.png,Johan Mojica,Colombia,standard,,4,4,390,4.3,0,0,0,1,0,0,0,true,
2018 World Cup,2018,International,Screenshot 2026-05-18 150804.png,Aaron Mooy,Australia,standard,,3,3.27,30,9,0,0,0,0,0,0,0,true,
2018 World Cup,2018,International,Screenshot 2026-05-18 150804.png,Héctor Moreno,Mexico,standard,,3,3,270,3,0,0,0,0,0,0,0,true,
2018 World Cup,2018,International,Screenshot 2026-05-18 150804.png,Yasser Al Mosailem,Saudi Arabia,standard,,1,190,9,0.1,0,0,0,0,0,0,0,true,
2018 World Cup,2018,International,Screenshot 2026-05-18 150804.png,Victor Moses,Nigeria,standard,,3,3,270,3,1,1,2,1,0,0,33,true,
2018 World Cup,2018,International,Screenshot 2026-05-18 150804.png,Joo Moutinho,Portugal,standard,,3,2,185,2.1,0,1,1,0,0,0,0,true,
2018 World Cup,2018,International,Screenshot 2026-05-18 150804.png,Thomas Muller,Germany,standard,,3,2,208,2.3,0,0,0,0,0,1,0,true,
2018 World Cup,2018,International,Screenshot 2026-05-18 150804.png,Munir,Morocco,standard,,3,3.27,30,9,0,0,0,0,0,0,0,true,
2018 World Cup,2018,International,Screenshot 2026-05-18 150804.png,Luis Muriel,Colombia,standard,,2,0,93,1,0,0,0,0,0,0,0,true,
2018 World Cup,2018,International,Screenshot 2026-05-18 150804.png,Oscar Murillo,Colombia,standard,,1,1,90,1,0,0,0,0,0,0,0,true,
2018 World Cup,2018,International,Screenshot 2026-05-18 150804.png,Ahmed Musa,Nigeria,standard,,3,2,208,2.3,2,0,2,0,0,0,0.87,true,
2018 World Cup,2018,International,Screenshot 2026-05-18 150804.png,Yoshinori Muté,Japan,standard,,1,1,81,0.9,0,0,0,0,0,0,0,true,
2018 World Cup,2018,International,Screenshot 2026-05-18 150804.png,Fahad Al Muwallad,Saudi Arabia,standard,,3,2,182,2,0,0,0,0,1,0,0,true,
2018 World Cup,2018,International,Screenshot 2026-05-18 150804.png,Alfred N'Diave,Senegal,standard,,2,2,149,1.7,0,0,0,0,0,0,0,true,
2018 World Cup,2018,International,Screenshot 2026-05-18 150804.png,Khadim N'Diaye,Senegal,standard,,3,3.27,30,9,0,0,0,0,0,0,0,true,
2018 World Cup,2018,International,Screenshot 2026-05-18 150804.png,Cheikh N'Dove,Senegal,standard,,2,0,39,0.4,0,0,0,0,1,0,0,true,
2018 World Cup,2018,International,Screenshot 2026-05-18 150804.png,Andrew Nabbout,Australia,standard,,192,2,24137,1.5,0,0,0,0,0,0,0,true,
2018 World Cup,2018,International,Screenshot 2026-05-18 150804.png,Nacho,Spain,standard,,2,2,459,1.8,1,0,1,0,0,0,0,true,
2018 World Cup,2018,International,Screenshot 2026-05-18 150804.png,Yuto Nagatomo,Japan,standard,,4,4,360,4,0,1,1,0,0,0,0,true,
2018 World Cup,2018,International,Screenshot 2026-05-18 150804.png,Hemdi Nagguez,Tunisia,standard,,2,1,457,1.7,0,1,1,0,0,0,0,true,
2018 World Cup,2018,International,Screenshot 2026-05-18 150811.png,Keylor Navas,Costa Rica,standard,,3,3.27,30,9,0,0,0,0,0,0,0,true,
2018 World Cup,2018,International,Screenshot 2026-05-18 150811.png,Badou Ndiaye,Senegal,standard,,1,1,810,9,0,0,0,0,0,0,0,true,
2018 World Cup,2018,International,Screenshot 2026-05-18 150811.png,Wilfred Ndidi,Nigeria,standard,,21,996,0,0,30,0,30,0,0,0,0,true,
2018 World Cup,2018,International,Screenshot 2026-05-18 150811.png,Manuel Never,Germany,standard,,3,3,270,3,0,0,0,0,0,0,0,true,
2018 World Cup,2018,International,Screenshot 2026-05-18 150811.png,Neymar,Brazil,standard,,5,5,450,5,2,2,4,0,1,0,0.4,true,
2018 World Cup,2018,International,Screenshot 2026-05-18 150811.png,M'Baye Niang,Senegal,standard,,3,324427,126,1.4,2,1,3,2,0,0.37,0.37,true,
2018 World Cup,2018,International,Screenshot 2026-05-18 150811.png,Simeon Nwankwo,Nigeria,standard,,2,0,0,0,0,0,0,0,0,0,0,true,
2018 World Cup,2018,International,Screenshot 2026-05-18 150811.png,John Obi Mikel,Nigeria,standard,,3,3,267,3,0,1,1,0,0,0,0,true,
2018 World Cup,2018,International,Screenshot 2026-05-18 150811.png,Guillermo Ochoa,Mexico,standard,,4,4,360,4,0,0,0,0,0,0,0,true,
2018 World Cup,2018,International,Screenshot 2026-05-18 150811.png,Shinji Okazaki,Japan,standard,,3,1,68,0.8,0,0,0,0,0,0,0,true,
2018 World Cup,2018,International,Screenshot 2026-05-18 150811.png,Robin Olsen,Sweden,standard,,28,990,450,5,450,50,500,0,0,0,0,true,
2018 World Cup,2018,International,Screenshot 2026-05-18 150811.png,Martin Olsson DFMF BEB Swed,Sweden,standard,,2,0,35,0.4,0,0,0,0,0,0,0,true,
2018 World Cup,2018,International,Screenshot 2026-05-18 150811.png,Kenneth Omeruo,Nigeria,standard,,2,2,179,2,0,1,1,0,0,0,0.5,true,
2018 World Cup,2018,International,Screenshot 2026-05-18 150811.png,Yuya Osako,Japan,standard,,4,3,308,3.4,1,0,1,0,0,0,290,true,
2018 World Cup,2018,International,Screenshot 2026-05-18 150811.png,David Ospina,Colombia,standard,,4,4,390,4.3,0,0,0,0,0,0,0,true,
2018 World Cup,2018,International,Screenshot 2026-05-18 150811.png,Luis Ovalle,Panama,standard,,1,1,90,1,0,0,0,0,0,0,0,true,
2018 World Cup,2018,International,Screenshot 2026-05-18 150811.png,Mohammed Al-Owais,Saudi Arabia,standard,,1,190,9,0.1,0,0,0,0,0,0,0,true,
2018 World Cup,2018,International,Screenshot 2026-05-18 150811.png,Mesut Ozil,Germany,standard,,2,2,180,2,0,0,0,0,0,0,0,true,
2018 World Cup,2018,International,Screenshot 2026-05-18 150811.png,Rui Patricio,Portugal,standard,,4,4,360,4,0,0,0,0,0,0,0,true,
2018 World Cup,2018,International,Screenshot 2026-05-18 150811.png,Paulinho,Brazil,standard,,5,5,349,3.9,1,0,1,0,0,0,0,true,
2018 World Cup,2018,International,Screenshot 2026-05-18 150825.png,Michat Pazdan,Poland,standard,,2,2,169,1.9,0,0,0,0,0,0,0,true,
2018 World Cup,2018,International,Screenshot 2026-05-18 150825.png,Jaime Penedo,Panama,standard,,3,3.27,30,9,0,0,0,0,0,0,0,true,
2018 World Cup,2018,International,Screenshot 2026-05-18 150825.png,Oribe Peralta,Mexico,standard,,1,2,0,0,0,0,0,0,0,0,0,true,
2018 World Cup,2018,International,Screenshot 2026-05-18 150825.png,Ricardo Pereira,Portugal,standard,,1,1,90,1,0,0,0,0,0,0,0,true,
2018 World Cup,2018,International,Screenshot 2026-05-18 150825.png,Blas Pérez,Panama,standard,,2,2,162,1.8,9,0,9,0,0,0,0,true,
2018 World Cup,2018,International,Screenshot 2026-05-18 150825.png,Stawomir Peszko,Poland,standard,,1,0,9,0.1,0,0,0,0,0,0,0,true,
2018 World Cup,2018,International,Screenshot 2026-05-18 150825.png,Jordan Pickford,England,standard,,7,7,690,7.7,9,0,9,0,0,0,0,true,
2018 World Cup,2018,International,Screenshot 2026-05-18 150825.png,Gerard Piqué,Spain,standard,,4,4,390,4.3,0,0,0,0,0,1,0,true,
2018 World Cup,2018,International,Screenshot 2026-05-18 150825.png,Lukasz Piszczek,Poland,standard,,2,2,172,1.9,0,0,0,0,0,0,0,true,
2018 World Cup,2018,International,Screenshot 2026-05-18 150825.png,Josip Pivarié,Croatia,standard,,4,1,203,2.3,0,0,0,0,1,0,0,true,
2018 World Cup,2018,International,Screenshot 2026-05-18 150825.png,Yussuf Poulsen MEFW i Denm,Denmark,standard,,33,268,90,1,0,1,1,0,2,0,0.34,true,
2018 World Cup,2018,International,Screenshot 2026-05-18 150825.png,Morteza Pouraliganii,IR Iran,standard,,3,3,270,3,0,0,0,0,0,0,0,true,
2018 World Cup,2018,International,Screenshot 2026-05-18 150825.png,Ricardo Quaresma,Portugal,standard,,3,1,116,1.3,1,0,1,0,0,1,780,true,
2018 World Cup,2018,International,Screenshot 2026-05-18 150825.png,Juan Quintero,Colombia,standard,,4,4,307,3.4,1,2,3,0,0,0,0,true,
2018 World Cup,2018,International,Screenshot 2026-05-18 150825.png,Nemanja Radonjié FIM El Serb,Serbia,standard,,2,0,18,0.2,0,0,0,0,0,0,0,true,
2018 World Cup,2018,International,Screenshot 2026-05-18 150825.png,Ivan Rakitié,Croatia,standard,,7,6,640,7.1,1,0,1,0,0,1,1,true,
2018 World Cup,2018,International,Screenshot 2026-05-18 150834.png,Sergio Ramos,Spain,standard,,4,4,390,4.3,0,0,0,0,0,0,0,true,
2018 World Cup,2018,International,Screenshot 2026-05-18 150834.png,Ante Rebié,Croatia,standard,,6,6,543,6,1,0,1,0,0,2,17,true,
2018 World Cup,2018,International,Screenshot 2026-05-18 150834.png,Ramin Rezaeian,IR Iran,standard,,3,3,270,3,0,0,0,0,0,0,0,true,
2018 World Cup,2018,International,Screenshot 2026-05-18 150834.png,Josh Risdon,Australia,standard,,3,3,270,3,0,0,0,0,0,1,0,true,
2018 World Cup,2018,International,Screenshot 2026-05-18 150834.png,Rodrigo,Spain,standard,,3,0,0,0,0,0,0,0,0,0,0,true,
2018 World Cup,2018,International,Screenshot 2026-05-18 150834.png,James Rodriquez,Colombia,standard,,3,2,153,1.7,0,2,2,0,0,1,0,true,
2018 World Cup,2018,International,Screenshot 2026-05-18 150834.png,Ricardo Rodriquez,Switzerland,standard,,4,4,360,4,0,0,0,0,0,0,0,true,
2018 World Cup,2018,International,Screenshot 2026-05-18 150834.png,Tom Rogié,Australia,standard,,3,3,223,2.5,0,0,0,0,0,1,0,true,
2018 World Cup,2018,International,Screenshot 2026-05-18 150834.png,Marcos Rojo,Argentina,standard,,3,3,225,2.5,12,2,14,1,0,0.4,0.4,true,
2018 World Cup,2018,International,Screenshot 2026-05-18 150834.png,Danny Rose,England,standard,,5,2,205,2.3,0,0,0,0,0,0,0,true,
2018 World Cup,2018,International,Screenshot 2026-05-18 150834.png,Antonio Rudiger,Germany,standard,,19931,1,810,9,10,0,10,0,0,0,0,true,
2018 World Cup,2018,International,Screenshot 2026-05-18 150834.png,Bryan Ruiz,Costa Rica,standard,,3,3270301,0,0,0,0,0,0,0,0,0,true,
2018 World Cup,2018,International,Screenshot 2026-05-18 150834.png,Antonio Rukavina,Serbia,standard,,2,1,99,1,0,0,0,0,0,0,0,true,
2018 World Cup,2018,International,Screenshot 2026-05-18 150834.png,Mathew Ryan,Australia,standard,,3,3,270,3,0,0,0,0,0,0,0,true,
2018 World Cup,2018,International,Screenshot 2026-05-18 150834.png,Maciej Rybus MDF gum Pola,Poland,standard,,2,2,160,2,0,0,0,0,0,0,0,true,
2018 World Cup,2018,International,Screenshot 2026-05-18 150834.png,Mohammed Alsahlawi,Saudi Arabia,standard,,2,1,96,1.1,0,0,0,0,0,0,0,true,
2018 World Cup,2018,International,Screenshot 2026-05-18 150846.png,Teent Sainsbury,Australia,standard,,3,3,270,3,0,0,0,0,0,0,0,true,
2018 World Cup,2018,International,Screenshot 2026-05-18 150846.png,Romain Saiss,Morocco,standard,,2,2,180,2,0,0,0,0,0,0,0,true,
2018 World Cup,2018,International,Screenshot 2026-05-18 150846.png,GBtoky Saki,Japan,standard,,1,1,90,1,0,0,0,0,0,0,0,true,
2018 World Cup,2018,International,Screenshot 2026-05-18 150846.png,Hiroki Sakai,Japan,standard,,4,4,360,4,0,0,0,0,0,0,0,true,
2018 World Cup,2018,International,Screenshot 2026-05-18 150846.png,Diafra Sakho,Senegal,standard,,1,0,9,0.1,0,0,0,0,0,0,0,true,
2018 World Cup,2018,International,Screenshot 2026-05-18 150846.png,Carlos Salcedo,Mexico,standard,,4,4,360,4,0,0,0,0,0,0,0,true,
2018 World Cup,2018,International,Screenshot 2026-05-18 150846.png,Aleksandr Samedov,Russia,standard,,5,5.356,40,0.4,0,0,0,0,0,0,0,true,
2018 World Cup,2018,International,Screenshot 2026-05-18 150846.png,Carlos Sénchez,Colombia,standard,,3,3,170,1.9,0,0,0,0,0,1,1,true,
2018 World Cup,2018,International,Screenshot 2026-05-18 150846.png,Davinson Sénchez,Colombia,standard,,4,4.39,43,0.5,0,0,0,0,0,0,0,true,
2018 World Cup,2018,International,Screenshot 2026-05-18 150846.png,Ismaile Sarr MrjFW BBM Sene,Senegal,standard,,3,3,270,3,0,0,0,0,6,0,0,true,
2018 World Cup,2018,International,Screenshot 2026-05-18 150846.png,Ferjani Sassi,Tunisia,standard,,3,3,193,2.1,1,0,1,1,14,2,0,true,
2018 World Cup,2018,International,Screenshot 2026-05-18 150846.png,Fabian Schar,Switzerland,standard,,3,3,270,3,0,0,0,0,0,2,0,true,
2018 World Cup,2018,International,Screenshot 2026-05-18 150846.png,Ju Se-iong,Korea Republic,standard,,2,1,85,0.9,0,1,1,0,0,0,0,true,
2018 World Cup,2018,International,Screenshot 2026-05-18 150846.png,Haris Seferovié,Switzerland,standard,,3,2,142,1.6,0,0,0,0,0,0,0,true,
2018 World Cup,2018,International,Screenshot 2026-05-18 150846.png,Moon Seon-min,Korea Republic,standard,,2,2,144,1.6,0,0,0,0,0,1,0,true,
2018 World Cup,2018,International,Screenshot 2026-05-18 150846.png,Lee Seung-woo FWMF fe Kore,Korea Republic,standard,,2,0,46,0.5,0,0,0,0,0,1,0,true,
2018 World Cup,2018,International,Screenshot 2026-05-18 150846.png,Yasser Al-Shahrani,Saudi Arabia,standard,,3,3,270,3,0,0,0,0,0,0,0,true,
2018 World Cup,2018,International,Screenshot 2026-05-18 150856.png,Yahya Al-Shehri,Saudi Arabia,standard,,2,1,85,0.9,0,0,0,0,0,0,0,true,
2018 World Cup,2018,International,Screenshot 2026-05-18 150856.png,Gal Shibasaki,Japan,standard,,4,4,339,3.8,0,1,1,0,0,1,0,true,
2018 World Cup,2018,International,Screenshot 2026-05-18 150856.png,Kim Shin-wook,Korea Republic,standard,,1,1,66,0.7,0,0,0,0,1,0,0,true,
2018 World Cup,2018,International,Screenshot 2026-05-18 150856.png,Masoud Shojaei we ZZ giran,IR Iran,standard,,1,1,67,0.7,0,0,0,0,0,1,0,true,
2018 World Cup,2018,International,Screenshot 2026-05-18 150856.png,Gen Shoji,Japan,standard,,3,3,270,3,0,0,0,0,0,0,0,true,
2018 World Cup,2018,International,Screenshot 2026-05-18 150856.png,Bjorn Siguréarson,Iceland,standard,,3,0,43,0.5,0,0,0,0,0,0,0,true,
2018 World Cup,2018,International,Screenshot 2026-05-18 150856.png,Gy Sigurdsson MFFW BIBS Icel,Iceland,standard,,3,3,270,3,1,0,1,1,2,0,0,true,
2018 World Cup,2018,International,Screenshot 2026-05-18 150856.png,Ragnar Sigurdsson,Iceland,standard,,3,3.223,27,0.3,0,0,0,0,0,0,0,true,
2018 World Cup,2018,International,Screenshot 2026-05-18 150856.png,Adrien Silva,Portugal,standard,,3,2,156,1.7,0,1,1,0,0,1,0,true,
2018 World Cup,2018,International,Screenshot 2026-05-18 150856.png,Bemardo Silva,Portugal,standard,,4,3,238,2.6,0,0,0,0,0,0,0,true,
2018 World Cup,2018,International,Screenshot 2026-05-18 150856.png,David silva,Spain,standard,,4,4,324,3.6,0,0,0,0,0,0,0,true,
2018 World Cup,2018,International,Screenshot 2026-05-18 150856.png,Thiago Silva,Brazil,standard,,5,5,450,5,1,0,1,0,0,0,0,true,
2018 World Cup,2018,International,Screenshot 2026-05-18 150856.png,Pione Sisto MEFW EiiDenm,Denmark,standard,,43,230,27,0.3,0,0,0,0,1,0,0,true,
2018 World Cup,2018,International,Screenshot 2026-05-18 150856.png,Ellyes Skhiri,Tunisia,standard,,3,3,270,3,0,0,0,0,0,0,0,true,
2018 World Cup,2018,International,Screenshot 2026-05-18 150856.png,Naim Siti,Tunisia,standard,,3,2,180,2,0,0,0,0,0,0,0,true,
2018 World Cup,2018,International,Screenshot 2026-05-18 150856.png,Ian Smith,Costa Rica,standard,,1,0,0,0,0,0,0,0,0,0,0,true,
2018 World Cup,2018,International,Screenshot 2026-05-18 150856.png,Igor Smolnikov,Russia,standard,,1,1,35,0.4,0,0,0,0,0,2,1,true,
2018 World Cup,2018,International,Screenshot 2026-05-18 150856.png,Fyodor Smolov,Russia,standard,,5,1,222,2.5,0,0,0,0,0,1,0,true,
2018 World Cup,2018,International,Screenshot 2026-05-18 150856.png,Cédric Soares,Portugal,standard,,3,3,270,3,0,0,0,0,0,1,0,true,
2018 World Cup,2018,International,Screenshot 2026-05-18 150903.png,Bassem Srarfi FWMP KE Tuni,Tunisia,standard,,1,0,0,0,0,0,0,0,0,0,0,true,
2018 World Cup,2018,International,Screenshot 2026-05-18 150903.png,Raheem Sterling,England,standard,,6,6,451,5,0,1,1,0,0,0,0,true,
2018 World Cup,2018,International,Screenshot 2026-05-18 150903.png,Vladimir Stojkovié,Serbia,standard,,3,3,270,3,0,0,0,0,0,0,0,true,
2018 World Cup,2018,International,Screenshot 2026-05-18 150903.png,John Stones,England,standard,,7,7,645,7.2,2,0,2,0,1,0,0.28,true,
2018 World Cup,2018,International,Screenshot 2026-05-18 150903.png,Ivan Strinié,Croatia,standard,,6,6,508,5.6,0,0,0,0,1,0,0,true,
2018 World Cup,2018,International,Screenshot 2026-05-18 150903.png,Cristhian Stuani,Uruguay,standard,,2,1,75,0.8,0,0,0,0,0,0,0,true,
2018 World Cup,2018,International,Screenshot 2026-05-18 150903.png,Luis Suérez,Uruguay,standard,,5,5,450,5,2,1,3,0,0,0,0,true,
2018 World Cup,2018,International,Screenshot 2026-05-18 150903.png,Danijel Subadié,Croatia,standard,,6,6,630,7.01,0,0,0,0,0,0,0,true,
2018 World Cup,2018,International,Screenshot 2026-05-18 150903.png,Ki Sung-yueng,Korea Republic,standard,,2,2,180,2,0,0,0,0,0,0,0,true,
2018 World Cup,2018,International,Screenshot 2026-05-18 150903.png,Gustav Svensson,Sweden,standard,,3,113415,0,0,0,0,0,0,0,0,0,true,
2018 World Cup,2018,International,Screenshot 2026-05-18 150903.png,Wojciech Szczesny,Poland,standard,,2,2,180,2,0,0,0,0,0,0,0,true,
2018 World Cup,2018,International,Screenshot 2026-05-18 150903.png,Dugan Tadié,Serbia,standard,,3,3,261,2.9,0,1,1,0,0,0,0,true,
2018 World Cup,2018,International,Screenshot 2026-05-18 150903.png,Renato Tapia,Peru,standard,,2,2,148,1.6,0,0,0,0,0,1,0,true,
2018 World Cup,2018,International,Screenshot 2026-05-18 150903.png,Mehdi Taremi,IR Iran,standard,,3,2,203,2.3,0,0,0,0,0,0,0,true,
2018 World Cup,2018,International,Screenshot 2026-05-18 150903.png,Luis Tejada,Panama,standard,,2,0,53,0.6,0,0,0,0,1,0,0,true,
2018 World Cup,2018,International,Screenshot 2026-05-18 150903.png,Lukasz Teodorcevk,Poland,standard,,2,0,0,0,0,0,0,0,0,0,0,true,
2018 World Cup,2018,International,Screenshot 2026-05-18 150903.png,Ola Toivonen,Sweden,standard,,5,5,397,4.4,1,1,2,0,0,0,0,true,
2018 World Cup,2018,International,Screenshot 2026-05-18 150903.png,Lucas Torreira,Uruguay,standard,,5,3,306,3.4,0,0,0,0,0,0,0,true,
2018 World Cup,2018,International,Screenshot 2026-05-18 150914.png,Gabriel Torres,Panama,standard,,2,1,73,0.8,0,0,0,0,0,0,0,true,
2018 World Cup,2018,International,Screenshot 2026-05-18 150914.png,Dusko Tosié,Serbia,standard,,2,2,180,2,9,0,9,0,0,0,0,true,
2018 World Cup,2018,International,Screenshot 2026-05-18 150914.png,Kieran Trippier,England,standard,,6,6,579,6.4,1,1,2,0,0,0,0,true,
2018 World Cup,2018,International,Screenshot 2026-05-18 150914.png,William Troost-Ekong,Nigeria,standard,,3,3,270,3,0,0,0,0,0,0,0,true,
2018 World Cup,2018,International,Screenshot 2026-05-18 150914.png,Marco Urefia,Costa Rica,standard,,2,2,118,1.3,0,0,0,0,0,0,0,true,
2018 World Cup,2018,International,Screenshot 2026-05-18 150914.png,Mateus Uribe,Colombia,standard,,3,1,183,2,0,9,9,0,0,0,0,true,
2018 World Cup,2018,International,Screenshot 2026-05-18 150914.png,Takashi Usami,Japan,standard,,2,1,68,0.8,0,0,0,0,0,0,0,true,
2018 World Cup,2018,International,Screenshot 2026-05-18 150914.png,Francis Uzoho,Nigeria,standard,,3,3,270,3,0,0,0,0,0,0,0,true,
2018 World Cup,2018,International,Screenshot 2026-05-18 150914.png,Raphaél Varane,France,standard,,7,7,630,7,1,0,1,0,0,0,0.14,true,
2018 World Cup,2018,International,Screenshot 2026-05-18 150914.png,Jamie Vardy,England,standard,,4,1,160,1.8,0,0,0,0,0,0,0,true,
2018 World Cup,2018,International,Screenshot 2026-05-18 150914.png,Guillermo Varela,Uruguay,standard,,2,2,180,2,0,0,0,0,0,0,0,true,
2018 World Cup,2018,International,Screenshot 2026-05-18 150914.png,Lucas Vézquez,Spain,standard,,2,1,83,0.9,0,0,0,0,0,0,0,true,
2018 World Cup,2018,International,Screenshot 2026-05-18 150914.png,Matias Vecino,Uruguay,standard,,5,5,414,4.6,0,0,0,0,0,0,0,true,
2018 World Cup,2018,International,Screenshot 2026-05-18 150914.png,Carlos Vela MEW BP Mexi,Mexico,standard,,4,4,313,3.5,1,0,1,2,1,0,0,true,
2018 World Cup,2018,International,Screenshot 2026-05-18 150914.png,Milo Velikovié,Serbia,standard,,1,1,90,1,0,0,0,0,0,0,0,true,
2018 World Cup,2018,International,Screenshot 2026-05-18 150914.png,Johan Venegas,Costa Rica,standard,,2,2,149,1.7,0,0,0,0,0,0,0,true,
2018 World Cup,2018,International,Screenshot 2026-05-18 150914.png,Thomas Vermaelen,Belgium,standard,,3,1,133,1.5,0,0,0,0,0,0,0,true,
2018 World Cup,2018,International,Screenshot 2026-05-18 150914.png,Domagoj Vida,Croatia,standard,,6,6,630,7,1,1,2,0,0,1,14,true,
2018 World Cup,2018,International,Screenshot 2026-05-18 150914.png,Sime Vrsaliko,Croatia,standard,,6,6,606,6.7,0,1,1,0,0,2,0.00015,true,
2018 World Cup,2018,International,Screenshot 2026-05-18 150931.png,Kyle Walker,England,standard,,5,5,493,5.5,0,0,0,0,0,2,0,true,
2018 World Cup,2018,International,Screenshot 2026-05-18 150931.png,Rodney Wallace DFMF im Cost,Costa Rica,standard,,1,0,90,1,0,0,0,0,0,0,0,true,
2018 World Cup,2018,International,Screenshot 2026-05-18 150931.png,Danny Welbeck FWWMF - Engl,England,standard,,1,0,32,0.1,0,0,0,0,0,0,0,true,
2018 World Cup,2018,International,Screenshot 2026-05-18 150931.png,Timo Werner,Germany,standard,,3,3,265,2.9,0,0,0,0,0,0,0,true,
2018 World Cup,2018,International,Screenshot 2026-05-18 150931.png,Willian,Brazil,standard,,5,5,359,4,1,1,2,0,0.25,0.25,0,true,
2018 World Cup,2018,International,Screenshot 2026-05-18 150931.png,Axel Witse,Belgium,standard,,6,6,539,6,0,0,0,0,0,1,0,true,
2018 World Cup,2018,International,Screenshot 2026-05-18 150931.png,Jung Woo-young,Korea Republic,standard,,3,1,128,1.4,0,0,0,0,0,2,0,true,
2018 World Cup,2018,International,Screenshot 2026-05-18 150931.png,Granit Xhaka,Switzerland,standard,,4,4,360,4,1,0,1,0,0,1,0,true,
2018 World Cup,2018,International,Screenshot 2026-05-18 150931.png,Go Yo-han DRFW Sef Kore,Korea Republic,standard,,1,0,9,0.1,0,0,0,0,0,0,0,true,
2018 World Cup,2018,International,Screenshot 2026-05-18 150931.png,Edgar Yoel Barcenas,Panama,standard,,3,3,220,2.4,0,0,0,0,0,4,0,true,
2018 World Cup,2018,International,Screenshot 2026-05-18 150931.png,Lee Yong,Korea Republic,standard,,3,3,270,3,0,0,0,0,0,42,0,true,
2018 World Cup,2018,International,Screenshot 2026-05-18 150931.png,Yoshimar Yotun,Peru,standard,,3,3,180,2,0,0,0,0,1,0,0,true,
2018 World Cup,2018,International,Screenshot 2026-05-18 150931.png,Ashley Young,England,standard,,5,5,461,5.1,0,1,1,0,0,0.2,0.2,true,
2018 World Cup,2018,International,Screenshot 2026-05-18 150931.png,Kim Young-qwon,Korea Republic,standard,,3,3,270,3,1,0,1,0,4,0,33,true,
2018 World Cup,2018,International,Screenshot 2026-05-18 150931.png,Cristién Zapata,Colombia,standard,,1,0,50,0.6,0,0,0,0,0,0,0,true,
2018 World Cup,2018,International,Screenshot 2026-05-18 150931.png,Piotr Zieliriski,Poland,standard,,3,3,258,2.9,0,0,0,0,0,0,0,true,
2018 World Cup,2018,International,Screenshot 2026-05-18 150931.png,Andrija Zivkovi,Serbia,standard,,1,0,18,0.2,0,0,0,0,0,0,0,true,
2018 World Cup,2018,International,Screenshot 2026-05-18 150931.png,Hakim Ziyech,Morocco,standard,,3,3,264,2.9,0,0,0,0,0,0,0,true,
2018 World Cup,2018,International,Screenshot 2026-05-18 150931.png,Steven Zuber,Switzerland,standard,,3,3,251,2.8,1,0,1,0,0,0,0,true,
2018 World Cup,2018,International,Screenshot 2026-05-18 150931.png,Hannes érHalldérsson,Iceland,standard,,3,3.27,0,0,0,0,0,0,40,0,0,true,
2022 World Cup,2022,International,FBref screenshot manual verification,Kylian Mbappe,France,standard,,7,6,598,6.6,8,2,10,2,2,0,0,true,true
2022 World Cup,2022,International,FBref screenshot manual verification,Lionel Messi,Argentina,standard,,7,7,690,7.7,7,3,10,4,5,1,0,true,true
2022 World Cup,2022,International,FBref screenshot manual verification,Cristiano Ronaldo,Portugal,standard,,5,3,290,3.2,1,0,1,1,1,0,0,true,true
2022 World Cup,2022,International,FBref screenshot manual verification,Ousmane Dembele,France,standard,,7,6,433,4.8,0,2,2,0,0,1,0,true,true
2022 World Cup,2022,International,FBref screenshot manual verification,Raphinha,Brazil,standard,,5,4,315,3.5,0,1,1,0,0,0,0,true,true
2022 World Cup,2022,International,FBref screenshot manual verification,Phil Foden,England,standard,,4,3,258,2.9,1,2,3,0,0,0,0,true,true
2022 World Cup,2022,International,FBref screenshot manual verification,Harry Kane,England,standard,,5,5,402,4.5,2,3,5,1,2,0,0,true,true
2022 World Cup,2022,International,FBref screenshot manual verification,Bukayo Saka,England,standard,,4,4,288,3.2,3,0,3,0,0,0,0,true,true
2022 World Cup,2022,International,FBref screenshot manual verification,Achraf Hakimi,Morocco,standard,,7,7,631,7,0,1,1,0,0,0,0,true,true
2022 World Cup,2022,International,FBref screenshot manual verification,Jamal Musiala,Germany,standard,,3,3,258,2.9,0,1,1,0,0,0,0,true,true
2022 World Cup,2022,International,FBref screenshot manual verification,Bruno Fernandes,Portugal,standard,,4,4,356,4,2,3,5,1,1,1,0,true,true
2022 World Cup,2022,International,FBref screenshot manual verification,Pedri,Spain,standard,,4,4,356,4,0,0,0,0,0,0,0,true,true
2022 World Cup,2022,International,FBref screenshot manual verification,Vinicius Junior,Brazil,standard,,4,4,299,3.3,1,2,3,0,0,0,0,true,true
2022 World Cup,2022,International,FBref screenshot manual verification,Neymar,Brazil,standard,,3,3,279,3.1,2,0,2,1,1,1,0,true,true
2018 World Cup,2018,International,FBref screenshot manual verification,Kylian Mbappe,France,standard,,7,6,532,5.9,4,0,4,0,0,2,0,true,true
2018 World Cup,2018,International,FBref screenshot manual verification,Cristiano Ronaldo,Portugal,standard,,4,4,360,4,4,0,4,1,2,0,0,true,true
2018 World Cup,2018,International,FBref screenshot manual verification,Lionel Messi,Argentina,standard,,4,4,360,4,1,2,3,0,1,0,0,true,true
2018 World Cup,2018,International,FBref screenshot manual verification,Ousmane Dembele,France,standard,,4,2,165,1.8,0,0,0,0,0,0,0,true,true
2018 World Cup,2018,International,FBref screenshot manual verification,Achraf Hakimi,Morocco,standard,,3,3,270,3,0,0,0,0,0,1,0,true,true
2018 World Cup,2018,International,FBref screenshot manual verification,Harry Kane,England,standard,,6,6,572,6.4,6,0,6,3,3,0,0,true,true