date,league,homeTeam,awayTeam,homeOdds,drawOdds,awayOdds,oddsSource,oddsStatus,oddsSourceUrl,oddsSnapshotAt,espnEventId,kickoffUtc,fixtureSource,homeLogoUrl,awayLogoUrl,homeRecord,awayRecord
2026-05-13,EPL,Man City,Crystal Palace,1.29,6.00,11.50,Oddschecker,Public odds found,https://www.oddschecker.com/us/soccer/premier-league/man-city-v-crystal-palace,2026-05-13T18:30:00-05:00,,,,,,,
2026-05-13,La Liga,Alaves,Barcelona,3.38,3.90,2.17,SportyTrader,Public odds found,https://www.sportytrader.com/es/apuestas/deportivo-alaves-barcelona-7687651/,2026-05-13T18:30:00-05:00,,,,,,,
2026-05-13,Ligue 1,Lens,Paris SG,3.20,4.02,2.23,SportyTrader,Public odds found,https://www.sportytrader.com/en/odds/lens-psg-7679426/,2026-05-13T18:30:00-05:00,,,,,,,
2026-05-14,La Liga,Real Madrid,Oviedo,1.29,6.00,9.00,RotoWire/SportsGambler,Public odds found,https://www.xscores.com/betting/football-predictions/real-madrid-cf-real-oviedo-prediction-14-05-2026/,2026-05-14T18:30:00-05:00,,,,,,,
2026-05-15,EPL,Aston Villa,Liverpool,3.05,3.60,2.54,SportyTrader,Public odds refreshed,https://www.sportytrader.com/en/odds/football/england/,2026-05-15T10:45:00-05:00,,,,,,,
2026-05-16,Bundesliga,Bayern Munich,FC Koln,1.19,9.60,15.50,SportyTrader,Public odds refreshed,https://www.sportytrader.com/en/odds/football/germany/,2026-05-15T02:05:00-05:00,,,,,,,
2026-05-17,EPL,Man United,Nott'm Forest,1.66,4.53,5.25,SportyTrader,Public odds refreshed,https://www.sportytrader.com/en/odds/football/england/,2026-05-15T02:05:00-05:00,,,,,,,
2026-05-17,La Liga,Ath Madrid,Girona,1.88,3.90,4.40,SportyTrader,Public odds refreshed,https://www.sportytrader.com/en/odds/football/spain/,2026-05-15T02:05:00-05:00,,,,,,,
2026-05-17,La Liga,Barcelona,Betis,1.44,6.00,8.25,SportyTrader,Public odds refreshed,https://www.sportytrader.com/en/odds/football/spain/,2026-05-15T02:05:00-05:00,,,,,,,
2026-05-17,La Liga,Sevilla,Real Madrid,3.46,3.70,2.26,SportyTrader,Public odds refreshed,https://www.sportytrader.com/en/odds/football/spain/,2026-05-15T02:05:00-05:00,,,,,,,
2026-05-17,Ligue 1,Nantes,Toulouse,2.78,3.39,2.78,SportyTrader,Public odds fallback,https://www.sportytrader.com/en/odds/nantes-toulouse-7679427/,2026-05-22T04:00:51.345Z,746714,2026-05-17T19:00Z,ESPN public event API,https://a.espncdn.com/i/teamlogos/soccer/500/165.png,https://a.espncdn.com/i/teamlogos/soccer/500/179.png,5-8-20,12-8-13
2026-05-17,Ligue 1,Paris FC,Paris SG,7.90,5.84,1.39,SportyTrader,Public odds refreshed,https://www.sportytrader.com/en/odds/football/france/,2026-05-15T02:05:00-05:00,,,,,,,
2026-05-18,EPL,Arsenal,Burnley,1.11,12.90,30.00,SportyTrader,Public odds refreshed,https://www.sportytrader.com/en/odds/football/england/,2026-05-15T02:05:00-05:00,,,,,,,
2026-05-19,EPL,Bournemouth,Man City,4.72,4.40,1.75,SportyTrader,Public odds refreshed,https://www.sportytrader.com/en/odds/football/england/,2026-05-15T10:45:00-05:00,,,,,,,
2026-05-19,EPL,Chelsea,Tottenham,2.17,3.90,3.40,SportyTrader,Public odds refreshed,https://www.sportytrader.com/en/odds/football/england/,2026-05-15T10:45:00-05:00,,,,,,,
2026-05-22,Serie A,Fiorentina,Atalanta,2.70,3.45,2.52,The Odds API,Live bookmaker average (8 books),https://the-odds-api.com/liveapi/guides/v4/#get-odds,2026-05-22T09:44:05.768Z,737161,2026-05-22T18:45Z,ESPN public event API,,,,
2026-05-23,La Liga,Alavés,Rayo Vallecano,2.48,3.34,2.86,The Odds API,Live bookmaker average (7 books),https://the-odds-api.com/liveapi/guides/v4/#get-odds,2026-05-22T23:39:11.957Z,748523,2026-05-23T19:00Z,ESPN public event API,,,,
2026-05-23,La Liga,Betis,Levante,2.27,3.22,3.29,The Odds API,Live bookmaker average (8 books),https://the-odds-api.com/liveapi/guides/v4/#get-odds,2026-05-22T23:39:11.957Z,748522,2026-05-23T19:00Z,ESPN public event API,,,,
2026-05-23,La Liga,Celta Vigo,Sevilla,1.73,3.69,4.87,The Odds API,Live bookmaker average (8 books),https://the-odds-api.com/liveapi/guides/v4/#get-odds,2026-05-22T23:39:11.957Z,748517,2026-05-23T19:00Z,ESPN public event API,,,,
2026-05-23,La Liga,Espanyol,Real Sociedad,2.22,3.58,3.07,The Odds API,Live bookmaker average (8 books),https://the-odds-api.com/liveapi/guides/v4/#get-odds,2026-05-22T23:39:11.957Z,748516,2026-05-23T19:00Z,ESPN public event API,,,,
2026-05-23,La Liga,Getafe,Osasuna,2.67,2.74,3.18,The Odds API,Live bookmaker average (8 books),https://the-odds-api.com/liveapi/guides/v4/#get-odds,2026-05-22T23:39:11.957Z,748518,2026-05-23T19:00Z,ESPN public event API,,,,
2026-05-23,La Liga,Girona,Elche,1.76,3.92,4.34,The Odds API,Live bookmaker average (8 books),https://the-odds-api.com/liveapi/guides/v4/#get-odds,2026-05-22T23:39:11.957Z,748520,2026-05-23T19:00Z,ESPN public event API,,,,
2026-05-23,La Liga,Mallorca,Oviedo,1.45,4.46,7.16,The Odds API,Live bookmaker average (8 books),https://the-odds-api.com/liveapi/guides/v4/#get-odds,2026-05-22T23:39:11.957Z,748521,2026-05-23T19:00Z,ESPN public event API,,,,
2026-05-23,Serie A,Bologna,Inter Milan,3.00,3.65,2.21,The Odds API,Live bookmaker average (8 books),https://the-odds-api.com/liveapi/guides/v4/#get-odds,2026-05-22T23:39:11.957Z,737154,2026-05-23T16:00Z,ESPN public event API,,,,
2026-05-23,Serie A,Lazio,Pisa,1.57,4.11,5.66,The Odds API,Live bookmaker average (8 books),https://the-odds-api.com/liveapi/guides/v4/#get-odds,2026-05-22T23:39:11.957Z,737159,2026-05-23T18:45Z,ESPN public event API,,,,
2026-05-24,EPL,Brighton,Man United,1.82,4.20,3.79,The Odds API,Live bookmaker average (9 books),https://the-odds-api.com/liveapi/guides/v4/#get-odds,2026-05-23T22:16:46.384Z,740966,2026-05-24T15:00Z,ESPN public event API,,,,
2026-05-24,EPL,Burnley,Wolves,2.33,3.61,2.89,The Odds API,Live bookmaker average (9 books),https://the-odds-api.com/liveapi/guides/v4/#get-odds,2026-05-23T22:16:46.384Z,740967,2026-05-24T15:00Z,ESPN public event API,,,,
2026-05-24,EPL,Crystal Palace,Arsenal,4.07,3.84,1.83,The Odds API,Live bookmaker average (9 books),https://the-odds-api.com/liveapi/guides/v4/#get-odds,2026-05-23T22:16:46.384Z,740968,2026-05-24T15:00Z,ESPN public event API,,,,
2026-05-24,EPL,Fulham,Newcastle United,2.83,3.69,2.34,The Odds API,Live bookmaker average (9 books),https://the-odds-api.com/liveapi/guides/v4/#get-odds,2026-05-23T22:16:46.384Z,740969,2026-05-24T15:00Z,ESPN public event API,,,,
2026-05-24,EPL,Liverpool,Brentford,1.83,4.15,3.79,The Odds API,Live bookmaker average (9 books),https://the-odds-api.com/liveapi/guides/v4/#get-odds,2026-05-23T22:16:46.384Z,740975,2026-05-24T15:00Z,ESPN public event API,,,,
2026-05-24,EPL,Man City,Aston Villa,1.27,6.42,9.09,The Odds API,Live bookmaker average (9 books),https://the-odds-api.com/liveapi/guides/v4/#get-odds,2026-05-23T22:16:46.384Z,740970,2026-05-24T15:00Z,ESPN public event API,,,,
2026-05-24,EPL,Nott'm Forest,Bournemouth,3.35,3.76,2.05,The Odds API,Live bookmaker average (9 books),https://the-odds-api.com/liveapi/guides/v4/#get-odds,2026-05-23T22:16:46.384Z,740972,2026-05-24T15:00Z,ESPN public event API,,,,
2026-05-24,EPL,Sunderland,Chelsea,3.48,3.70,2.02,The Odds API,Live bookmaker average (9 books),https://the-odds-api.com/liveapi/guides/v4/#get-odds,2026-05-23T22:16:46.384Z,740973,2026-05-24T15:00Z,ESPN public event API,,,,
2026-05-24,EPL,Tottenham,Everton,1.89,3.60,4.08,The Odds API,Live bookmaker average (9 books),https://the-odds-api.com/liveapi/guides/v4/#get-odds,2026-05-23T22:16:46.384Z,740974,2026-05-24T15:00Z,ESPN public event API,,,,
2026-05-24,EPL,West Ham United,Leeds United,1.77,4.07,4.14,The Odds API,Live bookmaker average (9 books),https://the-odds-api.com/liveapi/guides/v4/#get-odds,2026-05-23T22:16:46.384Z,740971,2026-05-24T15:00Z,ESPN public event API,,,,
2026-05-24,La Liga,Real Madrid,Ath Bilbao,1.47,4.79,6.04,The Odds API,Live bookmaker average (8 books),https://the-odds-api.com/liveapi/guides/v4/#get-odds,2026-05-22T23:39:11.957Z,748514,2026-05-23T19:00Z,ESPN public event API,,,,
2026-05-24,La Liga,Valencia,Barcelona,3.50,4.14,1.90,The Odds API,Live bookmaker average (8 books),https://the-odds-api.com/liveapi/guides/v4/#get-odds,2026-05-22T23:39:11.957Z,748519,2026-05-23T19:00Z,ESPN public event API,,,,
2026-05-24,La Liga,Villarreal,Ath Madrid,2.48,3.75,2.59,The Odds API,Live bookmaker average (8 books),https://the-odds-api.com/liveapi/guides/v4/#get-odds,2026-05-24T18:10:20.312Z,748515,2026-05-24T19:00Z,ESPN public event API,,,,
2026-05-24,Serie A,AC Milan,Cagliari,1.32,5.05,9.93,The Odds API,Live bookmaker average (8 books),https://the-odds-api.com/liveapi/guides/v4/#get-odds,2026-05-24T18:10:20.312Z,737157,2026-05-24T18:45Z,ESPN public event API,,,,
2026-05-24,Serie A,Cremonese,Como,5.63,4.32,1.54,The Odds API,Live bookmaker average (8 books),https://the-odds-api.com/liveapi/guides/v4/#get-odds,2026-05-24T18:10:20.312Z,737162,2026-05-24T18:45Z,ESPN public event API,,,,
2026-05-24,Serie A,Hellas Verona,AS Roma,9.28,4.94,1.33,The Odds API,Live bookmaker average (8 books),https://the-odds-api.com/liveapi/guides/v4/#get-odds,2026-05-24T18:10:20.312Z,737160,2026-05-24T18:45Z,ESPN public event API,,,,
2026-05-24,Serie A,Lecce,Genoa,1.93,3.20,4.41,The Odds API,Live bookmaker average (8 books),https://the-odds-api.com/liveapi/guides/v4/#get-odds,2026-05-24T18:10:20.312Z,737163,2026-05-24T18:45Z,ESPN public event API,,,,
2026-05-24,Serie A,Napoli,Udinese,1.49,4.21,6.62,The Odds API,Live bookmaker average (8 books),https://the-odds-api.com/liveapi/guides/v4/#get-odds,2026-05-23T22:16:46.384Z,737156,2026-05-24T16:00Z,ESPN public event API,,,,
2026-05-24,Serie A,Parma,Sassuolo,2.70,3.35,2.59,The Odds API,Live bookmaker average (8 books),https://the-odds-api.com/liveapi/guides/v4/#get-odds,2026-05-23T22:16:46.384Z,737155,2026-05-24T13:00Z,ESPN public event API,,,,
2026-05-24,Serie A,Torino,Juventus,6.53,4.40,1.47,The Odds API,Live bookmaker average (8 books),https://the-odds-api.com/liveapi/guides/v4/#get-odds,2026-05-24T18:10:20.312Z,737158,2026-05-24T18:45Z,ESPN public event API,,,,
2026-05-29,Allsvenskan,Örgryte IS,IF Elfsborg,3.89,3.64,1.86,The Odds API,Live bookmaker average (7 books),https://the-odds-api.com/liveapi/guides/v4/#get-odds,2026-05-28T17:18:47.588Z,401842737,2026-05-29T17:00Z,ESPN public event API,https://a.espncdn.com/i/teamlogos/soccer/500/131552.png,https://a.espncdn.com/i/teamlogos/soccer/500/529.png,1-2-6,4-5-1
2026-05-29,Eliteserien,Aalesund,Hamarkameratene,,,,ESPN public event API,Waiting for odds,https://site.api.espn.com/apis/site/v2/sports/soccer/nor.1/scoreboard?dates=20260513-20261123&limit=300,,401843358,2026-05-29T17:00Z,ESPN public event API,https://a.espncdn.com/i/teamlogos/soccer/500/3278.png,https://a.espncdn.com/i/teamlogos/soccer/500/21380.png,2-4-4,5-1-3
2026-05-29,Eliteserien,Fredrikstad,IK Start,,,,ESPN public event API,Waiting for odds,https://site.api.espn.com/apis/site/v2/sports/soccer/nor.1/scoreboard?dates=20260513-20261123&limit=300,,401843360,2026-05-29T17:00Z,ESPN public event API,https://a.espncdn.com/i/teamlogos/soccer/500/3039.png,,3-2-5,1-4-6
2026-05-29,Eliteserien,KFUM Oslo,Tromso,,,,ESPN public event API,Waiting for odds,https://site.api.espn.com/apis/site/v2/sports/soccer/nor.1/scoreboard?dates=20260513-20261123&limit=300,,401843364,2026-05-29T17:00Z,ESPN public event API,https://a.espncdn.com/i/teamlogos/soccer/500/22165.png,https://a.espncdn.com/i/teamlogos/soccer/500/5270.png,3-2-5,7-3-2
2026-05-29,Eliteserien,Rosenborg,Bodo/Glimt,,,,ESPN public event API,Waiting for odds,https://site.api.espn.com/apis/site/v2/sports/soccer/nor.1/scoreboard?dates=20260513-20261123&limit=300,,401843365,2026-05-29T17:00Z,ESPN public event API,https://a.espncdn.com/i/teamlogos/soccer/500/438.png,https://a.espncdn.com/i/teamlogos/soccer/500/2980.png,2-2-6,7-1-2
2026-05-29,Eliteserien,SK Brann,Sarpsborg FK,1.62,4.32,4.48,The Odds API,Live bookmaker average (7 books),https://the-odds-api.com/liveapi/guides/v4/#get-odds,2026-05-28T17:18:47.588Z,401843359,2026-05-29T17:00Z,ESPN public event API,https://a.espncdn.com/i/teamlogos/soccer/500/620.png,https://a.espncdn.com/i/teamlogos/soccer/500/5002.png,4-1-6,3-2-5
2026-05-29,Eliteserien,Vålerenga,Kristiansund BK,1.55,4.40,5.05,The Odds API,Live bookmaker average (7 books),https://the-odds-api.com/liveapi/guides/v4/#get-odds,2026-05-28T17:18:47.588Z,401843363,2026-05-29T17:00Z,ESPN public event API,https://a.espncdn.com/i/teamlogos/soccer/500/2791.png,https://a.espncdn.com/i/teamlogos/soccer/500/6672.png,3-2-5,3-2-5
2026-05-30,Allsvenskan,AIK,IK Sirius,3.14,3.64,2.09,The Odds API,Live bookmaker average (8 books),https://the-odds-api.com/liveapi/guides/v4/#get-odds,2026-05-29T23:35:48.543Z,401842730,2026-05-30T13:00Z,ESPN public event API,https://a.espncdn.com/i/teamlogos/soccer/500/994.png,https://a.espncdn.com/i/teamlogos/soccer/500/8547.png,3-3-3,8-1-0
2026-05-30,Allsvenskan,GAIS,Kalmar FF,1.85,3.49,4.08,The Odds API,Live bookmaker average (7 books),https://the-odds-api.com/liveapi/guides/v4/#get-odds,2026-05-29T23:35:48.543Z,401842735,2026-05-30T13:00Z,ESPN public event API,https://a.espncdn.com/i/teamlogos/soccer/500/8222.png,https://a.espncdn.com/i/teamlogos/soccer/500/3052.png,3-3-4,3-1-5
2026-05-30,Allsvenskan,Malmö FF,Halmstads BK,,,,ESPN public event API,Waiting for odds,https://site.api.espn.com/apis/site/v2/sports/soccer/swe.1/scoreboard?dates=20260513-20261123&limit=300,,401842732,2026-05-30T13:00Z,ESPN public event API,https://a.espncdn.com/i/teamlogos/soccer/500/2720.png,https://a.espncdn.com/i/teamlogos/soccer/500/3017.png,3-1-5,1-3-5
2026-05-30,Champions League,Paris SG,Arsenal,2.38,3.27,3.08,The Odds API,Live bookmaker average (8 books),https://the-odds-api.com/liveapi/guides/v4/#get-odds,2026-05-29T23:35:48.543Z,401862897,2026-05-30T16:00Z,ESPN public event API,https://a.espncdn.com/i/teamlogos/soccer/500/160.png,https://a.espncdn.com/i/teamlogos/soccer/500/359.png,,
2026-05-30,Eliteserien,Molde,Sandefjord,1.59,4.20,4.86,The Odds API,Live bookmaker average (8 books),https://the-odds-api.com/liveapi/guides/v4/#get-odds,2026-05-29T23:35:48.543Z,401843361,2026-05-30T14:00Z,ESPN public event API,https://a.espncdn.com/i/teamlogos/soccer/500/2715.png,https://a.espncdn.com/i/teamlogos/soccer/500/3279.png,5-1-4,4-2-4
2026-05-31,Allsvenskan,BK Häcken,Hammarby IF,,,,ESPN public event API,Waiting for odds,https://site.api.espn.com/apis/site/v2/sports/soccer/swe.1/scoreboard?dates=20260513-20261123&limit=300,,401842731,2026-05-31T12:00Z,ESPN public event API,https://a.espncdn.com/i/teamlogos/soccer/500/7834.png,https://a.espncdn.com/i/teamlogos/soccer/500/2495.png,4-5-0,5-2-3
2026-05-31,Allsvenskan,Degerfors IF,IF Brommapojkarna,2.40,3.16,2.93,The Odds API,Live bookmaker average (8 books),https://the-odds-api.com/liveapi/guides/v4/#get-odds,2026-05-29T23:35:48.543Z,401842736,2026-05-31T12:00Z,ESPN public event API,https://a.espncdn.com/i/teamlogos/soccer/500/20856.png,https://a.espncdn.com/i/teamlogos/soccer/500/8221.png,2-3-4,4-2-3
2026-05-31,Allsvenskan,Mjällby AIF,Djurgården,,,,ESPN public event API,Waiting for odds,https://site.api.espn.com/apis/site/v2/sports/soccer/swe.1/scoreboard?dates=20260513-20261123&limit=300,,401842733,2026-05-31T14:30Z,ESPN public event API,https://a.espncdn.com/i/teamlogos/soccer/500/20301.png,https://a.espncdn.com/i/teamlogos/soccer/500/2339.png,4-3-3,4-1-4
2026-05-31,Allsvenskan,Västerås SK,IFK Göteborg,,,,ESPN public event API,Waiting for odds,https://site.api.espn.com/apis/site/v2/sports/soccer/swe.1/scoreboard?dates=20260513-20261123&limit=300,,401842734,2026-05-31T12:00Z,ESPN public event API,https://a.espncdn.com/i/teamlogos/soccer/500/22163.png,https://a.espncdn.com/i/teamlogos/soccer/500/2556.png,3-3-3,1-4-4
2026-05-31,Belgian Pro League,KAA Gent,Racing Genk,,,,ESPN public event API,Waiting for odds,https://site.api.espn.com/apis/site/v2/sports/soccer/bel.1/scoreboard?dates=20260513-20261123&limit=300,,401873711,2026-05-31T16:30Z,ESPN public event API,https://a.espncdn.com/i/teamlogos/soccer/500/3611.png,https://a.espncdn.com/i/teamlogos/soccer/500/938.png,,
2026-07-03,Allsvenskan,IK Sirius,Mjällby AIF,1.63,3.85,4.70,The Odds API,Live bookmaker average (2 books),https://the-odds-api.com/liveapi/guides/v4/#get-odds,2026-06-14T05:28:24.405Z,401842745,2026-07-03T17:00Z,ESPN public event API,https://a.espncdn.com/i/teamlogos/soccer/500/8547.png,https://a.espncdn.com/i/teamlogos/soccer/500/20301.png,8-1-0,4-3-3
2026-07-04,Allsvenskan,Degerfors IF,Malmö FF,,,,ESPN public event API,Waiting for odds,https://site.api.espn.com/apis/site/v2/sports/soccer/swe.1/scoreboard?dates=20260513-20261123&limit=300,,401842743,2026-07-04T13:00Z,ESPN public event API,https://a.espncdn.com/i/teamlogos/soccer/500/20856.png,https://a.espncdn.com/i/teamlogos/soccer/500/2720.png,2-3-4,3-1-5
2026-07-04,Allsvenskan,Halmstads BK,Västerås SK,2.45,3.50,2.60,The Odds API,Live bookmaker average (1 books),https://the-odds-api.com/liveapi/guides/v4/#get-odds,2026-06-14T05:28:24.406Z,401842741,2026-07-04T13:00Z,ESPN public event API,https://a.espncdn.com/i/teamlogos/soccer/500/3017.png,https://a.espncdn.com/i/teamlogos/soccer/500/22163.png,1-3-5,3-3-3
2026-07-05,Allsvenskan,IF Elfsborg,Hammarby IF,3.50,3.80,1.91,The Odds API,Live bookmaker average (1 books),https://the-odds-api.com/liveapi/guides/v4/#get-odds,2026-06-14T05:28:24.406Z,401842742,2026-07-05T14:30Z,ESPN public event API,https://a.espncdn.com/i/teamlogos/soccer/500/529.png,https://a.espncdn.com/i/teamlogos/soccer/500/2495.png,4-5-1,5-2-3
2026-07-05,Allsvenskan,IFK Göteborg,AIK,,,,ESPN public event API,Waiting for odds,https://site.api.espn.com/apis/site/v2/sports/soccer/swe.1/scoreboard?dates=20260513-20261123&limit=300,,401842739,2026-07-05T12:00Z,ESPN public event API,https://a.espncdn.com/i/teamlogos/soccer/500/2556.png,https://a.espncdn.com/i/teamlogos/soccer/500/994.png,1-4-4,3-3-3
2026-07-05,Allsvenskan,Kalmar FF,Örgryte IS,1.42,4.60,6.50,The Odds API,Live bookmaker average (1 books),https://the-odds-api.com/liveapi/guides/v4/#get-odds,2026-06-14T05:28:24.406Z,401842738,2026-07-05T12:00Z,ESPN public event API,https://a.espncdn.com/i/teamlogos/soccer/500/3052.png,https://a.espncdn.com/i/teamlogos/soccer/500/131552.png,3-1-5,1-2-6
2026-07-06,Allsvenskan,BK Häcken,Djurgården,,,,ESPN public event API,Waiting for odds,https://site.api.espn.com/apis/site/v2/sports/soccer/swe.1/scoreboard?dates=20260513-20261123&limit=300,,401842740,2026-07-06T17:00Z,ESPN public event API,https://a.espncdn.com/i/teamlogos/soccer/500/7834.png,https://a.espncdn.com/i/teamlogos/soccer/500/2339.png,4-5-0,4-1-4
2026-07-06,Allsvenskan,IF Brommapojkarna,GAIS,3.10,3.50,2.10,The Odds API,Live bookmaker average (1 books),https://the-odds-api.com/liveapi/guides/v4/#get-odds,2026-06-14T05:28:24.406Z,401842744,2026-07-06T17:00Z,ESPN public event API,https://a.espncdn.com/i/teamlogos/soccer/500/8221.png,https://a.espncdn.com/i/teamlogos/soccer/500/8222.png,4-2-3,3-3-4
2026-07-11,Allsvenskan,Mjällby AIF,AIK,,,,ESPN public event API,Waiting for odds,https://site.api.espn.com/apis/site/v2/sports/soccer/swe.1/scoreboard?dates=20260513-20261123&limit=300,,401842747,2026-07-11T13:00Z,ESPN public event API,https://a.espncdn.com/i/teamlogos/soccer/500/20301.png,https://a.espncdn.com/i/teamlogos/soccer/500/994.png,4-3-3,3-3-3
2026-07-11,Allsvenskan,Örgryte IS,BK Häcken,,,,ESPN public event API,Waiting for odds,https://site.api.espn.com/apis/site/v2/sports/soccer/swe.1/scoreboard?dates=20260513-20261123&limit=300,,401842753,2026-07-11T15:30Z,ESPN public event API,https://a.espncdn.com/i/teamlogos/soccer/500/131552.png,https://a.espncdn.com/i/teamlogos/soccer/500/7834.png,1-2-6,4-5-0
2026-07-11,Eliteserien,Aalesund,Molde,,,,ESPN public event API,Waiting for odds,https://site.api.espn.com/apis/site/v2/sports/soccer/nor.1/scoreboard?dates=20260513-20261123&limit=300,,401873915,2026-07-11T14:00Z,ESPN public event API,https://a.espncdn.com/i/teamlogos/soccer/500/3278.png,https://a.espncdn.com/i/teamlogos/soccer/500/2715.png,2-4-4,5-1-4
2026-07-11,Eliteserien,Fredrikstad,Lillestrom,,,,ESPN public event API,Waiting for odds,https://site.api.espn.com/apis/site/v2/sports/soccer/nor.1/scoreboard?dates=20260513-20261123&limit=300,,401873906,2026-07-11T12:00Z,ESPN public event API,https://a.espncdn.com/i/teamlogos/soccer/500/3039.png,https://a.espncdn.com/i/teamlogos/soccer/500/987.png,3-2-5,6-1-4
2026-07-11,Eliteserien,Tromso,Vålerenga,,,,ESPN public event API,Waiting for odds,https://site.api.espn.com/apis/site/v2/sports/soccer/nor.1/scoreboard?dates=20260513-20261123&limit=300,,401873909,2026-07-11T16:00Z,ESPN public event API,https://a.espncdn.com/i/teamlogos/soccer/500/5270.png,https://a.espncdn.com/i/teamlogos/soccer/500/2791.png,7-3-2,3-2-5
2026-07-12,Allsvenskan,GAIS,IF Elfsborg,,,,ESPN public event API,Waiting for odds,https://site.api.espn.com/apis/site/v2/sports/soccer/swe.1/scoreboard?dates=20260513-20261123&limit=300,,401842750,2026-07-12T14:30Z,ESPN public event API,https://a.espncdn.com/i/teamlogos/soccer/500/8222.png,https://a.espncdn.com/i/teamlogos/soccer/500/529.png,3-3-4,4-5-1
2026-07-12,Allsvenskan,Hammarby IF,Kalmar FF,,,,ESPN public event API,Waiting for odds,https://site.api.espn.com/apis/site/v2/sports/soccer/swe.1/scoreboard?dates=20260513-20261123&limit=300,,401842749,2026-07-12T12:00Z,ESPN public event API,https://a.espncdn.com/i/teamlogos/soccer/500/2495.png,https://a.espncdn.com/i/teamlogos/soccer/500/3052.png,5-2-3,3-1-5
2026-07-12,Allsvenskan,IF Brommapojkarna,IK Sirius,,,,ESPN public event API,Waiting for odds,https://site.api.espn.com/apis/site/v2/sports/soccer/swe.1/scoreboard?dates=20260513-20261123&limit=300,,401842752,2026-07-12T14:30Z,ESPN public event API,https://a.espncdn.com/i/teamlogos/soccer/500/8221.png,https://a.espncdn.com/i/teamlogos/soccer/500/8547.png,4-2-3,8-1-0
2026-07-12,Allsvenskan,Malmö FF,IFK Göteborg,,,,ESPN public event API,Waiting for odds,https://site.api.espn.com/apis/site/v2/sports/soccer/swe.1/scoreboard?dates=20260513-20261123&limit=300,,401842748,2026-07-12T12:00Z,ESPN public event API,https://a.espncdn.com/i/teamlogos/soccer/500/2720.png,https://a.espncdn.com/i/teamlogos/soccer/500/2556.png,3-1-5,1-4-4
2026-07-12,Allsvenskan,Västerås SK,Degerfors IF,,,,ESPN public event API,Waiting for odds,https://site.api.espn.com/apis/site/v2/sports/soccer/swe.1/scoreboard?dates=20260513-20261123&limit=300,,401842746,2026-07-12T12:00Z,ESPN public event API,https://a.espncdn.com/i/teamlogos/soccer/500/22163.png,https://a.espncdn.com/i/teamlogos/soccer/500/20856.png,3-3-3,2-3-4
2026-07-12,Eliteserien,KFUM Oslo,Bodo/Glimt,,,,ESPN public event API,Waiting for odds,https://site.api.espn.com/apis/site/v2/sports/soccer/nor.1/scoreboard?dates=20260513-20261123&limit=300,,401843377,2026-07-12T12:30Z,ESPN public event API,https://a.espncdn.com/i/teamlogos/soccer/500/22165.png,https://a.espncdn.com/i/teamlogos/soccer/500/2980.png,3-2-5,7-1-2
2026-07-12,Eliteserien,Rosenborg,Kristiansund BK,,,,ESPN public event API,Waiting for odds,https://site.api.espn.com/apis/site/v2/sports/soccer/nor.1/scoreboard?dates=20260513-20261123&limit=300,,401843376,2026-07-12T15:00Z,ESPN public event API,https://a.espncdn.com/i/teamlogos/soccer/500/438.png,https://a.espncdn.com/i/teamlogos/soccer/500/6672.png,2-2-6,3-2-5
2026-07-12,Eliteserien,Sandefjord,Hamarkameratene,,,,ESPN public event API,Waiting for odds,https://site.api.espn.com/apis/site/v2/sports/soccer/nor.1/scoreboard?dates=20260513-20261123&limit=300,,401843375,2026-07-12T15:00Z,ESPN public event API,https://a.espncdn.com/i/teamlogos/soccer/500/3279.png,https://a.espncdn.com/i/teamlogos/soccer/500/21380.png,4-2-4,5-1-3
2026-07-12,Eliteserien,Sarpsborg FK,Viking FK,,,,ESPN public event API,Waiting for odds,https://site.api.espn.com/apis/site/v2/sports/soccer/nor.1/scoreboard?dates=20260513-20261123&limit=300,,401843374,2026-07-12T17:15Z,ESPN public event API,https://a.espncdn.com/i/teamlogos/soccer/500/5002.png,https://a.espncdn.com/i/teamlogos/soccer/500/510.png,3-2-5,9-0-1
2026-07-12,Eliteserien,SK Brann,IK Start,,,,ESPN public event API,Waiting for odds,https://site.api.espn.com/apis/site/v2/sports/soccer/nor.1/scoreboard?dates=20260513-20261123&limit=300,,401843379,2026-07-12T15:00Z,ESPN public event API,https://a.espncdn.com/i/teamlogos/soccer/500/620.png,,4-1-6,1-4-6
2026-07-13,Allsvenskan,Djurgården,Halmstads BK,,,,ESPN public event API,Waiting for odds,https://site.api.espn.com/apis/site/v2/sports/soccer/swe.1/scoreboard?dates=20260513-20261123&limit=300,,401842751,2026-07-13T17:00Z,ESPN public event API,https://a.espncdn.com/i/teamlogos/soccer/500/2339.png,https://a.espncdn.com/i/teamlogos/soccer/500/3017.png,4-1-4,1-3-5
2026-07-16,Eliteserien,Vålerenga,Aalesund,,,,ESPN public event API,Waiting for odds,https://site.api.espn.com/apis/site/v2/sports/soccer/nor.1/scoreboard?dates=20260513-20261123&limit=300,,401873893,2026-07-16T17:00Z,ESPN public event API,https://a.espncdn.com/i/teamlogos/soccer/500/2791.png,https://a.espncdn.com/i/teamlogos/soccer/500/3278.png,3-2-5,2-4-4
2026-07-17,Allsvenskan,Mjällby AIF,Västerås SK,,,,ESPN public event API,Waiting for odds,https://site.api.espn.com/apis/site/v2/sports/soccer/swe.1/scoreboard?dates=20260513-20261123&limit=300,,401842757,2026-07-17T17:00Z,ESPN public event API,https://a.espncdn.com/i/teamlogos/soccer/500/20301.png,https://a.espncdn.com/i/teamlogos/soccer/500/22163.png,4-3-3,3-3-3
2026-07-17,Eliteserien,Bodo/Glimt,Fredrikstad,,,,ESPN public event API,Waiting for odds,https://site.api.espn.com/apis/site/v2/sports/soccer/nor.1/scoreboard?dates=20260513-20261123&limit=300,,401873917,2026-07-17T17:15Z,ESPN public event API,https://a.espncdn.com/i/teamlogos/soccer/500/2980.png,https://a.espncdn.com/i/teamlogos/soccer/500/3039.png,7-1-2,3-2-5
2026-07-18,Allsvenskan,AIK,GAIS,,,,ESPN public event API,Waiting for odds,https://site.api.espn.com/apis/site/v2/sports/soccer/swe.1/scoreboard?dates=20260513-20261123&limit=300,,401842754,2026-07-18T13:00Z,ESPN public event API,https://a.espncdn.com/i/teamlogos/soccer/500/994.png,https://a.espncdn.com/i/teamlogos/soccer/500/8222.png,3-3-3,3-3-4
2026-07-18,Eliteserien,Hamarkameratene,Tromso,,,,ESPN public event API,Waiting for odds,https://site.api.espn.com/apis/site/v2/sports/soccer/nor.1/scoreboard?dates=20260513-20261123&limit=300,,401843383,2026-07-18T12:00Z,ESPN public event API,https://a.espncdn.com/i/teamlogos/soccer/500/21380.png,https://a.espncdn.com/i/teamlogos/soccer/500/5270.png,5-1-3,7-3-2
2026-07-18,Eliteserien,IK Start,Rosenborg,,,,ESPN public event API,Waiting for odds,https://site.api.espn.com/apis/site/v2/sports/soccer/nor.1/scoreboard?dates=20260513-20261123&limit=300,,401843386,2026-07-18T14:00Z,ESPN public event API,,https://a.espncdn.com/i/teamlogos/soccer/500/438.png,1-4-6,2-2-6
2026-07-18,Eliteserien,Kristiansund BK,Sarpsborg FK,,,,ESPN public event API,Waiting for odds,https://site.api.espn.com/apis/site/v2/sports/soccer/nor.1/scoreboard?dates=20260513-20261123&limit=300,,401843389,2026-07-18T14:00Z,ESPN public event API,https://a.espncdn.com/i/teamlogos/soccer/500/6672.png,https://a.espncdn.com/i/teamlogos/soccer/500/5002.png,3-2-5,3-2-5
2026-07-18,Eliteserien,Lillestrom,KFUM Oslo,,,,ESPN public event API,Waiting for odds,https://site.api.espn.com/apis/site/v2/sports/soccer/nor.1/scoreboard?dates=20260513-20261123&limit=300,,401843388,2026-07-18T14:00Z,ESPN public event API,https://a.espncdn.com/i/teamlogos/soccer/500/987.png,https://a.espncdn.com/i/teamlogos/soccer/500/22165.png,6-1-4,3-2-5
2026-07-18,Eliteserien,Molde,SK Brann,,,,ESPN public event API,Waiting for odds,https://site.api.espn.com/apis/site/v2/sports/soccer/nor.1/scoreboard?dates=20260513-20261123&limit=300,,401843387,2026-07-18T16:00Z,ESPN public event API,https://a.espncdn.com/i/teamlogos/soccer/500/2715.png,https://a.espncdn.com/i/teamlogos/soccer/500/620.png,5-1-4,4-1-6
2026-07-18,Eliteserien,Viking FK,Sandefjord,,,,ESPN public event API,Waiting for odds,https://site.api.espn.com/apis/site/v2/sports/soccer/nor.1/scoreboard?dates=20260513-20261123&limit=300,,401843385,2026-07-18T18:00Z,ESPN public event API,https://a.espncdn.com/i/teamlogos/soccer/500/510.png,https://a.espncdn.com/i/teamlogos/soccer/500/3279.png,9-0-1,4-2-4
2026-07-19,Allsvenskan,Halmstads BK,BK Häcken,,,,ESPN public event API,Waiting for odds,https://site.api.espn.com/apis/site/v2/sports/soccer/swe.1/scoreboard?dates=20260513-20261123&limit=300,,401842761,2026-07-19T14:30Z,ESPN public event API,https://a.espncdn.com/i/teamlogos/soccer/500/3017.png,https://a.espncdn.com/i/teamlogos/soccer/500/7834.png,1-3-5,4-5-0
2026-07-19,Allsvenskan,Hammarby IF,Degerfors IF,,,,ESPN public event API,Waiting for odds,https://site.api.espn.com/apis/site/v2/sports/soccer/swe.1/scoreboard?dates=20260513-20261123&limit=300,,401842760,2026-07-19T14:30Z,ESPN public event API,https://a.espncdn.com/i/teamlogos/soccer/500/2495.png,https://a.espncdn.com/i/teamlogos/soccer/500/20856.png,5-2-3,2-3-4
2026-07-19,Allsvenskan,IF Elfsborg,IK Sirius,,,,ESPN public event API,Waiting for odds,https://site.api.espn.com/apis/site/v2/sports/soccer/swe.1/scoreboard?dates=20260513-20261123&limit=300,,401842755,2026-07-19T14:30Z,ESPN public event API,https://a.espncdn.com/i/teamlogos/soccer/500/529.png,https://a.espncdn.com/i/teamlogos/soccer/500/8547.png,4-5-1,8-1-0
2026-07-19,Allsvenskan,IFK Göteborg,IF Brommapojkarna,,,,ESPN public event API,Waiting for odds,https://site.api.espn.com/apis/site/v2/sports/soccer/swe.1/scoreboard?dates=20260513-20261123&limit=300,,401842759,2026-07-19T12:00Z,ESPN public event API,https://a.espncdn.com/i/teamlogos/soccer/500/2556.png,https://a.espncdn.com/i/teamlogos/soccer/500/8221.png,1-4-4,4-2-3
2026-07-20,Allsvenskan,Kalmar FF,Malmö FF,,,,ESPN public event API,Waiting for odds,https://site.api.espn.com/apis/site/v2/sports/soccer/swe.1/scoreboard?dates=20260513-20261123&limit=300,,401842758,2026-07-20T17:00Z,ESPN public event API,https://a.espncdn.com/i/teamlogos/soccer/500/3052.png,https://a.espncdn.com/i/teamlogos/soccer/500/2720.png,3-1-5,3-1-5
2026-07-20,Allsvenskan,Örgryte IS,Djurgården,,,,ESPN public event API,Waiting for odds,https://site.api.espn.com/apis/site/v2/sports/soccer/swe.1/scoreboard?dates=20260513-20261123&limit=300,,401842756,2026-07-20T17:00Z,ESPN public event API,https://a.espncdn.com/i/teamlogos/soccer/500/131552.png,https://a.espncdn.com/i/teamlogos/soccer/500/2339.png,1-2-6,4-1-4
2026-07-22,Eliteserien,Bodo/Glimt,Hamarkameratene,,,,ESPN public event API,Waiting for odds,https://site.api.espn.com/apis/site/v2/sports/soccer/nor.1/scoreboard?dates=20260513-20261123&limit=300,,401873902,2026-07-22T17:00Z,ESPN public event API,https://a.espncdn.com/i/teamlogos/soccer/500/2980.png,https://a.espncdn.com/i/teamlogos/soccer/500/21380.png,7-1-2,5-1-3
2026-07-22,Eliteserien,Lillestrom,Viking FK,2.60,3.60,2.40,The Odds API,Live bookmaker average (1 books),https://the-odds-api.com/liveapi/guides/v4/#get-odds,2026-06-14T05:28:24.406Z,401843362,2026-07-22T17:00Z,ESPN public event API,https://a.espncdn.com/i/teamlogos/soccer/500/987.png,https://a.espncdn.com/i/teamlogos/soccer/500/510.png,6-1-4,9-0-1
2026-07-24,Allsvenskan,Västerås SK,Örgryte IS,,,,ESPN public event API,Waiting for odds,https://site.api.espn.com/apis/site/v2/sports/soccer/swe.1/scoreboard?dates=20260513-20261123&limit=300,,401842769,2026-07-24T17:00Z,ESPN public event API,https://a.espncdn.com/i/teamlogos/soccer/500/22163.png,https://a.espncdn.com/i/teamlogos/soccer/500/131552.png,3-3-3,1-2-6
2026-07-24,Danish Superliga,Viborg FF,Odense Boldklub,,,,ESPN public event API,Waiting for odds,https://site.api.espn.com/apis/site/v2/sports/soccer/den.1/scoreboard?dates=20260521-20261201&limit=300,,401874459,2026-07-24T17:00Z,ESPN public event API,https://a.espncdn.com/i/teamlogos/soccer/500/3153.png,https://a.espncdn.com/i/teamlogos/soccer/500/11550.png,,
2026-07-25,Allsvenskan,Degerfors IF,Djurgården,,,,ESPN public event API,Waiting for odds,https://site.api.espn.com/apis/site/v2/sports/soccer/swe.1/scoreboard?dates=20260513-20261123&limit=300,,401842768,2026-07-25T13:00Z,ESPN public event API,https://a.espncdn.com/i/teamlogos/soccer/500/20856.png,https://a.espncdn.com/i/teamlogos/soccer/500/2339.png,2-3-4,4-1-4
2026-07-25,Allsvenskan,Kalmar FF,Mjällby AIF,,,,ESPN public event API,Waiting for odds,https://site.api.espn.com/apis/site/v2/sports/soccer/swe.1/scoreboard?dates=20260513-20261123&limit=300,,401842765,2026-07-25T15:30Z,ESPN public event API,https://a.espncdn.com/i/teamlogos/soccer/500/3052.png,https://a.espncdn.com/i/teamlogos/soccer/500/20301.png,3-1-5,4-3-3
2026-07-25,Danish Superliga,AGF,Brøndby IF,,,,ESPN public event API,Waiting for odds,https://site.api.espn.com/apis/site/v2/sports/soccer/den.1/scoreboard?dates=20260521-20261201&limit=300,,401874474,2026-07-25T16:00Z,ESPN public event API,https://a.espncdn.com/i/teamlogos/soccer/500/7853.png,https://a.espncdn.com/i/teamlogos/soccer/500/575.png,,
2026-07-25,Eliteserien,Kristiansund BK,IK Start,,,,ESPN public event API,Waiting for odds,https://site.api.espn.com/apis/site/v2/sports/soccer/nor.1/scoreboard?dates=20260513-20261123&limit=300,,401873924,2026-07-25T14:00Z,ESPN public event API,https://a.espncdn.com/i/teamlogos/soccer/500/6672.png,,3-2-5,1-4-6
2026-07-26,Allsvenskan,GAIS,Halmstads BK,,,,ESPN public event API,Waiting for odds,https://site.api.espn.com/apis/site/v2/sports/soccer/swe.1/scoreboard?dates=20260513-20261123&limit=300,,401842767,2026-07-26T14:30Z,ESPN public event API,https://a.espncdn.com/i/teamlogos/soccer/500/8222.png,https://a.espncdn.com/i/teamlogos/soccer/500/3017.png,3-3-4,1-3-5
2026-07-26,Allsvenskan,IF Brommapojkarna,Hammarby IF,,,,ESPN public event API,Waiting for odds,https://site.api.espn.com/apis/site/v2/sports/soccer/swe.1/scoreboard?dates=20260513-20261123&limit=300,,401842762,2026-07-26T12:00Z,ESPN public event API,https://a.espncdn.com/i/teamlogos/soccer/500/8221.png,https://a.espncdn.com/i/teamlogos/soccer/500/2495.png,4-2-3,5-2-3
2026-07-26,Allsvenskan,IK Sirius,IFK Göteborg,,,,ESPN public event API,Waiting for odds,https://site.api.espn.com/apis/site/v2/sports/soccer/swe.1/scoreboard?dates=20260513-20261123&limit=300,,401842763,2026-07-26T12:00Z,ESPN public event API,https://a.espncdn.com/i/teamlogos/soccer/500/8547.png,https://a.espncdn.com/i/teamlogos/soccer/500/2556.png,8-1-0,1-4-4
2026-07-26,Allsvenskan,Malmö FF,IF Elfsborg,,,,ESPN public event API,Waiting for odds,https://site.api.espn.com/apis/site/v2/sports/soccer/swe.1/scoreboard?dates=20260513-20261123&limit=300,,401842764,2026-07-26T14:30Z,ESPN public event API,https://a.espncdn.com/i/teamlogos/soccer/500/2720.png,https://a.espncdn.com/i/teamlogos/soccer/500/529.png,3-1-5,4-5-1
2026-07-26,Danish Superliga,AC Horsens,FC Nordsjælland,,,,ESPN public event API,Waiting for odds,https://site.api.espn.com/apis/site/v2/sports/soccer/den.1/scoreboard?dates=20260521-20261201&limit=300,,401874514,2026-07-26T16:00Z,ESPN public event API,https://a.espncdn.com/i/teamlogos/soccer/500/3585.png,https://a.espncdn.com/i/teamlogos/soccer/500/3101.png,,
2026-07-26,Danish Superliga,Randers FC,Silkeborg IF,,,,ESPN public event API,Waiting for odds,https://site.api.espn.com/apis/site/v2/sports/soccer/den.1/scoreboard?dates=20260521-20261201&limit=300,,401874475,2026-07-26T14:00Z,ESPN public event API,https://a.espncdn.com/i/teamlogos/soccer/500/3132.png,https://a.espncdn.com/i/teamlogos/soccer/500/607.png,,
2026-07-26,Danish Superliga,Sønderjyske Fodbold,FC Midtjylland,,,,ESPN public event API,Waiting for odds,https://site.api.espn.com/apis/site/v2/sports/soccer/den.1/scoreboard?dates=20260521-20261201&limit=300,,401874478,2026-07-26T12:00Z,ESPN public event API,https://a.espncdn.com/i/teamlogos/soccer/500/8118.png,https://a.espncdn.com/i/teamlogos/soccer/500/572.png,,
2026-07-26,Eliteserien,Aalesund,Viking FK,,,,ESPN public event API,Waiting for odds,https://site.api.espn.com/apis/site/v2/sports/soccer/nor.1/scoreboard?dates=20260513-20261123&limit=300,,401843395,2026-07-26T17:15Z,ESPN public event API,https://a.espncdn.com/i/teamlogos/soccer/500/3278.png,https://a.espncdn.com/i/teamlogos/soccer/500/510.png,2-4-4,9-0-1
2026-07-26,Eliteserien,KFUM Oslo,Molde,,,,ESPN public event API,Waiting for odds,https://site.api.espn.com/apis/site/v2/sports/soccer/nor.1/scoreboard?dates=20260513-20261123&limit=300,,401843393,2026-07-26T15:00Z,ESPN public event API,https://a.espncdn.com/i/teamlogos/soccer/500/22165.png,https://a.espncdn.com/i/teamlogos/soccer/500/2715.png,3-2-5,5-1-4
2026-07-26,Eliteserien,Rosenborg,Fredrikstad,,,,ESPN public event API,Waiting for odds,https://site.api.espn.com/apis/site/v2/sports/soccer/nor.1/scoreboard?dates=20260513-20261123&limit=300,,401843391,2026-07-26T15:00Z,ESPN public event API,https://a.espncdn.com/i/teamlogos/soccer/500/438.png,https://a.espncdn.com/i/teamlogos/soccer/500/3039.png,2-2-6,3-2-5
2026-07-26,Eliteserien,Sandefjord,Bodo/Glimt,,,,ESPN public event API,Waiting for odds,https://site.api.espn.com/apis/site/v2/sports/soccer/nor.1/scoreboard?dates=20260513-20261123&limit=300,,401843390,2026-07-26T15:00Z,ESPN public event API,https://a.espncdn.com/i/teamlogos/soccer/500/3279.png,https://a.espncdn.com/i/teamlogos/soccer/500/2980.png,4-2-4,7-1-2
2026-07-26,Eliteserien,Sarpsborg FK,Hamarkameratene,,,,ESPN public event API,Waiting for odds,https://site.api.espn.com/apis/site/v2/sports/soccer/nor.1/scoreboard?dates=20260513-20261123&limit=300,,401843396,2026-07-26T15:00Z,ESPN public event API,https://a.espncdn.com/i/teamlogos/soccer/500/5002.png,https://a.espncdn.com/i/teamlogos/soccer/500/21380.png,3-2-5,5-1-3
2026-07-26,Eliteserien,SK Brann,Vålerenga,,,,ESPN public event API,Waiting for odds,https://site.api.espn.com/apis/site/v2/sports/soccer/nor.1/scoreboard?dates=20260513-20261123&limit=300,,401843394,2026-07-26T12:30Z,ESPN public event API,https://a.espncdn.com/i/teamlogos/soccer/500/620.png,https://a.espncdn.com/i/teamlogos/soccer/500/2791.png,4-1-6,3-2-5
2026-07-27,Allsvenskan,BK Häcken,AIK,,,,ESPN public event API,Waiting for odds,https://site.api.espn.com/apis/site/v2/sports/soccer/swe.1/scoreboard?dates=20260513-20261123&limit=300,,401842766,2026-07-27T17:00Z,ESPN public event API,https://a.espncdn.com/i/teamlogos/soccer/500/7834.png,https://a.espncdn.com/i/teamlogos/soccer/500/994.png,4-5-0,3-3-3
2026-07-27,Danish Superliga,F.C. København,Lyngby Boldklub,,,,ESPN public event API,Waiting for odds,https://site.api.espn.com/apis/site/v2/sports/soccer/den.1/scoreboard?dates=20260521-20261201&limit=300,,401874512,2026-07-27T17:00Z,ESPN public event API,https://a.espncdn.com/i/teamlogos/soccer/500/909.png,https://a.espncdn.com/i/teamlogos/soccer/500/7860.png,,
2026-07-31,Danish Superliga,Lyngby Boldklub,AGF,,,,ESPN public event API,Waiting for odds,https://site.api.espn.com/apis/site/v2/sports/soccer/den.1/scoreboard?dates=20260521-20261201&limit=300,,401874476,2026-07-31T17:00Z,ESPN public event API,https://a.espncdn.com/i/teamlogos/soccer/500/7860.png,https://a.espncdn.com/i/teamlogos/soccer/500/7853.png,,
2026-07-31,Eliteserien,Bodo/Glimt,Lillestrom,,,,ESPN public event API,Waiting for odds,https://site.api.espn.com/apis/site/v2/sports/soccer/nor.1/scoreboard?dates=20260513-20261123&limit=300,,401873907,2026-07-31T19:00Z,ESPN public event API,https://a.espncdn.com/i/teamlogos/soccer/500/2980.png,https://a.espncdn.com/i/teamlogos/soccer/500/987.png,7-1-2,6-1-4
2026-07-31,Eliteserien,Vålerenga,Hamarkameratene,,,,ESPN public event API,Waiting for odds,https://site.api.espn.com/apis/site/v2/sports/soccer/nor.1/scoreboard?dates=20260513-20261123&limit=300,,401873908,2026-07-31T17:00Z,ESPN public event API,https://a.espncdn.com/i/teamlogos/soccer/500/2791.png,https://a.espncdn.com/i/teamlogos/soccer/500/21380.png,3-2-5,5-1-3
2026-07-31,Scottish Premiership,Dundee United,Rangers,,,,ESPN public event API,Waiting for odds,https://site.api.espn.com/apis/site/v2/sports/soccer/sco.1/scoreboard?dates=20260610-20261221&limit=300,,401878416,2026-07-31T19:00Z,ESPN public event API,https://a.espncdn.com/i/teamlogos/soccer/500/264.png,https://a.espncdn.com/i/teamlogos/soccer/500/257.png,0-0-0,0-0-0
2026-08-01,Allsvenskan,BK Häcken,Kalmar FF,,,,ESPN public event API,Waiting for odds,https://site.api.espn.com/apis/site/v2/sports/soccer/swe.1/scoreboard?dates=20260513-20261123&limit=300,,401842776,2026-08-01T13:00Z,ESPN public event API,https://a.espncdn.com/i/teamlogos/soccer/500/7834.png,https://a.espncdn.com/i/teamlogos/soccer/500/3052.png,4-5-0,3-1-5
2026-08-01,Carabao Cup,Tranmere Rovers,Rochdale,,,,ESPN public event API,Waiting for odds,https://site.api.espn.com/apis/site/v2/sports/soccer/eng.league_cup/scoreboard?dates=20260529-20261209&limit=300,,401877066,2026-08-01T14:00Z,ESPN public event API,https://a.espncdn.com/i/teamlogos/soccer/500/345.png,https://a.espncdn.com/i/teamlogos/soccer/500/303.png,,
2026-08-01,Eliteserien,Fredrikstad,Sandefjord,,,,ESPN public event API,Waiting for odds,https://site.api.espn.com/apis/site/v2/sports/soccer/nor.1/scoreboard?dates=20260513-20261123&limit=300,,401873925,2026-08-01T14:00Z,ESPN public event API,https://a.espncdn.com/i/teamlogos/soccer/500/3039.png,https://a.espncdn.com/i/teamlogos/soccer/500/3279.png,3-2-5,4-2-4
2026-08-01,Eliteserien,IK Start,Viking FK,,,,ESPN public event API,Waiting for odds,https://site.api.espn.com/apis/site/v2/sports/soccer/nor.1/scoreboard?dates=20260513-20261123&limit=300,,401873931,2026-08-01T16:00Z,ESPN public event API,,https://a.espncdn.com/i/teamlogos/soccer/500/510.png,1-4-6,9-0-1
2026-08-01,Scottish Premiership,Aberdeen,Heart of Midlothian,,,,ESPN public event API,Waiting for odds,https://site.api.espn.com/apis/site/v2/sports/soccer/sco.1/scoreboard?dates=20260610-20261221&limit=300,,401878414,2026-08-01T16:30Z,ESPN public event API,https://a.espncdn.com/i/teamlogos/soccer/500/263.png,https://a.espncdn.com/i/teamlogos/soccer/500/262.png,0-0-0,0-0-0
2026-08-01,Scottish Premiership,Falkirk,St Mirren,,,,ESPN public event API,Waiting for odds,https://site.api.espn.com/apis/site/v2/sports/soccer/sco.1/scoreboard?dates=20260610-20261221&limit=300,,401878415,2026-08-01T14:00Z,ESPN public event API,https://a.espncdn.com/i/teamlogos/soccer/500/254.png,https://a.espncdn.com/i/teamlogos/soccer/500/250.png,0-0-0,0-0-0
2026-08-02,Allsvenskan,AIK,Örgryte IS,,,,ESPN public event API,Waiting for odds,https://site.api.espn.com/apis/site/v2/sports/soccer/swe.1/scoreboard?dates=20260513-20261123&limit=300,,401842770,2026-08-02T14:30Z,ESPN public event API,https://a.espncdn.com/i/teamlogos/soccer/500/994.png,https://a.espncdn.com/i/teamlogos/soccer/500/131552.png,3-3-3,1-2-6
2026-08-02,Allsvenskan,IF Brommapojkarna,Malmö FF,,,,ESPN public event API,Waiting for odds,https://site.api.espn.com/apis/site/v2/sports/soccer/swe.1/scoreboard?dates=20260513-20261123&limit=300,,401842771,2026-08-02T12:00Z,ESPN public event API,https://a.espncdn.com/i/teamlogos/soccer/500/8221.png,https://a.espncdn.com/i/teamlogos/soccer/500/2720.png,4-2-3,3-1-5
2026-08-02,Allsvenskan,IFK Göteborg,Degerfors IF,,,,ESPN public event API,Waiting for odds,https://site.api.espn.com/apis/site/v2/sports/soccer/swe.1/scoreboard?dates=20260513-20261123&limit=300,,401842773,2026-08-02T12:00Z,ESPN public event API,https://a.espncdn.com/i/teamlogos/soccer/500/2556.png,https://a.espncdn.com/i/teamlogos/soccer/500/20856.png,1-4-4,2-3-4
2026-08-02,Danish Superliga,Brøndby IF,Viborg FF,,,,ESPN public event API,Waiting for odds,https://site.api.espn.com/apis/site/v2/sports/soccer/den.1/scoreboard?dates=20260521-20261201&limit=300,,401874508,2026-08-02T14:00Z,ESPN public event API,https://a.espncdn.com/i/teamlogos/soccer/500/575.png,https://a.espncdn.com/i/teamlogos/soccer/500/3153.png,,
2026-08-02,Danish Superliga,FC Midtjylland,AC Horsens,,,,ESPN public event API,Waiting for odds,https://site.api.espn.com/apis/site/v2/sports/soccer/den.1/scoreboard?dates=20260521-20261201&limit=300,,401874510,2026-08-02T12:00Z,ESPN public event API,https://a.espncdn.com/i/teamlogos/soccer/500/572.png,https://a.espncdn.com/i/teamlogos/soccer/500/3585.png,,
2026-08-02,Danish Superliga,FC Nordsjælland,Randers FC,,,,ESPN public event API,Waiting for odds,https://site.api.espn.com/apis/site/v2/sports/soccer/den.1/scoreboard?dates=20260521-20261201&limit=300,,401874461,2026-08-02T12:00Z,ESPN public event API,https://a.espncdn.com/i/teamlogos/soccer/500/3101.png,https://a.espncdn.com/i/teamlogos/soccer/500/3132.png,,
2026-08-02,Danish Superliga,Silkeborg IF,F.C. København,,,,ESPN public event API,Waiting for odds,https://site.api.espn.com/apis/site/v2/sports/soccer/den.1/scoreboard?dates=20260521-20261201&limit=300,,401874520,2026-08-02T16:00Z,ESPN public event API,https://a.espncdn.com/i/teamlogos/soccer/500/607.png,https://a.espncdn.com/i/teamlogos/soccer/500/909.png,,
2026-08-02,Eliteserien,Aalesund,Tromso,,,,ESPN public event API,Waiting for odds,https://site.api.espn.com/apis/site/v2/sports/soccer/nor.1/scoreboard?dates=20260513-20261123&limit=300,,401843402,2026-08-02T15:00Z,ESPN public event API,https://a.espncdn.com/i/teamlogos/soccer/500/3278.png,https://a.espncdn.com/i/teamlogos/soccer/500/5270.png,2-4-4,7-3-2
2026-08-02,Eliteserien,KFUM Oslo,Kristiansund BK,,,,ESPN public event API,Waiting for odds,https://site.api.espn.com/apis/site/v2/sports/soccer/nor.1/scoreboard?dates=20260513-20261123&limit=300,,401843398,2026-08-02T15:00Z,ESPN public event API,https://a.espncdn.com/i/teamlogos/soccer/500/22165.png,https://a.espncdn.com/i/teamlogos/soccer/500/6672.png,3-2-5,3-2-5
2026-08-02,Eliteserien,Molde,Sarpsborg FK,,,,ESPN public event API,Waiting for odds,https://site.api.espn.com/apis/site/v2/sports/soccer/nor.1/scoreboard?dates=20260513-20261123&limit=300,,401843397,2026-08-02T15:00Z,ESPN public event API,https://a.espncdn.com/i/teamlogos/soccer/500/2715.png,https://a.espncdn.com/i/teamlogos/soccer/500/5002.png,5-1-4,3-2-5
2026-08-02,Eliteserien,SK Brann,Rosenborg,,,,ESPN public event API,Waiting for odds,https://site.api.espn.com/apis/site/v2/sports/soccer/nor.1/scoreboard?dates=20260513-20261123&limit=300,,401843400,2026-08-02T17:15Z,ESPN public event API,https://a.espncdn.com/i/teamlogos/soccer/500/620.png,https://a.espncdn.com/i/teamlogos/soccer/500/438.png,4-1-6,2-2-6
2026-08-02,Scottish Premiership,Hibernian,Motherwell,,,,ESPN public event API,Waiting for odds,https://site.api.espn.com/apis/site/v2/sports/soccer/sco.1/scoreboard?dates=20260610-20261221&limit=300,,401878412,2026-08-02T15:30Z,ESPN public event API,https://a.espncdn.com/i/teamlogos/soccer/500/258.png,https://a.espncdn.com/i/teamlogos/soccer/500/266.png,0-0-0,0-0-0
2026-08-02,Scottish Premiership,St Johnstone,Kilmarnock,,,,ESPN public event API,Waiting for odds,https://site.api.espn.com/apis/site/v2/sports/soccer/sco.1/scoreboard?dates=20260610-20261221&limit=300,,401878413,2026-08-02T13:00Z,ESPN public event API,https://a.espncdn.com/i/teamlogos/soccer/500/267.png,https://a.espncdn.com/i/teamlogos/soccer/500/260.png,0-0-0,0-0-0
2026-08-03,Allsvenskan,Djurgården,Västerås SK,,,,ESPN public event API,Waiting for odds,https://site.api.espn.com/apis/site/v2/sports/soccer/swe.1/scoreboard?dates=20260513-20261123&limit=300,,401842772,2026-08-03T17:00Z,ESPN public event API,https://a.espncdn.com/i/teamlogos/soccer/500/2339.png,https://a.espncdn.com/i/teamlogos/soccer/500/22163.png,4-1-4,3-3-3
2026-08-03,Allsvenskan,Halmstads BK,IK Sirius,,,,ESPN public event API,Waiting for odds,https://site.api.espn.com/apis/site/v2/sports/soccer/swe.1/scoreboard?dates=20260513-20261123&limit=300,,401842775,2026-08-03T17:00Z,ESPN public event API,https://a.espncdn.com/i/teamlogos/soccer/500/3017.png,https://a.espncdn.com/i/teamlogos/soccer/500/8547.png,1-3-5,8-1-0
2026-08-03,Carabao Cup,York City,Crawley Town,,,,ESPN public event API,Waiting for odds,https://site.api.espn.com/apis/site/v2/sports/soccer/eng.league_cup/scoreboard?dates=20260529-20261209&limit=300,,401877065,2026-08-03T18:30Z,ESPN public event API,https://a.espncdn.com/i/teamlogos/soccer/500/315.png,https://a.espncdn.com/i/teamlogos/soccer/500/2594.png,,
2026-08-03,Danish Superliga,Odense Boldklub,Sønderjyske Fodbold,,,,ESPN public event API,Waiting for odds,https://site.api.espn.com/apis/site/v2/sports/soccer/den.1/scoreboard?dates=20260521-20261201&limit=300,,401874460,2026-08-03T17:00Z,ESPN public event API,https://a.espncdn.com/i/teamlogos/soccer/500/11550.png,https://a.espncdn.com/i/teamlogos/soccer/500/8118.png,,
2026-08-03,Scottish Premiership,Celtic,Dundee,,,,ESPN public event API,Waiting for odds,https://site.api.espn.com/apis/site/v2/sports/soccer/sco.1/scoreboard?dates=20260610-20261221&limit=300,,401878411,2026-08-03T18:30Z,ESPN public event API,https://a.espncdn.com/i/teamlogos/soccer/500/256.png,https://a.espncdn.com/i/teamlogos/soccer/500/261.png,0-0-0,0-0-0
2026-08-07,Belgian Pro League,Club Brugge,KV Kortrijk,,,,ESPN public event API,Waiting for odds,https://site.api.espn.com/apis/site/v2/sports/soccer/bel.1/scoreboard?dates=20260610-20261221&limit=300,,401879041,2026-08-07T18:45Z,ESPN public event API,https://a.espncdn.com/i/teamlogos/soccer/500/570.png,https://a.espncdn.com/i/teamlogos/soccer/500/5786.png,0-0-0,0-0-0
2026-08-07,Danish Superliga,Sønderjyske Fodbold,Viborg FF,,,,ESPN public event API,Waiting for odds,https://site.api.espn.com/apis/site/v2/sports/soccer/den.1/scoreboard?dates=20260521-20261201&limit=300,,401874473,2026-08-07T17:00Z,ESPN public event API,https://a.espncdn.com/i/teamlogos/soccer/500/8118.png,https://a.espncdn.com/i/teamlogos/soccer/500/3153.png,,
2026-08-07,Eliteserien,Sandefjord,KFUM Oslo,,,,ESPN public event API,Waiting for odds,https://site.api.espn.com/apis/site/v2/sports/soccer/nor.1/scoreboard?dates=20260513-20261123&limit=300,,401873918,2026-08-07T17:00Z,ESPN public event API,https://a.espncdn.com/i/teamlogos/soccer/500/3279.png,https://a.espncdn.com/i/teamlogos/soccer/500/22165.png,4-2-4,3-2-5
2026-08-07,Eredivisie,SC Cambuur,Excelsior,,,,ESPN public event API,Waiting for odds,https://site.api.espn.com/apis/site/v2/sports/soccer/ned.1/scoreboard?dates=20260528-20261208&limit=300,,401875655,2026-08-07T18:00Z,ESPN public event API,https://a.espncdn.com/i/teamlogos/soccer/500/3736.png,https://a.espncdn.com/i/teamlogos/soccer/500/2566.png,0-0-0,0-0-0
2026-08-08,Allsvenskan,Mjällby AIF,IF Elfsborg,,,,ESPN public event API,Waiting for odds,https://site.api.espn.com/apis/site/v2/sports/soccer/swe.1/scoreboard?dates=20260513-20261123&limit=300,,401842782,2026-08-08T15:30Z,ESPN public event API,https://a.espncdn.com/i/teamlogos/soccer/500/20301.png,https://a.espncdn.com/i/teamlogos/soccer/500/529.png,4-3-3,4-5-1
2026-08-08,Allsvenskan,Örgryte IS,AIK,,,,ESPN public event API,Waiting for odds,https://site.api.espn.com/apis/site/v2/sports/soccer/swe.1/scoreboard?dates=20260513-20261123&limit=300,,401842785,2026-08-08T13:00Z,ESPN public event API,https://a.espncdn.com/i/teamlogos/soccer/500/131552.png,https://a.espncdn.com/i/teamlogos/soccer/500/994.png,1-2-6,3-3-3
2026-08-08,Belgian Pro League,KVC Westerlo,Union St.-Gilloise,,,,ESPN public event API,Waiting for odds,https://site.api.espn.com/apis/site/v2/sports/soccer/bel.1/scoreboard?dates=20260610-20261221&limit=300,,401879037,2026-08-08T18:45Z,ESPN public event API,https://a.espncdn.com/i/teamlogos/soccer/500/606.png,https://a.espncdn.com/i/teamlogos/soccer/500/5807.png,0-0-0,0-0-0
2026-08-08,Belgian Pro League,Royal Charleroi SC,OH Leuven,,,,ESPN public event API,Waiting for odds,https://site.api.espn.com/apis/site/v2/sports/soccer/bel.1/scoreboard?dates=20260610-20261221&limit=300,,401879040,2026-08-08T14:00Z,ESPN public event API,https://a.espncdn.com/i/teamlogos/soccer/500/3616.png,https://a.espncdn.com/i/teamlogos/soccer/500/5579.png,0-0-0,0-0-0
2026-08-08,Belgian Pro League,Sint-Truidense,Lommel SK,,,,ESPN public event API,Waiting for odds,https://site.api.espn.com/apis/site/v2/sports/soccer/bel.1/scoreboard?dates=20260610-20261221&limit=300,,401879038,2026-08-08T18:45Z,ESPN public event API,https://a.espncdn.com/i/teamlogos/soccer/500/936.png,,0-0-0,0-0-0
2026-08-08,Belgian Pro League,Standard Liege,Cercle Brugge KSV,,,,ESPN public event API,Waiting for odds,https://site.api.espn.com/apis/site/v2/sports/soccer/bel.1/scoreboard?dates=20260610-20261221&limit=300,,401879039,2026-08-08T16:15Z,ESPN public event API,https://a.espncdn.com/i/teamlogos/soccer/500/559.png,https://a.espncdn.com/i/teamlogos/soccer/500/3610.png,0-0-0,0-0-0
2026-08-08,Eliteserien,Lillestrom,Rosenborg,,,,ESPN public event API,Waiting for odds,https://site.api.espn.com/apis/site/v2/sports/soccer/nor.1/scoreboard?dates=20260513-20261123&limit=300,,401873928,2026-08-08T16:00Z,ESPN public event API,https://a.espncdn.com/i/teamlogos/soccer/500/987.png,https://a.espncdn.com/i/teamlogos/soccer/500/438.png,6-1-4,2-2-6
2026-08-08,Eliteserien,Vålerenga,Bodo/Glimt,,,,ESPN public event API,Waiting for odds,https://site.api.espn.com/apis/site/v2/sports/soccer/nor.1/scoreboard?dates=20260513-20261123&limit=300,,401873916,2026-08-08T12:00Z,ESPN public event API,https://a.espncdn.com/i/teamlogos/soccer/500/2791.png,https://a.espncdn.com/i/teamlogos/soccer/500/2980.png,3-2-5,7-1-2
2026-08-08,Eliteserien,Viking FK,Sarpsborg FK,,,,ESPN public event API,Waiting for odds,https://site.api.espn.com/apis/site/v2/sports/soccer/nor.1/scoreboard?dates=20260513-20261123&limit=300,,401873929,2026-08-08T14:00Z,ESPN public event API,https://a.espncdn.com/i/teamlogos/soccer/500/510.png,https://a.espncdn.com/i/teamlogos/soccer/500/5002.png,9-0-1,3-2-5
2026-08-08,Eredivisie,AZ Alkmaar,ADO Den Haag,,,,ESPN public event API,Waiting for odds,https://site.api.espn.com/apis/site/v2/sports/soccer/ned.1/scoreboard?dates=20260528-20261208&limit=300,,401875651,2026-08-08T19:00Z,ESPN public event API,https://a.espncdn.com/i/teamlogos/soccer/500/140.png,https://a.espncdn.com/i/teamlogos/soccer/500/2726.png,0-0-0,0-0-0
2026-08-08,Eredivisie,Go Ahead Eagles,Willem II,,,,ESPN public event API,Waiting for odds,https://site.api.espn.com/apis/site/v2/sports/soccer/ned.1/scoreboard?dates=20260528-20261208&limit=300,,401875653,2026-08-08T16:45Z,ESPN public event API,https://a.espncdn.com/i/teamlogos/soccer/500/3706.png,https://a.espncdn.com/i/teamlogos/soccer/500/156.png,0-0-0,0-0-0
2026-08-08,Eredivisie,NEC Nijmegen,Telstar,,,,ESPN public event API,Waiting for odds,https://site.api.espn.com/apis/site/v2/sports/soccer/ned.1/scoreboard?dates=20260528-20261208&limit=300,,401875654,2026-08-08T14:30Z,ESPN public event API,https://a.espncdn.com/i/teamlogos/soccer/500/147.png,https://a.espncdn.com/i/teamlogos/soccer/500/3735.png,0-0-0,0-0-0
2026-08-08,Eredivisie,PSV Eindhoven,Fortuna Sittard,,,,ESPN public event API,Waiting for odds,https://site.api.espn.com/apis/site/v2/sports/soccer/ned.1/scoreboard?dates=20260528-20261208&limit=300,,401875652,2026-08-08T18:00Z,ESPN public event API,https://a.espncdn.com/i/teamlogos/soccer/500/148.png,https://a.espncdn.com/i/teamlogos/soccer/500/143.png,0-0-0,0-0-0
2026-08-08,Scottish Premiership,Dundee,Aberdeen,,,,ESPN public event API,Waiting for odds,https://site.api.espn.com/apis/site/v2/sports/soccer/sco.1/scoreboard?dates=20260610-20261221&limit=300,,401878410,2026-08-08T14:00Z,ESPN public event API,https://a.espncdn.com/i/teamlogos/soccer/500/261.png,https://a.espncdn.com/i/teamlogos/soccer/500/263.png,0-0-0,0-0-0
2026-08-08,Scottish Premiership,Heart of Midlothian,Dundee United,,,,ESPN public event API,Waiting for odds,https://site.api.espn.com/apis/site/v2/sports/soccer/sco.1/scoreboard?dates=20260610-20261221&limit=300,,401878409,2026-08-08T14:00Z,ESPN public event API,https://a.espncdn.com/i/teamlogos/soccer/500/262.png,https://a.espncdn.com/i/teamlogos/soccer/500/264.png,0-0-0,0-0-0
2026-08-08,Scottish Premiership,Motherwell,Falkirk,,,,ESPN public event API,Waiting for odds,https://site.api.espn.com/apis/site/v2/sports/soccer/sco.1/scoreboard?dates=20260610-20261221&limit=300,,401878408,2026-08-08T14:00Z,ESPN public event API,https://a.espncdn.com/i/teamlogos/soccer/500/266.png,https://a.espncdn.com/i/teamlogos/soccer/500/254.png,0-0-0,0-0-0
2026-08-08,Scottish Premiership,St Mirren,St Johnstone,,,,ESPN public event API,Waiting for odds,https://site.api.espn.com/apis/site/v2/sports/soccer/sco.1/scoreboard?dates=20260610-20261221&limit=300,,401878407,2026-08-08T14:00Z,ESPN public event API,https://a.espncdn.com/i/teamlogos/soccer/500/250.png,https://a.espncdn.com/i/teamlogos/soccer/500/267.png,0-0-0,0-0-0
2026-08-09,Allsvenskan,Halmstads BK,GAIS,,,,ESPN public event API,Waiting for odds,https://site.api.espn.com/apis/site/v2/sports/soccer/swe.1/scoreboard?dates=20260513-20261123&limit=300,,401842778,2026-08-09T14:30Z,ESPN public event API,https://a.espncdn.com/i/teamlogos/soccer/500/3017.png,https://a.espncdn.com/i/teamlogos/soccer/500/8222.png,1-3-5,3-3-4
2026-08-09,Allsvenskan,Hammarby IF,BK Häcken,,,,ESPN public event API,Waiting for odds,https://site.api.espn.com/apis/site/v2/sports/soccer/swe.1/scoreboard?dates=20260513-20261123&limit=300,,401842779,2026-08-09T12:00Z,ESPN public event API,https://a.espncdn.com/i/teamlogos/soccer/500/2495.png,https://a.espncdn.com/i/teamlogos/soccer/500/7834.png,5-2-3,4-5-0
2026-08-09,Allsvenskan,IFK Göteborg,Kalmar FF,,,,ESPN public event API,Waiting for odds,https://site.api.espn.com/apis/site/v2/sports/soccer/swe.1/scoreboard?dates=20260513-20261123&limit=300,,401842780,2026-08-09T14:30Z,ESPN public event API,https://a.espncdn.com/i/teamlogos/soccer/500/2556.png,https://a.espncdn.com/i/teamlogos/soccer/500/3052.png,1-4-4,3-1-5
2026-08-09,Allsvenskan,Malmö FF,Degerfors IF,,,,ESPN public event API,Waiting for odds,https://site.api.espn.com/apis/site/v2/sports/soccer/swe.1/scoreboard?dates=20260513-20261123&limit=300,,401842781,2026-08-09T12:00Z,ESPN public event API,https://a.espncdn.com/i/teamlogos/soccer/500/2720.png,https://a.espncdn.com/i/teamlogos/soccer/500/20856.png,3-1-5,2-3-4
2026-08-09,Belgian Pro League,Anderlecht,RAAL La Louvière,,,,ESPN public event API,Waiting for odds,https://site.api.espn.com/apis/site/v2/sports/soccer/bel.1/scoreboard?dates=20260610-20261221&limit=300,,401879034,2026-08-09T16:30Z,ESPN public event API,https://a.espncdn.com/i/teamlogos/soccer/500/441.png,https://a.espncdn.com/i/teamlogos/soccer/500/131235.png,0-0-0,0-0-0
2026-08-09,Belgian Pro League,Antwerp,Waasland-Beveren,,,,ESPN public event API,Waiting for odds,https://site.api.espn.com/apis/site/v2/sports/soccer/bel.1/scoreboard?dates=20260610-20261221&limit=300,,401879033,2026-08-09T17:15Z,ESPN public event API,https://a.espncdn.com/i/teamlogos/soccer/500/17544.png,https://a.espncdn.com/i/teamlogos/soccer/500/13450.png,0-0-0,0-0-0
2026-08-09,Belgian Pro League,KAA Gent,KV Mechelen,,,,ESPN public event API,Waiting for odds,https://site.api.espn.com/apis/site/v2/sports/soccer/bel.1/scoreboard?dates=20260610-20261221&limit=300,,401879036,2026-08-09T11:30Z,ESPN public event API,https://a.espncdn.com/i/teamlogos/soccer/500/3611.png,https://a.espncdn.com/i/teamlogos/soccer/500/7879.png,0-0-0,0-0-0
2026-08-09,Belgian Pro League,Zulte-Waregem,Racing Genk,,,,ESPN public event API,Waiting for odds,https://site.api.espn.com/apis/site/v2/sports/soccer/bel.1/scoreboard?dates=20260610-20261221&limit=300,,401879035,2026-08-09T14:00Z,ESPN public event API,https://a.espncdn.com/i/teamlogos/soccer/500/4691.png,https://a.espncdn.com/i/teamlogos/soccer/500/938.png,0-0-0,0-0-0
2026-08-09,Danish Superliga,AC Horsens,Brøndby IF,,,,ESPN public event API,Waiting for odds,https://site.api.espn.com/apis/site/v2/sports/soccer/den.1/scoreboard?dates=20260521-20261201&limit=300,,401874511,2026-08-09T16:00Z,ESPN public event API,https://a.espncdn.com/i/teamlogos/soccer/500/3585.png,https://a.espncdn.com/i/teamlogos/soccer/500/575.png,,
2026-08-09,Danish Superliga,Randers FC,Lyngby Boldklub,,,,ESPN public event API,Waiting for odds,https://site.api.espn.com/apis/site/v2/sports/soccer/den.1/scoreboard?dates=20260521-20261201&limit=300,,401874481,2026-08-09T14:00Z,ESPN public event API,https://a.espncdn.com/i/teamlogos/soccer/500/3132.png,https://a.espncdn.com/i/teamlogos/soccer/500/7860.png,,
2026-08-09,Eliteserien,Hamarkameratene,Aalesund,,,,ESPN public event API,Waiting for odds,https://site.api.espn.com/apis/site/v2/sports/soccer/nor.1/scoreboard?dates=20260513-20261123&limit=300,,401843410,2026-08-09T15:00Z,ESPN public event API,https://a.espncdn.com/i/teamlogos/soccer/500/21380.png,https://a.espncdn.com/i/teamlogos/soccer/500/3278.png,5-1-3,2-4-4
2026-08-09,Eliteserien,IK Start,Fredrikstad,,,,ESPN public event API,Waiting for odds,https://site.api.espn.com/apis/site/v2/sports/soccer/nor.1/scoreboard?dates=20260513-20261123&limit=300,,401843406,2026-08-09T12:30Z,ESPN public event API,,https://a.espncdn.com/i/teamlogos/soccer/500/3039.png,1-4-6,3-2-5
2026-08-09,Eliteserien,Kristiansund BK,Molde,,,,ESPN public event API,Waiting for odds,https://site.api.espn.com/apis/site/v2/sports/soccer/nor.1/scoreboard?dates=20260513-20261123&limit=300,,401843409,2026-08-09T17:15Z,ESPN public event API,https://a.espncdn.com/i/teamlogos/soccer/500/6672.png,https://a.espncdn.com/i/teamlogos/soccer/500/2715.png,3-2-5,5-1-4
2026-08-09,Eredivisie,FC Groningen,FC Utrecht,,,,ESPN public event API,Waiting for odds,https://site.api.espn.com/apis/site/v2/sports/soccer/ned.1/scoreboard?dates=20260528-20261208&limit=300,,401875649,2026-08-09T12:30Z,ESPN public event API,https://a.espncdn.com/i/teamlogos/soccer/500/145.png,https://a.espncdn.com/i/teamlogos/soccer/500/153.png,0-0-0,0-0-0
2026-08-09,Eredivisie,Heerenveen,FC Twente,,,,ESPN public event API,Waiting for odds,https://site.api.espn.com/apis/site/v2/sports/soccer/ned.1/scoreboard?dates=20260528-20261208&limit=300,,401875647,2026-08-09T14:45Z,ESPN public event API,https://a.espncdn.com/i/teamlogos/soccer/500/146.png,https://a.espncdn.com/i/teamlogos/soccer/500/152.png,0-0-0,0-0-0
2026-08-09,Eredivisie,PEC Zwolle,Ajax Amsterdam,,,,ESPN public event API,Waiting for odds,https://site.api.espn.com/apis/site/v2/sports/soccer/ned.1/scoreboard?dates=20260528-20261208&limit=300,,401875648,2026-08-09T12:30Z,ESPN public event API,https://a.espncdn.com/i/teamlogos/soccer/500/2565.png,https://a.espncdn.com/i/teamlogos/soccer/500/139.png,0-0-0,0-0-0
2026-08-09,Eredivisie,Sparta Rotterdam,Feyenoord Rotterdam,,,,ESPN public event API,Waiting for odds,https://site.api.espn.com/apis/site/v2/sports/soccer/ned.1/scoreboard?dates=20260528-20261208&limit=300,,401875650,2026-08-09T10:15Z,ESPN public event API,https://a.espncdn.com/i/teamlogos/soccer/500/151.png,https://a.espncdn.com/i/teamlogos/soccer/500/142.png,0-0-0,0-0-0
2026-08-09,Scottish Premiership,Kilmarnock,Celtic,,,,ESPN public event API,Waiting for odds,https://site.api.espn.com/apis/site/v2/sports/soccer/sco.1/scoreboard?dates=20260610-20261221&limit=300,,401878406,2026-08-09T12:30Z,ESPN public event API,https://a.espncdn.com/i/teamlogos/soccer/500/260.png,https://a.espncdn.com/i/teamlogos/soccer/500/256.png,0-0-0,0-0-0
2026-08-09,Scottish Premiership,Rangers,Hibernian,,,,ESPN public event API,Waiting for odds,https://site.api.espn.com/apis/site/v2/sports/soccer/sco.1/scoreboard?dates=20260610-20261221&limit=300,,401878405,2026-08-09T15:00Z,ESPN public event API,https://a.espncdn.com/i/teamlogos/soccer/500/257.png,https://a.espncdn.com/i/teamlogos/soccer/500/258.png,0-0-0,0-0-0
2026-08-10,Allsvenskan,IK Sirius,IF Brommapojkarna,,,,ESPN public event API,Waiting for odds,https://site.api.espn.com/apis/site/v2/sports/soccer/swe.1/scoreboard?dates=20260513-20261123&limit=300,,401842783,2026-08-10T17:00Z,ESPN public event API,https://a.espncdn.com/i/teamlogos/soccer/500/8547.png,https://a.espncdn.com/i/teamlogos/soccer/500/8221.png,8-1-0,4-2-3
2026-08-10,Allsvenskan,Västerås SK,Djurgården,,,,ESPN public event API,Waiting for odds,https://site.api.espn.com/apis/site/v2/sports/soccer/swe.1/scoreboard?dates=20260513-20261123&limit=300,,401842784,2026-08-10T17:00Z,ESPN public event API,https://a.espncdn.com/i/teamlogos/soccer/500/22163.png,https://a.espncdn.com/i/teamlogos/soccer/500/2339.png,3-3-3,4-1-4
2026-08-10,Danish Superliga,Silkeborg IF,Odense Boldklub,,,,ESPN public event API,Waiting for odds,https://site.api.espn.com/apis/site/v2/sports/soccer/den.1/scoreboard?dates=20260521-20261201&limit=300,,401874518,2026-08-10T17:00Z,ESPN public event API,https://a.espncdn.com/i/teamlogos/soccer/500/607.png,https://a.espncdn.com/i/teamlogos/soccer/500/11550.png,,
2026-08-12,UEFA Super Cup,Paris SG,Aston Villa,,,,ESPN public event API,Waiting for odds,https://site.api.espn.com/apis/site/v2/sports/soccer/uefa.super_cup/scoreboard?dates=20260520-20261130&limit=300,,401873624,2026-08-12T19:00Z,ESPN public event API,https://a.espncdn.com/i/teamlogos/soccer/500/160.png,https://a.espncdn.com/i/teamlogos/soccer/500/362.png,,
2026-08-12,UEFA Super Cup,TBD,Aston Villa,,,,ESPN public event API,Waiting for odds,https://site.api.espn.com/apis/site/v2/sports/soccer/uefa.super_cup/scoreboard?dates=20260513-20261123&limit=300,,401873624,2026-08-12T19:00Z,ESPN public event API,,https://a.espncdn.com/i/teamlogos/soccer/500/362.png,,
2026-08-14,Allsvenskan,IF Elfsborg,Västerås SK,,,,ESPN public event API,Waiting for odds,https://site.api.espn.com/apis/site/v2/sports/soccer/swe.1/scoreboard?dates=20260513-20261123&limit=300,,401842789,2026-08-14T17:00Z,ESPN public event API,https://a.espncdn.com/i/teamlogos/soccer/500/529.png,https://a.espncdn.com/i/teamlogos/soccer/500/22163.png,4-5-1,3-3-3
2026-08-14,Belgian Pro League,Cercle Brugge KSV,Sint-Truidense,,,,ESPN public event API,Waiting for odds,https://site.api.espn.com/apis/site/v2/sports/soccer/bel.1/scoreboard?dates=20260610-20261221&limit=300,,401879032,2026-08-14T18:45Z,ESPN public event API,https://a.espncdn.com/i/teamlogos/soccer/500/3610.png,https://a.espncdn.com/i/teamlogos/soccer/500/936.png,0-0-0,0-0-0
2026-08-14,Danish Superliga,Viborg FF,AGF,,,,ESPN public event API,Waiting for odds,https://site.api.espn.com/apis/site/v2/sports/soccer/den.1/scoreboard?dates=20260521-20261201&limit=300,,401874479,2026-08-14T17:00Z,ESPN public event API,https://a.espncdn.com/i/teamlogos/soccer/500/3153.png,https://a.espncdn.com/i/teamlogos/soccer/500/7853.png,,
2026-08-14,Eliteserien,Rosenborg,Viking FK,,,,ESPN public event API,Waiting for odds,https://site.api.espn.com/apis/site/v2/sports/soccer/nor.1/scoreboard?dates=20260513-20261123&limit=300,,401873930,2026-08-14T17:00Z,ESPN public event API,https://a.espncdn.com/i/teamlogos/soccer/500/438.png,https://a.espncdn.com/i/teamlogos/soccer/500/510.png,2-2-6,9-0-1
2026-08-14,Eredivisie,Telstar,Sparta Rotterdam,,,,ESPN public event API,Waiting for odds,https://site.api.espn.com/apis/site/v2/sports/soccer/ned.1/scoreboard?dates=20260528-20261208&limit=300,,401875646,2026-08-14T18:00Z,ESPN public event API,https://a.espncdn.com/i/teamlogos/soccer/500/3735.png,https://a.espncdn.com/i/teamlogos/soccer/500/151.png,0-0-0,0-0-0
2026-08-15,Allsvenskan,Mjällby AIF,IK Sirius,,,,ESPN public event API,Waiting for odds,https://site.api.espn.com/apis/site/v2/sports/soccer/swe.1/scoreboard?dates=20260513-20261123&limit=300,,401842793,2026-08-15T13:00Z,ESPN public event API,https://a.espncdn.com/i/teamlogos/soccer/500/20301.png,https://a.espncdn.com/i/teamlogos/soccer/500/8547.png,4-3-3,8-1-0
2026-08-15,Belgian Pro League,KV Kortrijk,Antwerp,,,,ESPN public event API,Waiting for odds,https://site.api.espn.com/apis/site/v2/sports/soccer/bel.1/scoreboard?dates=20260610-20261221&limit=300,,401879030,2026-08-15T16:15Z,ESPN public event API,https://a.espncdn.com/i/teamlogos/soccer/500/5786.png,https://a.espncdn.com/i/teamlogos/soccer/500/17544.png,0-0-0,0-0-0
2026-08-15,Belgian Pro League,OH Leuven,Club Brugge,,,,ESPN public event API,Waiting for odds,https://site.api.espn.com/apis/site/v2/sports/soccer/bel.1/scoreboard?dates=20260610-20261221&limit=300,,401879029,2026-08-15T18:45Z,ESPN public event API,https://a.espncdn.com/i/teamlogos/soccer/500/5579.png,https://a.espncdn.com/i/teamlogos/soccer/500/570.png,0-0-0,0-0-0
2026-08-15,Belgian Pro League,Racing Genk,KVC Westerlo,,,,ESPN public event API,Waiting for odds,https://site.api.espn.com/apis/site/v2/sports/soccer/bel.1/scoreboard?dates=20260610-20261221&limit=300,,401879028,2026-08-15T18:45Z,ESPN public event API,https://a.espncdn.com/i/teamlogos/soccer/500/938.png,https://a.espncdn.com/i/teamlogos/soccer/500/606.png,0-0-0,0-0-0
2026-08-15,Belgian Pro League,Union St.-Gilloise,Zulte-Waregem,,,,ESPN public event API,Waiting for odds,https://site.api.espn.com/apis/site/v2/sports/soccer/bel.1/scoreboard?dates=20260610-20261221&limit=300,,401879031,2026-08-15T14:00Z,ESPN public event API,https://a.espncdn.com/i/teamlogos/soccer/500/5807.png,https://a.espncdn.com/i/teamlogos/soccer/500/4691.png,0-0-0,0-0-0
2026-08-15,Eliteserien,KFUM Oslo,Lillestrom,,,,ESPN public event API,Waiting for odds,https://site.api.espn.com/apis/site/v2/sports/soccer/nor.1/scoreboard?dates=20260513-20261123&limit=300,,401873910,2026-08-15T14:00Z,ESPN public event API,https://a.espncdn.com/i/teamlogos/soccer/500/22165.png,https://a.espncdn.com/i/teamlogos/soccer/500/987.png,3-2-5,6-1-4
2026-08-15,Eredivisie,Excelsior,PSV Eindhoven,,,,ESPN public event API,Waiting for odds,https://site.api.espn.com/apis/site/v2/sports/soccer/ned.1/scoreboard?dates=20260528-20261208&limit=300,,401875643,2026-08-15T18:00Z,ESPN public event API,https://a.espncdn.com/i/teamlogos/soccer/500/2566.png,https://a.espncdn.com/i/teamlogos/soccer/500/148.png,0-0-0,0-0-0
2026-08-15,Eredivisie,FC Utrecht,AZ Alkmaar,,,,ESPN public event API,Waiting for odds,https://site.api.espn.com/apis/site/v2/sports/soccer/ned.1/scoreboard?dates=20260528-20261208&limit=300,,401875644,2026-08-15T16:45Z,ESPN public event API,https://a.espncdn.com/i/teamlogos/soccer/500/153.png,https://a.espncdn.com/i/teamlogos/soccer/500/140.png,0-0-0,0-0-0
2026-08-15,Eredivisie,Fortuna Sittard,SC Cambuur,,,,ESPN public event API,Waiting for odds,https://site.api.espn.com/apis/site/v2/sports/soccer/ned.1/scoreboard?dates=20260528-20261208&limit=300,,401875642,2026-08-15T19:00Z,ESPN public event API,https://a.espncdn.com/i/teamlogos/soccer/500/143.png,https://a.espncdn.com/i/teamlogos/soccer/500/3736.png,0-0-0,0-0-0
2026-08-15,Eredivisie,Willem II,NEC Nijmegen,,,,ESPN public event API,Waiting for odds,https://site.api.espn.com/apis/site/v2/sports/soccer/ned.1/scoreboard?dates=20260528-20261208&limit=300,,401875645,2026-08-15T14:30Z,ESPN public event API,https://a.espncdn.com/i/teamlogos/soccer/500/156.png,https://a.espncdn.com/i/teamlogos/soccer/500/147.png,0-0-0,0-0-0
2026-08-16,Allsvenskan,Degerfors IF,IFK Göteborg,,,,ESPN public event API,Waiting for odds,https://site.api.espn.com/apis/site/v2/sports/soccer/swe.1/scoreboard?dates=20260513-20261123&limit=300,,401842787,2026-08-16T12:00Z,ESPN public event API,https://a.espncdn.com/i/teamlogos/soccer/500/20856.png,https://a.espncdn.com/i/teamlogos/soccer/500/2556.png,2-3-4,1-4-4
2026-08-16,Allsvenskan,Djurgården,AIK,,,,ESPN public event API,Waiting for odds,https://site.api.espn.com/apis/site/v2/sports/soccer/swe.1/scoreboard?dates=20260513-20261123&limit=300,,401842786,2026-08-16T12:00Z,ESPN public event API,https://a.espncdn.com/i/teamlogos/soccer/500/2339.png,https://a.espncdn.com/i/teamlogos/soccer/500/994.png,4-1-4,3-3-3
2026-08-16,Allsvenskan,GAIS,Malmö FF,,,,ESPN public event API,Waiting for odds,https://site.api.espn.com/apis/site/v2/sports/soccer/swe.1/scoreboard?dates=20260513-20261123&limit=300,,401842790,2026-08-16T14:30Z,ESPN public event API,https://a.espncdn.com/i/teamlogos/soccer/500/8222.png,https://a.espncdn.com/i/teamlogos/soccer/500/2720.png,3-3-4,3-1-5
2026-08-16,Allsvenskan,IF Brommapojkarna,Örgryte IS,,,,ESPN public event API,Waiting for odds,https://site.api.espn.com/apis/site/v2/sports/soccer/swe.1/scoreboard?dates=20260513-20261123&limit=300,,401842788,2026-08-16T12:00Z,ESPN public event API,https://a.espncdn.com/i/teamlogos/soccer/500/8221.png,https://a.espncdn.com/i/teamlogos/soccer/500/131552.png,4-2-3,1-2-6
2026-08-16,Allsvenskan,Kalmar FF,Hammarby IF,,,,ESPN public event API,Waiting for odds,https://site.api.espn.com/apis/site/v2/sports/soccer/swe.1/scoreboard?dates=20260513-20261123&limit=300,,401842792,2026-08-16T14:30Z,ESPN public event API,https://a.espncdn.com/i/teamlogos/soccer/500/3052.png,https://a.espncdn.com/i/teamlogos/soccer/500/2495.png,3-1-5,5-2-3
2026-08-16,Belgian Pro League,KV Mechelen,Standard Liege,,,,ESPN public event API,Waiting for odds,https://site.api.espn.com/apis/site/v2/sports/soccer/bel.1/scoreboard?dates=20260610-20261221&limit=300,,401879025,2026-08-16T16:30Z,ESPN public event API,https://a.espncdn.com/i/teamlogos/soccer/500/7879.png,https://a.espncdn.com/i/teamlogos/soccer/500/559.png,0-0-0,0-0-0
2026-08-16,Belgian Pro League,Lommel SK,Royal Charleroi SC,,,,ESPN public event API,Waiting for odds,https://site.api.espn.com/apis/site/v2/sports/soccer/bel.1/scoreboard?dates=20260610-20261221&limit=300,,401879024,2026-08-16T17:15Z,ESPN public event API,,https://a.espncdn.com/i/teamlogos/soccer/500/3616.png,0-0-0,0-0-0
2026-08-16,Belgian Pro League,RAAL La Louvière,KAA Gent,,,,ESPN public event API,Waiting for odds,https://site.api.espn.com/apis/site/v2/sports/soccer/bel.1/scoreboard?dates=20260610-20261221&limit=300,,401879026,2026-08-16T14:00Z,ESPN public event API,https://a.espncdn.com/i/teamlogos/soccer/500/131235.png,https://a.espncdn.com/i/teamlogos/soccer/500/3611.png,0-0-0,0-0-0
2026-08-16,Belgian Pro League,Waasland-Beveren,Anderlecht,,,,ESPN public event API,Waiting for odds,https://site.api.espn.com/apis/site/v2/sports/soccer/bel.1/scoreboard?dates=20260610-20261221&limit=300,,401879027,2026-08-16T11:30Z,ESPN public event API,https://a.espncdn.com/i/teamlogos/soccer/500/13450.png,https://a.espncdn.com/i/teamlogos/soccer/500/441.png,0-0-0,0-0-0
2026-08-16,Danish Superliga,FC Nordsjælland,Silkeborg IF,,,,ESPN public event API,Waiting for odds,https://site.api.espn.com/apis/site/v2/sports/soccer/den.1/scoreboard?dates=20260521-20261201&limit=300,,401874490,2026-08-16T12:00Z,ESPN public event API,https://a.espncdn.com/i/teamlogos/soccer/500/3101.png,https://a.espncdn.com/i/teamlogos/soccer/500/607.png,,
2026-08-16,Danish Superliga,Lyngby Boldklub,FC Midtjylland,,,,ESPN public event API,Waiting for odds,https://site.api.espn.com/apis/site/v2/sports/soccer/den.1/scoreboard?dates=20260521-20261201&limit=300,,401874502,2026-08-16T14:00Z,ESPN public event API,https://a.espncdn.com/i/teamlogos/soccer/500/7860.png,https://a.espncdn.com/i/teamlogos/soccer/500/572.png,,
2026-08-16,Danish Superliga,Odense Boldklub,AC Horsens,,,,ESPN public event API,Waiting for odds,https://site.api.espn.com/apis/site/v2/sports/soccer/den.1/scoreboard?dates=20260521-20261201&limit=300,,401874483,2026-08-16T12:00Z,ESPN public event API,https://a.espncdn.com/i/teamlogos/soccer/500/11550.png,https://a.espncdn.com/i/teamlogos/soccer/500/3585.png,,
2026-08-16,Danish Superliga,Randers FC,F.C. København,,,,ESPN public event API,Waiting for odds,https://site.api.espn.com/apis/site/v2/sports/soccer/den.1/scoreboard?dates=20260521-20261201&limit=300,,401874482,2026-08-16T16:00Z,ESPN public event API,https://a.espncdn.com/i/teamlogos/soccer/500/3132.png,https://a.espncdn.com/i/teamlogos/soccer/500/909.png,,
2026-08-16,Eliteserien,Aalesund,Vålerenga,,,,ESPN public event API,Waiting for odds,https://site.api.espn.com/apis/site/v2/sports/soccer/nor.1/scoreboard?dates=20260513-20261123&limit=300,,401843418,2026-08-16T12:30Z,ESPN public event API,https://a.espncdn.com/i/teamlogos/soccer/500/3278.png,https://a.espncdn.com/i/teamlogos/soccer/500/2791.png,2-4-4,3-2-5
2026-08-16,Eliteserien,Fredrikstad,Kristiansund BK,,,,ESPN public event API,Waiting for odds,https://site.api.espn.com/apis/site/v2/sports/soccer/nor.1/scoreboard?dates=20260513-20261123&limit=300,,401843416,2026-08-16T17:15Z,ESPN public event API,https://a.espncdn.com/i/teamlogos/soccer/500/3039.png,https://a.espncdn.com/i/teamlogos/soccer/500/6672.png,3-2-5,3-2-5
2026-08-16,Eliteserien,Molde,Tromso,,,,ESPN public event API,Waiting for odds,https://site.api.espn.com/apis/site/v2/sports/soccer/nor.1/scoreboard?dates=20260513-20261123&limit=300,,401843414,2026-08-16T15:00Z,ESPN public event API,https://a.espncdn.com/i/teamlogos/soccer/500/2715.png,https://a.espncdn.com/i/teamlogos/soccer/500/5270.png,5-1-4,7-3-2
2026-08-16,Eliteserien,Sarpsborg FK,Sandefjord,,,,ESPN public event API,Waiting for odds,https://site.api.espn.com/apis/site/v2/sports/soccer/nor.1/scoreboard?dates=20260513-20261123&limit=300,,401843412,2026-08-16T15:00Z,ESPN public event API,https://a.espncdn.com/i/teamlogos/soccer/500/5002.png,https://a.espncdn.com/i/teamlogos/soccer/500/3279.png,3-2-5,4-2-4
2026-08-16,Eliteserien,SK Brann,Hamarkameratene,,,,ESPN public event API,Waiting for odds,https://site.api.espn.com/apis/site/v2/sports/soccer/nor.1/scoreboard?dates=20260513-20261123&limit=300,,401843417,2026-08-16T15:00Z,ESPN public event API,https://a.espncdn.com/i/teamlogos/soccer/500/620.png,https://a.espncdn.com/i/teamlogos/soccer/500/21380.png,4-1-6,5-1-3
2026-08-16,Eredivisie,ADO Den Haag,FC Groningen,,,,ESPN public event API,Waiting for odds,https://site.api.espn.com/apis/site/v2/sports/soccer/ned.1/scoreboard?dates=20260528-20261208&limit=300,,401875641,2026-08-16T10:15Z,ESPN public event API,https://a.espncdn.com/i/teamlogos/soccer/500/2726.png,https://a.espncdn.com/i/teamlogos/soccer/500/145.png,0-0-0,0-0-0
2026-08-16,Eredivisie,Ajax Amsterdam,Heerenveen,,,,ESPN public event API,Waiting for odds,https://site.api.espn.com/apis/site/v2/sports/soccer/ned.1/scoreboard?dates=20260528-20261208&limit=300,,401875638,2026-08-16T14:45Z,ESPN public event API,https://a.espncdn.com/i/teamlogos/soccer/500/139.png,https://a.espncdn.com/i/teamlogos/soccer/500/146.png,0-0-0,0-0-0
2026-08-16,Eredivisie,FC Twente,PEC Zwolle,,,,ESPN public event API,Waiting for odds,https://site.api.espn.com/apis/site/v2/sports/soccer/ned.1/scoreboard?dates=20260528-20261208&limit=300,,401875639,2026-08-16T12:30Z,ESPN public event API,https://a.espncdn.com/i/teamlogos/soccer/500/152.png,https://a.espncdn.com/i/teamlogos/soccer/500/2565.png,0-0-0,0-0-0
2026-08-16,Eredivisie,Feyenoord Rotterdam,Go Ahead Eagles,,,,ESPN public event API,Waiting for odds,https://site.api.espn.com/apis/site/v2/sports/soccer/ned.1/scoreboard?dates=20260528-20261208&limit=300,,401875640,2026-08-16T12:30Z,ESPN public event API,https://a.espncdn.com/i/teamlogos/soccer/500/142.png,https://a.espncdn.com/i/teamlogos/soccer/500/3706.png,0-0-0,0-0-0
2026-08-17,Allsvenskan,BK Häcken,Halmstads BK,,,,ESPN public event API,Waiting for odds,https://site.api.espn.com/apis/site/v2/sports/soccer/swe.1/scoreboard?dates=20260513-20261123&limit=300,,401842791,2026-08-17T17:00Z,ESPN public event API,https://a.espncdn.com/i/teamlogos/soccer/500/7834.png,https://a.espncdn.com/i/teamlogos/soccer/500/3017.png,4-5-0,1-3-5
2026-08-17,Danish Superliga,Brøndby IF,Sønderjyske Fodbold,,,,ESPN public event API,Waiting for odds,https://site.api.espn.com/apis/site/v2/sports/soccer/den.1/scoreboard?dates=20260521-20261201&limit=300,,401874477,2026-08-17T17:00Z,ESPN public event API,https://a.espncdn.com/i/teamlogos/soccer/500/575.png,https://a.espncdn.com/i/teamlogos/soccer/500/8118.png,,
2026-08-21,Allsvenskan,IK Sirius,BK Häcken,,,,ESPN public event API,Waiting for odds,https://site.api.espn.com/apis/site/v2/sports/soccer/swe.1/scoreboard?dates=20260513-20261123&limit=300,,401873989,2026-08-21T17:00Z,ESPN public event API,https://a.espncdn.com/i/teamlogos/soccer/500/8547.png,https://a.espncdn.com/i/teamlogos/soccer/500/7834.png,8-1-0,4-5-0
2026-08-21,Belgian Pro League,Standard Liege,RAAL La Louvière,,,,ESPN public event API,Waiting for odds,https://site.api.espn.com/apis/site/v2/sports/soccer/bel.1/scoreboard?dates=20260610-20261221&limit=300,,401879023,2026-08-21T18:45Z,ESPN public event API,https://a.espncdn.com/i/teamlogos/soccer/500/559.png,https://a.espncdn.com/i/teamlogos/soccer/500/131235.png,0-0-0,0-0-0
2026-08-21,Danish Superliga,AGF,Odense Boldklub,,,,ESPN public event API,Waiting for odds,https://site.api.espn.com/apis/site/v2/sports/soccer/den.1/scoreboard?dates=20260521-20261201&limit=300,,401874480,2026-08-21T17:00Z,ESPN public event API,https://a.espncdn.com/i/teamlogos/soccer/500/7853.png,https://a.espncdn.com/i/teamlogos/soccer/500/11550.png,,
2026-08-21,DFB-Pokal,1. FC Phönix Lübeck,SC Paderborn 07,,,,ESPN public event API,Waiting for odds,https://site.api.espn.com/apis/site/v2/sports/soccer/ger.dfb_pokal/scoreboard?dates=20260526-20261206&limit=300,,401874900,2026-08-21T18:00Z,ESPN public event API,,https://a.espncdn.com/i/teamlogos/soccer/500/3307.png,,
2026-08-21,DFB-Pokal,Bahlinger SC 1929,1. FC Magdeburg,,,,ESPN public event API,Waiting for odds,https://site.api.espn.com/apis/site/v2/sports/soccer/ger.dfb_pokal/scoreboard?dates=20260526-20261206&limit=300,,401875183,2026-08-21T18:00Z,ESPN public event API,,https://a.espncdn.com/i/teamlogos/soccer/500/10382.png,,
2026-08-21,DFB-Pokal,Eintracht Trier,RB Leipzig,,,,ESPN public event API,Waiting for odds,https://site.api.espn.com/apis/site/v2/sports/soccer/ger.dfb_pokal/scoreboard?dates=20260526-20261206&limit=300,,401874893,2026-08-21T18:00Z,ESPN public event API,,https://a.espncdn.com/i/teamlogos/soccer/500/11420.png,,
2026-08-21,DFB-Pokal,Energie Cottbus,FC Augsburg,,,,ESPN public event API,Waiting for odds,https://site.api.espn.com/apis/site/v2/sports/soccer/ger.dfb_pokal/scoreboard?dates=20260526-20261206&limit=300,,401875177,2026-08-21T18:00Z,ESPN public event API,,https://a.espncdn.com/i/teamlogos/soccer/500/3841.png,,
2026-08-21,DFB-Pokal,FC Carl Zeiss Jena,Darmstadt,,,,ESPN public event API,Waiting for odds,https://site.api.espn.com/apis/site/v2/sports/soccer/ger.dfb_pokal/scoreboard?dates=20260526-20261206&limit=300,,401875185,2026-08-21T18:00Z,ESPN public event API,https://a.espncdn.com/i/teamlogos/soccer/500/9865.png,https://a.espncdn.com/i/teamlogos/soccer/500/3812.png,,
2026-08-21,DFB-Pokal,FC Erzgebirge Aue,TSG Hoffenheim,,,,ESPN public event API,Waiting for odds,https://site.api.espn.com/apis/site/v2/sports/soccer/ger.dfb_pokal/scoreboard?dates=20260526-20261206&limit=300,,401875184,2026-08-21T18:00Z,ESPN public event API,https://a.espncdn.com/i/teamlogos/soccer/500/3849.png,https://a.espncdn.com/i/teamlogos/soccer/500/7911.png,,
2026-08-21,DFB-Pokal,Fortuna Düsseldorf,SC Freiburg,,,,ESPN public event API,Waiting for odds,https://site.api.espn.com/apis/site/v2/sports/soccer/ger.dfb_pokal/scoreboard?dates=20260526-20261206&limit=300,,401874901,2026-08-21T18:00Z,ESPN public event API,https://a.espncdn.com/i/teamlogos/soccer/500/9707.png,https://a.espncdn.com/i/teamlogos/soccer/500/126.png,,
2026-08-21,DFB-Pokal,Hallescher FC,Schalke 04,,,,ESPN public event API,Waiting for odds,https://site.api.espn.com/apis/site/v2/sports/soccer/ger.dfb_pokal/scoreboard?dates=20260526-20261206&limit=300,,401874890,2026-08-21T18:00Z,ESPN public event API,,https://a.espncdn.com/i/teamlogos/soccer/500/133.png,,
2026-08-21,DFB-Pokal,Hansa Rostock,VfB Stuttgart,,,,ESPN public event API,Waiting for odds,https://site.api.espn.com/apis/site/v2/sports/soccer/ger.dfb_pokal/scoreboard?dates=20260526-20261206&limit=300,,401875187,2026-08-21T18:00Z,ESPN public event API,https://a.espncdn.com/i/teamlogos/soccer/500/128.png,https://a.espncdn.com/i/teamlogos/soccer/500/134.png,,
2026-08-21,DFB-Pokal,Hemelingen,Hannover 96,,,,ESPN public event API,Waiting for odds,https://site.api.espn.com/apis/site/v2/sports/soccer/ger.dfb_pokal/scoreboard?dates=20260526-20261206&limit=300,,401874899,2026-08-21T18:00Z,ESPN public event API,,https://a.espncdn.com/i/teamlogos/soccer/500/2428.png,,
2026-08-21,DFB-Pokal,Lüneburger SK Hansa,Werder Bremen,,,,ESPN public event API,Waiting for odds,https://site.api.espn.com/apis/site/v2/sports/soccer/ger.dfb_pokal/scoreboard?dates=20260526-20261206&limit=300,,401875176,2026-08-21T18:00Z,ESPN public event API,,https://a.espncdn.com/i/teamlogos/soccer/500/137.png,,
2026-08-21,DFB-Pokal,MSV Duisburg,SV 07 Elversberg,,,,ESPN public event API,Waiting for odds,https://site.api.espn.com/apis/site/v2/sports/soccer/ger.dfb_pokal/scoreboard?dates=20260526-20261206&limit=300,,401875178,2026-08-21T18:00Z,ESPN public event API,https://a.espncdn.com/i/teamlogos/soccer/500/3308.png,https://a.espncdn.com/i/teamlogos/soccer/500/10388.png,,
2026-08-21,DFB-Pokal,Preußen Münster,Karlsruher SC,,,,ESPN public event API,Waiting for odds,https://site.api.espn.com/apis/site/v2/sports/soccer/ger.dfb_pokal/scoreboard?dates=20260526-20261206&limit=300,,401874895,2026-08-21T18:00Z,ESPN public event API,https://a.espncdn.com/i/teamlogos/soccer/500/9867.png,https://a.espncdn.com/i/teamlogos/soccer/500/4471.png,,
2026-08-21,DFB-Pokal,Rot-Weiss Essen,St. Pauli,,,,ESPN public event API,Waiting for odds,https://site.api.espn.com/apis/site/v2/sports/soccer/ger.dfb_pokal/scoreboard?dates=20260526-20261206&limit=300,,401875188,2026-08-21T18:00Z,ESPN public event API,,https://a.espncdn.com/i/teamlogos/soccer/500/270.png,,
2026-08-21,DFB-Pokal,Saarbrücken,Hertha Berlin,,,,ESPN public event API,Waiting for odds,https://site.api.espn.com/apis/site/v2/sports/soccer/ger.dfb_pokal/scoreboard?dates=20260526-20261206&limit=300,,401875181,2026-08-21T18:00Z,ESPN public event API,https://a.espncdn.com/i/teamlogos/soccer/500/18741.png,https://a.espncdn.com/i/teamlogos/soccer/500/129.png,,
2026-08-21,DFB-Pokal,SC St. Tönis,Eintracht Frankfurt,,,,ESPN public event API,Waiting for odds,https://site.api.espn.com/apis/site/v2/sports/soccer/ger.dfb_pokal/scoreboard?dates=20260526-20261206&limit=300,,401875189,2026-08-21T18:00Z,ESPN public event API,,https://a.espncdn.com/i/teamlogos/soccer/500/125.png,,
2026-08-21,DFB-Pokal,SC Verl 1924,Hamburg SV,,,,ESPN public event API,Waiting for odds,https://site.api.espn.com/apis/site/v2/sports/soccer/ger.dfb_pokal/scoreboard?dates=20260526-20261206&limit=300,,401874898,2026-08-21T18:00Z,ESPN public event API,,https://a.espncdn.com/i/teamlogos/soccer/500/127.png,,
2026-08-21,DFB-Pokal,Schott,Borussia Mönchengladbach,,,,ESPN public event API,Waiting for odds,https://site.api.espn.com/apis/site/v2/sports/soccer/ger.dfb_pokal/scoreboard?dates=20260526-20261206&limit=300,,401874889,2026-08-21T18:00Z,ESPN public event API,,https://a.espncdn.com/i/teamlogos/soccer/500/268.png,,
2026-08-21,DFB-Pokal,SG Sonnenhof Großaspach,Arminia Bielefeld,,,,ESPN public event API,Waiting for odds,https://site.api.espn.com/apis/site/v2/sports/soccer/ger.dfb_pokal/scoreboard?dates=20260526-20261206&limit=300,,401875186,2026-08-21T18:00Z,ESPN public event API,,https://a.espncdn.com/i/teamlogos/soccer/500/2506.png,,
2026-08-21,DFB-Pokal,SpVgg Greuther Fürth,VfL Bochum,,,,ESPN public event API,Waiting for odds,https://site.api.espn.com/apis/site/v2/sports/soccer/ger.dfb_pokal/scoreboard?dates=20260526-20261206&limit=300,,401874902,2026-08-21T18:00Z,ESPN public event API,https://a.espncdn.com/i/teamlogos/soccer/500/3070.png,https://a.espncdn.com/i/teamlogos/soccer/500/121.png,,
2026-08-21,DFB-Pokal,SSV Jeddeloh II,Heidenheim,,,,ESPN public event API,Waiting for odds,https://site.api.espn.com/apis/site/v2/sports/soccer/ger.dfb_pokal/scoreboard?dates=20260526-20261206&limit=300,,401875182,2026-08-21T18:00Z,ESPN public event API,,https://a.espncdn.com/i/teamlogos/soccer/500/6418.png,,
2026-08-21,DFB-Pokal,SV Waldhof Mannheim,Kaiserslautern,,,,ESPN public event API,Waiting for odds,https://site.api.espn.com/apis/site/v2/sports/soccer/ger.dfb_pokal/scoreboard?dates=20260526-20261206&limit=300,,401875179,2026-08-21T18:00Z,ESPN public event API,,https://a.espncdn.com/i/teamlogos/soccer/500/130.png,,
2026-08-21,DFB-Pokal,SV Wehen Wiesbaden,Bayer Leverkusen,,,,ESPN public event API,Waiting for odds,https://site.api.espn.com/apis/site/v2/sports/soccer/ger.dfb_pokal/scoreboard?dates=20260526-20261206&limit=300,,401874891,2026-08-21T18:00Z,ESPN public event API,https://a.espncdn.com/i/teamlogos/soccer/500/3769.png,https://a.espncdn.com/i/teamlogos/soccer/500/131.png,,
2026-08-21,DFB-Pokal,TSV 1860 Munich,Holstein Kiel,,,,ESPN public event API,Waiting for odds,https://site.api.espn.com/apis/site/v2/sports/soccer/ger.dfb_pokal/scoreboard?dates=20260526-20261206&limit=300,,401874892,2026-08-21T18:00Z,ESPN public event API,https://a.espncdn.com/i/teamlogos/soccer/500/135.png,https://a.espncdn.com/i/teamlogos/soccer/500/7884.png,,
2026-08-21,DFB-Pokal,TSV Eintracht Braunschweig,Union Berlin,,,,ESPN public event API,Waiting for odds,https://site.api.espn.com/apis/site/v2/sports/soccer/ger.dfb_pokal/scoreboard?dates=20260526-20261206&limit=300,,401875218,2026-08-21T18:00Z,ESPN public event API,https://a.espncdn.com/i/teamlogos/soccer/500/3067.png,https://a.espncdn.com/i/teamlogos/soccer/500/598.png,,
2026-08-21,DFB-Pokal,VFB Krieschow,Mainz,,,,ESPN public event API,Waiting for odds,https://site.api.espn.com/apis/site/v2/sports/soccer/ger.dfb_pokal/scoreboard?dates=20260526-20261206&limit=300,,401875190,2026-08-21T18:00Z,ESPN public event API,,https://a.espncdn.com/i/teamlogos/soccer/500/2950.png,,
2026-08-21,DFB-Pokal,Viktoria Köln,1. FC Nürnberg,,,,ESPN public event API,Waiting for odds,https://site.api.espn.com/apis/site/v2/sports/soccer/ger.dfb_pokal/scoreboard?dates=20260526-20261206&limit=300,,401875180,2026-08-21T18:00Z,ESPN public event API,,https://a.espncdn.com/i/teamlogos/soccer/500/269.png,,
2026-08-21,DFB-Pokal,VSG Altglienicke,VfL Wolfsburg,,,,ESPN public event API,Waiting for odds,https://site.api.espn.com/apis/site/v2/sports/soccer/ger.dfb_pokal/scoreboard?dates=20260526-20261206&limit=300,,401874897,2026-08-21T18:00Z,ESPN public event API,,https://a.espncdn.com/i/teamlogos/soccer/500/138.png,,
2026-08-21,DFB-Pokal,Westfalia Rhynern,Dynamo Dresden,,,,ESPN public event API,Waiting for odds,https://site.api.espn.com/apis/site/v2/sports/soccer/ger.dfb_pokal/scoreboard?dates=20260526-20261206&limit=300,,401875175,2026-08-21T18:00Z,ESPN public event API,,https://a.espncdn.com/i/teamlogos/soccer/500/7017.png,,
2026-08-21,DFB-Pokal,Würzburger Kickers,FC Koln,,,,ESPN public event API,Waiting for odds,https://site.api.espn.com/apis/site/v2/sports/soccer/ger.dfb_pokal/scoreboard?dates=20260526-20261206&limit=300,,401874896,2026-08-21T18:00Z,ESPN public event API,https://a.espncdn.com/i/teamlogos/soccer/500/17491.png,https://a.espncdn.com/i/teamlogos/soccer/500/122.png,,
2026-08-21,EPL,Arsenal,Coventry City,,,,ESPN public event API,Waiting for odds,https://site.api.espn.com/apis/site/v2/sports/soccer/eng.1/scoreboard?dates=20260610-20261221&limit=300,,401879301,2026-08-21T19:00Z,ESPN public event API,https://a.espncdn.com/i/teamlogos/soccer/500/359.png,https://a.espncdn.com/i/teamlogos/soccer/500/388.png,0-0-0,0-0-0
2026-08-22,Allsvenskan,Örgryte IS,Halmstads BK,,,,ESPN public event API,Waiting for odds,https://site.api.espn.com/apis/site/v2/sports/soccer/swe.1/scoreboard?dates=20260513-20261123&limit=300,,401842798,2026-08-22T13:00Z,ESPN public event API,https://a.espncdn.com/i/teamlogos/soccer/500/131552.png,https://a.espncdn.com/i/teamlogos/soccer/500/3017.png,1-2-6,1-3-5
2026-08-22,Belgian Pro League,Antwerp,Racing Genk,,,,ESPN public event API,Waiting for odds,https://site.api.espn.com/apis/site/v2/sports/soccer/bel.1/scoreboard?dates=20260610-20261221&limit=300,,401879019,2026-08-22T18:45Z,ESPN public event API,https://a.espncdn.com/i/teamlogos/soccer/500/17544.png,https://a.espncdn.com/i/teamlogos/soccer/500/938.png,0-0-0,0-0-0
2026-08-22,Belgian Pro League,KAA Gent,OH Leuven,,,,ESPN public event API,Waiting for odds,https://site.api.espn.com/apis/site/v2/sports/soccer/bel.1/scoreboard?dates=20260610-20261221&limit=300,,401879020,2026-08-22T18:45Z,ESPN public event API,https://a.espncdn.com/i/teamlogos/soccer/500/3611.png,https://a.espncdn.com/i/teamlogos/soccer/500/5579.png,0-0-0,0-0-0
2026-08-22,Belgian Pro League,Royal Charleroi SC,KV Mechelen,,,,ESPN public event API,Waiting for odds,https://site.api.espn.com/apis/site/v2/sports/soccer/bel.1/scoreboard?dates=20260610-20261221&limit=300,,401879021,2026-08-22T16:15Z,ESPN public event API,https://a.espncdn.com/i/teamlogos/soccer/500/3616.png,https://a.espncdn.com/i/teamlogos/soccer/500/7879.png,0-0-0,0-0-0
2026-08-22,Belgian Pro League,Zulte-Waregem,Waasland-Beveren,,,,ESPN public event API,Waiting for odds,https://site.api.espn.com/apis/site/v2/sports/soccer/bel.1/scoreboard?dates=20260610-20261221&limit=300,,401879022,2026-08-22T14:00Z,ESPN public event API,https://a.espncdn.com/i/teamlogos/soccer/500/4691.png,https://a.espncdn.com/i/teamlogos/soccer/500/13450.png,0-0-0,0-0-0
2026-08-22,EPL,Brentford,Tottenham,,,,ESPN public event API,Waiting for odds,https://site.api.espn.com/apis/site/v2/sports/soccer/eng.1/scoreboard?dates=20260610-20261221&limit=300,,401879321,2026-08-22T16:30Z,ESPN public event API,https://a.espncdn.com/i/teamlogos/soccer/500/337.png,https://a.espncdn.com/i/teamlogos/soccer/500/367.png,0-0-0,0-0-0
2026-08-22,EPL,Everton,Crystal Palace,,,,ESPN public event API,Waiting for odds,https://site.api.espn.com/apis/site/v2/sports/soccer/eng.1/scoreboard?dates=20260610-20261221&limit=300,,401879300,2026-08-22T14:00Z,ESPN public event API,https://a.espncdn.com/i/teamlogos/soccer/500/368.png,https://a.espncdn.com/i/teamlogos/soccer/500/384.png,0-0-0,0-0-0
2026-08-22,EPL,Hull City,Man United,,,,ESPN public event API,Waiting for odds,https://site.api.espn.com/apis/site/v2/sports/soccer/eng.1/scoreboard?dates=20260610-20261221&limit=300,,401879322,2026-08-22T11:30Z,ESPN public event API,https://a.espncdn.com/i/teamlogos/soccer/500/306.png,https://a.espncdn.com/i/teamlogos/soccer/500/360.png,0-0-0,0-0-0
2026-08-22,EPL,Ipswich Town,Sunderland,,,,ESPN public event API,Waiting for odds,https://site.api.espn.com/apis/site/v2/sports/soccer/eng.1/scoreboard?dates=20260610-20261221&limit=300,,401879299,2026-08-22T14:00Z,ESPN public event API,https://a.espncdn.com/i/teamlogos/soccer/500/373.png,https://a.espncdn.com/i/teamlogos/soccer/500/366.png,0-0-0,0-0-0
2026-08-22,EPL,Nott'm Forest,Leeds United,,,,ESPN public event API,Waiting for odds,https://site.api.espn.com/apis/site/v2/sports/soccer/eng.1/scoreboard?dates=20260610-20261221&limit=300,,401879298,2026-08-22T14:00Z,ESPN public event API,https://a.espncdn.com/i/teamlogos/soccer/500/393.png,https://a.espncdn.com/i/teamlogos/soccer/500/357.png,0-0-0,0-0-0
2026-08-22,Eredivisie,Fortuna Sittard,AZ Alkmaar,,,,ESPN public event API,Waiting for odds,https://site.api.espn.com/apis/site/v2/sports/soccer/ned.1/scoreboard?dates=20260528-20261208&limit=300,,401875637,2026-08-22T14:30Z,ESPN public event API,https://a.espncdn.com/i/teamlogos/soccer/500/143.png,https://a.espncdn.com/i/teamlogos/soccer/500/140.png,0-0-0,0-0-0
2026-08-22,Eredivisie,Heerenveen,PEC Zwolle,,,,ESPN public event API,Waiting for odds,https://site.api.espn.com/apis/site/v2/sports/soccer/ned.1/scoreboard?dates=20260528-20261208&limit=300,,401875634,2026-08-22T19:00Z,ESPN public event API,https://a.espncdn.com/i/teamlogos/soccer/500/146.png,https://a.espncdn.com/i/teamlogos/soccer/500/2565.png,0-0-0,0-0-0
2026-08-22,Eredivisie,NEC Nijmegen,Excelsior,,,,ESPN public event API,Waiting for odds,https://site.api.espn.com/apis/site/v2/sports/soccer/ned.1/scoreboard?dates=20260528-20261208&limit=300,,401875636,2026-08-22T16:45Z,ESPN public event API,https://a.espncdn.com/i/teamlogos/soccer/500/147.png,https://a.espncdn.com/i/teamlogos/soccer/500/2566.png,0-0-0,0-0-0
2026-08-22,Eredivisie,Sparta Rotterdam,FC Utrecht,,,,ESPN public event API,Waiting for odds,https://site.api.espn.com/apis/site/v2/sports/soccer/ned.1/scoreboard?dates=20260528-20261208&limit=300,,401875635,2026-08-22T18:00Z,ESPN public event API,https://a.espncdn.com/i/teamlogos/soccer/500/151.png,https://a.espncdn.com/i/teamlogos/soccer/500/153.png,0-0-0,0-0-0
2026-08-22,Ligue 1,Angers,Lille,,,,ESPN public event API,Waiting for odds,https://site.api.espn.com/apis/site/v2/sports/soccer/fra.1/scoreboard?dates=20260528-20261208&limit=300,,401876493,2026-08-22T18:00Z,ESPN public event API,https://a.espncdn.com/i/teamlogos/soccer/500/7868.png,https://a.espncdn.com/i/teamlogos/soccer/500/166.png,0-0-0,0-0-0
2026-08-22,Ligue 1,Le Havre AC,AS Monaco,,,,ESPN public event API,Waiting for odds,https://site.api.espn.com/apis/site/v2/sports/soccer/fra.1/scoreboard?dates=20260528-20261208&limit=300,,401876492,2026-08-22T18:00Z,ESPN public event API,https://a.espncdn.com/i/teamlogos/soccer/500/3236.png,https://a.espncdn.com/i/teamlogos/soccer/500/174.png,0-0-0,0-0-0
2026-08-22,Ligue 1,Le Mans,Brest,,,,ESPN public event API,Waiting for odds,https://site.api.espn.com/apis/site/v2/sports/soccer/fra.1/scoreboard?dates=20260528-20261208&limit=300,,401876491,2026-08-22T18:00Z,ESPN public event API,https://a.espncdn.com/i/teamlogos/soccer/500/2697.png,https://a.espncdn.com/i/teamlogos/soccer/500/6997.png,0-0-0,0-0-0
2026-08-22,Ligue 1,Lens,AJ Auxerre,,,,ESPN public event API,Waiting for odds,https://site.api.espn.com/apis/site/v2/sports/soccer/fra.1/scoreboard?dates=20260528-20261208&limit=300,,401876490,2026-08-22T18:00Z,ESPN public event API,https://a.espncdn.com/i/teamlogos/soccer/500/175.png,https://a.espncdn.com/i/teamlogos/soccer/500/172.png,0-0-0,0-0-0
2026-08-22,Ligue 1,Marseille,Strasbourg,,,,ESPN public event API,Waiting for odds,https://site.api.espn.com/apis/site/v2/sports/soccer/fra.1/scoreboard?dates=20260528-20261208&limit=300,,401876489,2026-08-22T18:00Z,ESPN public event API,https://a.espncdn.com/i/teamlogos/soccer/500/176.png,https://a.espncdn.com/i/teamlogos/soccer/500/180.png,0-0-0,0-0-0
2026-08-22,Ligue 1,Nice,Lorient,,,,ESPN public event API,Waiting for odds,https://site.api.espn.com/apis/site/v2/sports/soccer/fra.1/scoreboard?dates=20260528-20261208&limit=300,,401876488,2026-08-22T18:00Z,ESPN public event API,https://a.espncdn.com/i/teamlogos/soccer/500/2502.png,https://a.espncdn.com/i/teamlogos/soccer/500/273.png,0-0-0,0-0-0
2026-08-22,Ligue 1,Paris SG,Stade Rennais,,,,ESPN public event API,Waiting for odds,https://site.api.espn.com/apis/site/v2/sports/soccer/fra.1/scoreboard?dates=20260528-20261208&limit=300,,401876487,2026-08-22T18:00Z,ESPN public event API,https://a.espncdn.com/i/teamlogos/soccer/500/160.png,https://a.espncdn.com/i/teamlogos/soccer/500/169.png,0-0-0,0-0-0
2026-08-22,Ligue 1,Toulouse,Lyon,,,,ESPN public event API,Waiting for odds,https://site.api.espn.com/apis/site/v2/sports/soccer/fra.1/scoreboard?dates=20260528-20261208&limit=300,,401876486,2026-08-22T18:00Z,ESPN public event API,https://a.espncdn.com/i/teamlogos/soccer/500/179.png,https://a.espncdn.com/i/teamlogos/soccer/500/167.png,0-0-0,0-0-0
2026-08-22,Ligue 1,Troyes,Paris FC,,,,ESPN public event API,Waiting for odds,https://site.api.espn.com/apis/site/v2/sports/soccer/fra.1/scoreboard?dates=20260528-20261208&limit=300,,401876485,2026-08-22T18:00Z,ESPN public event API,https://a.espncdn.com/i/teamlogos/soccer/500/170.png,https://a.espncdn.com/i/teamlogos/soccer/500/6851.png,0-0-0,0-0-0
2026-08-22,Scottish Premiership,Dundee United,Dundee,,,,ESPN public event API,Waiting for odds,https://site.api.espn.com/apis/site/v2/sports/soccer/sco.1/scoreboard?dates=20260610-20261221&limit=300,,401878404,2026-08-22T14:00Z,ESPN public event API,https://a.espncdn.com/i/teamlogos/soccer/500/264.png,https://a.espncdn.com/i/teamlogos/soccer/500/261.png,0-0-0,0-0-0
2026-08-22,Scottish Premiership,Falkirk,Heart of Midlothian,,,,ESPN public event API,Waiting for odds,https://site.api.espn.com/apis/site/v2/sports/soccer/sco.1/scoreboard?dates=20260610-20261221&limit=300,,401878403,2026-08-22T14:00Z,ESPN public event API,https://a.espncdn.com/i/teamlogos/soccer/500/254.png,https://a.espncdn.com/i/teamlogos/soccer/500/262.png,0-0-0,0-0-0
2026-08-22,Scottish Premiership,Hibernian,Kilmarnock,,,,ESPN public event API,Waiting for odds,https://site.api.espn.com/apis/site/v2/sports/soccer/sco.1/scoreboard?dates=20260610-20261221&limit=300,,401878402,2026-08-22T14:00Z,ESPN public event API,https://a.espncdn.com/i/teamlogos/soccer/500/258.png,https://a.espncdn.com/i/teamlogos/soccer/500/260.png,0-0-0,0-0-0
2026-08-22,Scottish Premiership,Motherwell,Aberdeen,,,,ESPN public event API,Waiting for odds,https://site.api.espn.com/apis/site/v2/sports/soccer/sco.1/scoreboard?dates=20260610-20261221&limit=300,,401878401,2026-08-22T14:00Z,ESPN public event API,https://a.espncdn.com/i/teamlogos/soccer/500/266.png,https://a.espncdn.com/i/teamlogos/soccer/500/263.png,0-0-0,0-0-0
2026-08-22,Scottish Premiership,Rangers,St Mirren,,,,ESPN public event API,Waiting for odds,https://site.api.espn.com/apis/site/v2/sports/soccer/sco.1/scoreboard?dates=20260610-20261221&limit=300,,401878400,2026-08-22T14:00Z,ESPN public event API,https://a.espncdn.com/i/teamlogos/soccer/500/257.png,https://a.espncdn.com/i/teamlogos/soccer/500/250.png,0-0-0,0-0-0
2026-08-22,Scottish Premiership,St Johnstone,Celtic,,,,ESPN public event API,Waiting for odds,https://site.api.espn.com/apis/site/v2/sports/soccer/sco.1/scoreboard?dates=20260610-20261221&limit=300,,401878399,2026-08-22T14:00Z,ESPN public event API,https://a.espncdn.com/i/teamlogos/soccer/500/267.png,https://a.espncdn.com/i/teamlogos/soccer/500/256.png,0-0-0,0-0-0
2026-08-23,Allsvenskan,AIK,Mjällby AIF,,,,ESPN public event API,Waiting for odds,https://site.api.espn.com/apis/site/v2/sports/soccer/swe.1/scoreboard?dates=20260513-20261123&limit=300,,401842796,2026-08-23T04:00Z,ESPN public event API,https://a.espncdn.com/i/teamlogos/soccer/500/994.png,https://a.espncdn.com/i/teamlogos/soccer/500/20301.png,3-3-3,4-3-3
2026-08-23,Allsvenskan,Hammarby IF,GAIS,,,,ESPN public event API,Waiting for odds,https://site.api.espn.com/apis/site/v2/sports/soccer/swe.1/scoreboard?dates=20260513-20261123&limit=300,,401842794,2026-08-23T14:30Z,ESPN public event API,https://a.espncdn.com/i/teamlogos/soccer/500/2495.png,https://a.espncdn.com/i/teamlogos/soccer/500/8222.png,5-2-3,3-3-4
2026-08-23,Allsvenskan,IF Brommapojkarna,Degerfors IF,,,,ESPN public event API,Waiting for odds,https://site.api.espn.com/apis/site/v2/sports/soccer/swe.1/scoreboard?dates=20260513-20261123&limit=300,,401842795,2026-08-23T14:30Z,ESPN public event API,https://a.espncdn.com/i/teamlogos/soccer/500/8221.png,https://a.espncdn.com/i/teamlogos/soccer/500/20856.png,4-2-3,2-3-4
2026-08-23,Allsvenskan,IFK Göteborg,IF Elfsborg,,,,ESPN public event API,Waiting for odds,https://site.api.espn.com/apis/site/v2/sports/soccer/swe.1/scoreboard?dates=20260513-20261123&limit=300,,401842797,2026-08-23T12:00Z,ESPN public event API,https://a.espncdn.com/i/teamlogos/soccer/500/2556.png,https://a.espncdn.com/i/teamlogos/soccer/500/529.png,1-4-4,4-5-1
2026-08-23,Allsvenskan,Malmö FF,Djurgården,,,,ESPN public event API,Waiting for odds,https://site.api.espn.com/apis/site/v2/sports/soccer/swe.1/scoreboard?dates=20260513-20261123&limit=300,,401842801,2026-08-23T04:00Z,ESPN public event API,https://a.espncdn.com/i/teamlogos/soccer/500/2720.png,https://a.espncdn.com/i/teamlogos/soccer/500/2339.png,3-1-5,4-1-4
2026-08-23,Allsvenskan,Västerås SK,Kalmar FF,,,,ESPN public event API,Waiting for odds,https://site.api.espn.com/apis/site/v2/sports/soccer/swe.1/scoreboard?dates=20260513-20261123&limit=300,,401842799,2026-08-23T12:00Z,ESPN public event API,https://a.espncdn.com/i/teamlogos/soccer/500/22163.png,https://a.espncdn.com/i/teamlogos/soccer/500/3052.png,3-3-3,3-1-5
2026-08-23,Belgian Pro League,Anderlecht,KV Kortrijk,,,,ESPN public event API,Waiting for odds,https://site.api.espn.com/apis/site/v2/sports/soccer/bel.1/scoreboard?dates=20260610-20261221&limit=300,,401879018,2026-08-23T11:30Z,ESPN public event API,https://a.espncdn.com/i/teamlogos/soccer/500/441.png,https://a.espncdn.com/i/teamlogos/soccer/500/5786.png,0-0-0,0-0-0
2026-08-23,Belgian Pro League,Club Brugge,Cercle Brugge KSV,,,,ESPN public event API,Waiting for odds,https://site.api.espn.com/apis/site/v2/sports/soccer/bel.1/scoreboard?dates=20260610-20261221&limit=300,,401879016,2026-08-23T16:30Z,ESPN public event API,https://a.espncdn.com/i/teamlogos/soccer/500/570.png,https://a.espncdn.com/i/teamlogos/soccer/500/3610.png,0-0-0,0-0-0
2026-08-23,Belgian Pro League,Lommel SK,KVC Westerlo,,,,ESPN public event API,Waiting for odds,https://site.api.espn.com/apis/site/v2/sports/soccer/bel.1/scoreboard?dates=20260610-20261221&limit=300,,401879017,2026-08-23T14:00Z,ESPN public event API,,https://a.espncdn.com/i/teamlogos/soccer/500/606.png,0-0-0,0-0-0
2026-08-23,Danish Superliga,AC Horsens,Lyngby Boldklub,,,,ESPN public event API,Waiting for odds,https://site.api.espn.com/apis/site/v2/sports/soccer/den.1/scoreboard?dates=20260521-20261201&limit=300,,401874486,2026-08-23T14:00Z,ESPN public event API,https://a.espncdn.com/i/teamlogos/soccer/500/3585.png,https://a.espncdn.com/i/teamlogos/soccer/500/7860.png,,
2026-08-23,Danish Superliga,FC Midtjylland,Randers FC,,,,ESPN public event API,Waiting for odds,https://site.api.espn.com/apis/site/v2/sports/soccer/den.1/scoreboard?dates=20260521-20261201&limit=300,,401874507,2026-08-23T12:00Z,ESPN public event API,https://a.espncdn.com/i/teamlogos/soccer/500/572.png,https://a.espncdn.com/i/teamlogos/soccer/500/3132.png,,
2026-08-23,Danish Superliga,Sønderjyske Fodbold,FC Nordsjælland,,,,ESPN public event API,Waiting for odds,https://site.api.espn.com/apis/site/v2/sports/soccer/den.1/scoreboard?dates=20260521-20261201&limit=300,,401874515,2026-08-23T10:00Z,ESPN public event API,https://a.espncdn.com/i/teamlogos/soccer/500/8118.png,https://a.espncdn.com/i/teamlogos/soccer/500/3101.png,,
2026-08-23,Danish Superliga,Viborg FF,F.C. København,,,,ESPN public event API,Waiting for odds,https://site.api.espn.com/apis/site/v2/sports/soccer/den.1/scoreboard?dates=20260521-20261201&limit=300,,401874522,2026-08-23T16:00Z,ESPN public event API,https://a.espncdn.com/i/teamlogos/soccer/500/3153.png,https://a.espncdn.com/i/teamlogos/soccer/500/909.png,,
2026-08-23,EPL,Brighton,Aston Villa,,,,ESPN public event API,Waiting for odds,https://site.api.espn.com/apis/site/v2/sports/soccer/eng.1/scoreboard?dates=20260610-20261221&limit=300,,401879297,2026-08-23T13:00Z,ESPN public event API,https://a.espncdn.com/i/teamlogos/soccer/500/331.png,https://a.espncdn.com/i/teamlogos/soccer/500/362.png,0-0-0,0-0-0
2026-08-23,EPL,Man City,Bournemouth,,,,ESPN public event API,Waiting for odds,https://site.api.espn.com/apis/site/v2/sports/soccer/eng.1/scoreboard?dates=20260610-20261221&limit=300,,401879320,2026-08-23T13:00Z,ESPN public event API,https://a.espncdn.com/i/teamlogos/soccer/500/382.png,https://a.espncdn.com/i/teamlogos/soccer/500/349.png,0-0-0,0-0-0
2026-08-23,EPL,Newcastle United,Liverpool,,,,ESPN public event API,Waiting for odds,https://site.api.espn.com/apis/site/v2/sports/soccer/eng.1/scoreboard?dates=20260610-20261221&limit=300,,401879319,2026-08-23T15:30Z,ESPN public event API,https://a.espncdn.com/i/teamlogos/soccer/500/361.png,https://a.espncdn.com/i/teamlogos/soccer/500/364.png,0-0-0,0-0-0
2026-08-23,Eredivisie,Go Ahead Eagles,ADO Den Haag,,,,ESPN public event API,Waiting for odds,https://site.api.espn.com/apis/site/v2/sports/soccer/ned.1/scoreboard?dates=20260528-20261208&limit=300,,401875633,2026-08-23T10:15Z,ESPN public event API,https://a.espncdn.com/i/teamlogos/soccer/500/3706.png,https://a.espncdn.com/i/teamlogos/soccer/500/2726.png,0-0-0,0-0-0
2026-08-23,Eredivisie,PSV Eindhoven,FC Groningen,,,,ESPN public event API,Waiting for odds,https://site.api.espn.com/apis/site/v2/sports/soccer/ned.1/scoreboard?dates=20260528-20261208&limit=300,,401875632,2026-08-23T12:30Z,ESPN public event API,https://a.espncdn.com/i/teamlogos/soccer/500/148.png,https://a.espncdn.com/i/teamlogos/soccer/500/145.png,0-0-0,0-0-0
2026-08-23,Eredivisie,SC Cambuur,Feyenoord Rotterdam,,,,ESPN public event API,Waiting for odds,https://site.api.espn.com/apis/site/v2/sports/soccer/ned.1/scoreboard?dates=20260528-20261208&limit=300,,401875631,2026-08-23T14:45Z,ESPN public event API,https://a.espncdn.com/i/teamlogos/soccer/500/3736.png,https://a.espncdn.com/i/teamlogos/soccer/500/142.png,0-0-0,0-0-0
2026-08-23,Serie A,AS Roma,Fiorentina,,,,ESPN public event API,Waiting for odds,https://site.api.espn.com/apis/site/v2/sports/soccer/ita.1/scoreboard?dates=20260526-20261206&limit=300,,401874928,2026-08-23T18:00Z,ESPN public event API,https://a.espncdn.com/i/teamlogos/soccer/500/104.png,https://a.espncdn.com/i/teamlogos/soccer/500/109.png,0-0-0,0-0-0
2026-08-23,Serie A,Atalanta,Sassuolo,,,,ESPN public event API,Waiting for odds,https://site.api.espn.com/apis/site/v2/sports/soccer/ita.1/scoreboard?dates=20260526-20261206&limit=300,,401874748,2026-08-23T18:00Z,ESPN public event API,https://a.espncdn.com/i/teamlogos/soccer/500/105.png,https://a.espncdn.com/i/teamlogos/soccer/500/3997.png,0-0-0,0-0-0
2026-08-23,Serie A,Bologna,Lazio,,,,ESPN public event API,Waiting for odds,https://site.api.espn.com/apis/site/v2/sports/soccer/ita.1/scoreboard?dates=20260526-20261206&limit=300,,401874927,2026-08-23T18:00Z,ESPN public event API,https://a.espncdn.com/i/teamlogos/soccer/500/107.png,https://a.espncdn.com/i/teamlogos/soccer/500/112.png,0-0-0,0-0-0
2026-08-23,Serie A,Frosinone,Juventus,,,,ESPN public event API,Waiting for odds,https://site.api.espn.com/apis/site/v2/sports/soccer/ita.1/scoreboard?dates=20260526-20261206&limit=300,,401874930,2026-08-23T18:00Z,ESPN public event API,https://a.espncdn.com/i/teamlogos/soccer/500/4057.png,https://a.espncdn.com/i/teamlogos/soccer/500/111.png,0-0-0,0-0-0
2026-08-23,Serie A,Genoa,Napoli,,,,ESPN public event API,Waiting for odds,https://site.api.espn.com/apis/site/v2/sports/soccer/ita.1/scoreboard?dates=20260526-20261206&limit=300,,401874929,2026-08-23T18:00Z,ESPN public event API,https://a.espncdn.com/i/teamlogos/soccer/500/3263.png,https://a.espncdn.com/i/teamlogos/soccer/500/114.png,0-0-0,0-0-0
2026-08-23,Serie A,Inter Milan,Monza,,,,ESPN public event API,Waiting for odds,https://site.api.espn.com/apis/site/v2/sports/soccer/ita.1/scoreboard?dates=20260526-20261206&limit=300,,401874931,2026-08-23T18:00Z,ESPN public event API,https://a.espncdn.com/i/teamlogos/soccer/500/110.png,https://a.espncdn.com/i/teamlogos/soccer/500/4007.png,0-0-0,0-0-0
2026-08-23,Serie A,Parma,Cagliari,,,,ESPN public event API,Waiting for odds,https://site.api.espn.com/apis/site/v2/sports/soccer/ita.1/scoreboard?dates=20260526-20261206&limit=300,,401874747,2026-08-23T18:00Z,ESPN public event API,https://a.espncdn.com/i/teamlogos/soccer/500/115.png,https://a.espncdn.com/i/teamlogos/soccer/500/2925.png,0-0-0,0-0-0
2026-08-23,Serie A,Torino,AC Milan,,,,ESPN public event API,Waiting for odds,https://site.api.espn.com/apis/site/v2/sports/soccer/ita.1/scoreboard?dates=20260526-20261206&limit=300,,401874932,2026-08-23T18:00Z,ESPN public event API,https://a.espncdn.com/i/teamlogos/soccer/500/239.png,https://a.espncdn.com/i/teamlogos/soccer/500/103.png,0-0-0,0-0-0
2026-08-23,Serie A,Udinese,Como,,,,ESPN public event API,Waiting for odds,https://site.api.espn.com/apis/site/v2/sports/soccer/ita.1/scoreboard?dates=20260526-20261206&limit=300,,401874745,2026-08-23T18:00Z,ESPN public event API,https://a.espncdn.com/i/teamlogos/soccer/500/118.png,https://a.espncdn.com/i/teamlogos/soccer/500/2572.png,0-0-0,0-0-0
2026-08-23,Serie A,Venezia,Lecce,,,,ESPN public event API,Waiting for odds,https://site.api.espn.com/apis/site/v2/sports/soccer/ita.1/scoreboard?dates=20260526-20261206&limit=300,,401874946,2026-08-23T18:00Z,ESPN public event API,https://a.espncdn.com/i/teamlogos/soccer/500/17530.png,https://a.espncdn.com/i/teamlogos/soccer/500/113.png,0-0-0,0-0-0
2026-08-24,Danish Superliga,Brøndby IF,Silkeborg IF,,,,ESPN public event API,Waiting for odds,https://site.api.espn.com/apis/site/v2/sports/soccer/den.1/scoreboard?dates=20260521-20261201&limit=300,,401874505,2026-08-24T17:00Z,ESPN public event API,https://a.espncdn.com/i/teamlogos/soccer/500/575.png,https://a.espncdn.com/i/teamlogos/soccer/500/607.png,,
2026-08-24,DFB-Pokal,Hallescher FC,Schalke 04,,,,ESPN public event API,Waiting for odds,https://site.api.espn.com/apis/site/v2/sports/soccer/ger.dfb_pokal/scoreboard?dates=20260610-20261221&limit=300,,401874890,2026-08-24T18:45Z,ESPN public event API,,https://a.espncdn.com/i/teamlogos/soccer/500/133.png,,
2026-08-24,DFB-Pokal,SC Verl 1924,Hamburg SV,,,,ESPN public event API,Waiting for odds,https://site.api.espn.com/apis/site/v2/sports/soccer/ger.dfb_pokal/scoreboard?dates=20260610-20261221&limit=300,,401874898,2026-08-24T16:00Z,ESPN public event API,,https://a.espncdn.com/i/teamlogos/soccer/500/127.png,,
2026-08-24,DFB-Pokal,VSG Altglienicke,VfL Wolfsburg,,,,ESPN public event API,Waiting for odds,https://site.api.espn.com/apis/site/v2/sports/soccer/ger.dfb_pokal/scoreboard?dates=20260610-20261221&limit=300,,401874897,2026-08-24T16:00Z,ESPN public event API,,https://a.espncdn.com/i/teamlogos/soccer/500/138.png,,
2026-08-24,DFB-Pokal,Würzburger Kickers,FC Koln,,,,ESPN public event API,Waiting for odds,https://site.api.espn.com/apis/site/v2/sports/soccer/ger.dfb_pokal/scoreboard?dates=20260610-20261221&limit=300,,401874896,2026-08-24T16:00Z,ESPN public event API,https://a.espncdn.com/i/teamlogos/soccer/500/17491.png,https://a.espncdn.com/i/teamlogos/soccer/500/122.png,,
2026-08-24,EPL,Fulham,Chelsea,,,,ESPN public event API,Waiting for odds,https://site.api.espn.com/apis/site/v2/sports/soccer/eng.1/scoreboard?dates=20260610-20261221&limit=300,,401879318,2026-08-24T19:00Z,ESPN public event API,https://a.espncdn.com/i/teamlogos/soccer/500/370.png,https://a.espncdn.com/i/teamlogos/soccer/500/363.png,0-0-0,0-0-0
2026-08-28,Belgian Pro League,Racing Genk,Waasland-Beveren,,,,ESPN public event API,Waiting for odds,https://site.api.espn.com/apis/site/v2/sports/soccer/bel.1/scoreboard?dates=20260610-20261221&limit=300,,401879015,2026-08-28T18:45Z,ESPN public event API,https://a.espncdn.com/i/teamlogos/soccer/500/938.png,https://a.espncdn.com/i/teamlogos/soccer/500/13450.png,0-0-0,0-0-0
2026-08-28,Danish Superliga,AC Horsens,Viborg FF,,,,ESPN public event API,Waiting for odds,https://site.api.espn.com/apis/site/v2/sports/soccer/den.1/scoreboard?dates=20260521-20261201&limit=300,,401874526,2026-08-28T17:00Z,ESPN public event API,https://a.espncdn.com/i/teamlogos/soccer/500/3585.png,https://a.espncdn.com/i/teamlogos/soccer/500/3153.png,,
2026-08-28,Eredivisie,FC Groningen,Fortuna Sittard,,,,ESPN public event API,Waiting for odds,https://site.api.espn.com/apis/site/v2/sports/soccer/ned.1/scoreboard?dates=20260528-20261208&limit=300,,401875630,2026-08-28T18:00Z,ESPN public event API,https://a.espncdn.com/i/teamlogos/soccer/500/145.png,https://a.espncdn.com/i/teamlogos/soccer/500/143.png,0-0-0,0-0-0
2026-08-29,Allsvenskan,BK Häcken,Västerås SK,,,,ESPN public event API,Waiting for odds,https://site.api.espn.com/apis/site/v2/sports/soccer/swe.1/scoreboard?dates=20260513-20261123&limit=300,,401842806,2026-08-29T13:00Z,ESPN public event API,https://a.espncdn.com/i/teamlogos/soccer/500/7834.png,https://a.espncdn.com/i/teamlogos/soccer/500/22163.png,4-5-0,3-3-3
2026-08-29,Allsvenskan,Halmstads BK,Kalmar FF,,,,ESPN public event API,Waiting for odds,https://site.api.espn.com/apis/site/v2/sports/soccer/swe.1/scoreboard?dates=20260513-20261123&limit=300,,401842807,2026-08-29T15:30Z,ESPN public event API,https://a.espncdn.com/i/teamlogos/soccer/500/3017.png,https://a.espncdn.com/i/teamlogos/soccer/500/3052.png,1-3-5,3-1-5
2026-08-29,Allsvenskan,IF Elfsborg,Degerfors IF,,,,ESPN public event API,Waiting for odds,https://site.api.espn.com/apis/site/v2/sports/soccer/swe.1/scoreboard?dates=20260513-20261123&limit=300,,401842804,2026-08-29T13:00Z,ESPN public event API,https://a.espncdn.com/i/teamlogos/soccer/500/529.png,https://a.espncdn.com/i/teamlogos/soccer/500/20856.png,4-5-1,2-3-4
2026-08-29,Belgian Pro League,Cercle Brugge KSV,Lommel SK,,,,ESPN public event API,Waiting for odds,https://site.api.espn.com/apis/site/v2/sports/soccer/bel.1/scoreboard?dates=20260610-20261221&limit=300,,401879012,2026-08-29T18:45Z,ESPN public event API,https://a.espncdn.com/i/teamlogos/soccer/500/3610.png,,0-0-0,0-0-0
2026-08-29,Belgian Pro League,KV Kortrijk,Royal Charleroi SC,,,,ESPN public event API,Waiting for odds,https://site.api.espn.com/apis/site/v2/sports/soccer/bel.1/scoreboard?dates=20260610-20261221&limit=300,,401879013,2026-08-29T16:15Z,ESPN public event API,https://a.espncdn.com/i/teamlogos/soccer/500/5786.png,https://a.espncdn.com/i/teamlogos/soccer/500/3616.png,0-0-0,0-0-0
2026-08-29,Belgian Pro League,OH Leuven,Standard Liege,,,,ESPN public event API,Waiting for odds,https://site.api.espn.com/apis/site/v2/sports/soccer/bel.1/scoreboard?dates=20260610-20261221&limit=300,,401879011,2026-08-29T18:45Z,ESPN public event API,https://a.espncdn.com/i/teamlogos/soccer/500/5579.png,https://a.espncdn.com/i/teamlogos/soccer/500/559.png,0-0-0,0-0-0
2026-08-29,Belgian Pro League,RAAL La Louvière,KV Mechelen,,,,ESPN public event API,Waiting for odds,https://site.api.espn.com/apis/site/v2/sports/soccer/bel.1/scoreboard?dates=20260610-20261221&limit=300,,401879014,2026-08-29T14:00Z,ESPN public event API,https://a.espncdn.com/i/teamlogos/soccer/500/131235.png,https://a.espncdn.com/i/teamlogos/soccer/500/7879.png,0-0-0,0-0-0
2026-08-29,Eliteserien,Vålerenga,Molde,,,,ESPN public event API,Waiting for odds,https://site.api.espn.com/apis/site/v2/sports/soccer/nor.1/scoreboard?dates=20260513-20261123&limit=300,,401873904,2026-08-29T14:00Z,ESPN public event API,https://a.espncdn.com/i/teamlogos/soccer/500/2791.png,https://a.espncdn.com/i/teamlogos/soccer/500/2715.png,3-2-5,5-1-4
2026-08-29,Eliteserien,Viking FK,Aalesund,,,,ESPN public event API,Waiting for odds,https://site.api.espn.com/apis/site/v2/sports/soccer/nor.1/scoreboard?dates=20260513-20261123&limit=300,,401873919,2026-08-29T16:00Z,ESPN public event API,https://a.espncdn.com/i/teamlogos/soccer/500/510.png,https://a.espncdn.com/i/teamlogos/soccer/500/3278.png,9-0-1,2-4-4
2026-08-29,EPL,Aston Villa,Arsenal,,,,ESPN public event API,Waiting for odds,https://site.api.espn.com/apis/site/v2/sports/soccer/eng.1/scoreboard?dates=20260610-20261221&limit=300,,401879295,2026-08-29T14:00Z,ESPN public event API,https://a.espncdn.com/i/teamlogos/soccer/500/362.png,https://a.espncdn.com/i/teamlogos/soccer/500/359.png,0-0-0,0-0-0
2026-08-29,EPL,Bournemouth,Everton,,,,ESPN public event API,Waiting for odds,https://site.api.espn.com/apis/site/v2/sports/soccer/eng.1/scoreboard?dates=20260610-20261221&limit=300,,401879296,2026-08-29T14:00Z,ESPN public event API,https://a.espncdn.com/i/teamlogos/soccer/500/349.png,https://a.espncdn.com/i/teamlogos/soccer/500/368.png,0-0-0,0-0-0
2026-08-29,EPL,Chelsea,Brighton,,,,ESPN public event API,Waiting for odds,https://site.api.espn.com/apis/site/v2/sports/soccer/eng.1/scoreboard?dates=20260610-20261221&limit=300,,401879317,2026-08-29T14:00Z,ESPN public event API,https://a.espncdn.com/i/teamlogos/soccer/500/363.png,https://a.espncdn.com/i/teamlogos/soccer/500/331.png,0-0-0,0-0-0
2026-08-29,EPL,Coventry City,Hull City,,,,ESPN public event API,Waiting for odds,https://site.api.espn.com/apis/site/v2/sports/soccer/eng.1/scoreboard?dates=20260610-20261221&limit=300,,401879316,2026-08-29T14:00Z,ESPN public event API,https://a.espncdn.com/i/teamlogos/soccer/500/388.png,https://a.espncdn.com/i/teamlogos/soccer/500/306.png,0-0-0,0-0-0
2026-08-29,EPL,Crystal Palace,Man City,,,,ESPN public event API,Waiting for odds,https://site.api.espn.com/apis/site/v2/sports/soccer/eng.1/scoreboard?dates=20260610-20261221&limit=300,,401879294,2026-08-29T14:00Z,ESPN public event API,https://a.espncdn.com/i/teamlogos/soccer/500/384.png,https://a.espncdn.com/i/teamlogos/soccer/500/382.png,0-0-0,0-0-0
2026-08-29,EPL,Leeds United,Brentford,,,,ESPN public event API,Waiting for odds,https://site.api.espn.com/apis/site/v2/sports/soccer/eng.1/scoreboard?dates=20260610-20261221&limit=300,,401879315,2026-08-29T14:00Z,ESPN public event API,https://a.espncdn.com/i/teamlogos/soccer/500/357.png,https://a.espncdn.com/i/teamlogos/soccer/500/337.png,0-0-0,0-0-0
2026-08-29,EPL,Liverpool,Nott'm Forest,,,,ESPN public event API,Waiting for odds,https://site.api.espn.com/apis/site/v2/sports/soccer/eng.1/scoreboard?dates=20260610-20261221&limit=300,,401879314,2026-08-29T14:00Z,ESPN public event API,https://a.espncdn.com/i/teamlogos/soccer/500/364.png,https://a.espncdn.com/i/teamlogos/soccer/500/393.png,0-0-0,0-0-0
2026-08-29,EPL,Man United,Ipswich Town,,,,ESPN public event API,Waiting for odds,https://site.api.espn.com/apis/site/v2/sports/soccer/eng.1/scoreboard?dates=20260610-20261221&limit=300,,401879293,2026-08-29T14:00Z,ESPN public event API,https://a.espncdn.com/i/teamlogos/soccer/500/360.png,https://a.espncdn.com/i/teamlogos/soccer/500/373.png,0-0-0,0-0-0
2026-08-29,EPL,Sunderland,Fulham,,,,ESPN public event API,Waiting for odds,https://site.api.espn.com/apis/site/v2/sports/soccer/eng.1/scoreboard?dates=20260610-20261221&limit=300,,401879313,2026-08-29T14:00Z,ESPN public event API,https://a.espncdn.com/i/teamlogos/soccer/500/366.png,https://a.espncdn.com/i/teamlogos/soccer/500/370.png,0-0-0,0-0-0
2026-08-29,EPL,Tottenham,Newcastle United,,,,ESPN public event API,Waiting for odds,https://site.api.espn.com/apis/site/v2/sports/soccer/eng.1/scoreboard?dates=20260610-20261221&limit=300,,401879312,2026-08-29T14:00Z,ESPN public event API,https://a.espncdn.com/i/teamlogos/soccer/500/367.png,https://a.espncdn.com/i/teamlogos/soccer/500/361.png,0-0-0,0-0-0
2026-08-29,Eredivisie,AZ Alkmaar,Go Ahead Eagles,,,,ESPN public event API,Waiting for odds,https://site.api.espn.com/apis/site/v2/sports/soccer/ned.1/scoreboard?dates=20260528-20261208&limit=300,,401875628,2026-08-29T16:45Z,ESPN public event API,https://a.espncdn.com/i/teamlogos/soccer/500/140.png,https://a.espncdn.com/i/teamlogos/soccer/500/3706.png,0-0-0,0-0-0
2026-08-29,Eredivisie,Excelsior,Sparta Rotterdam,,,,ESPN public event API,Waiting for odds,https://site.api.espn.com/apis/site/v2/sports/soccer/ned.1/scoreboard?dates=20260528-20261208&limit=300,,401875629,2026-08-29T14:30Z,ESPN public event API,https://a.espncdn.com/i/teamlogos/soccer/500/2566.png,https://a.espncdn.com/i/teamlogos/soccer/500/151.png,0-0-0,0-0-0
2026-08-29,Eredivisie,PEC Zwolle,NEC Nijmegen,,,,ESPN public event API,Waiting for odds,https://site.api.espn.com/apis/site/v2/sports/soccer/ned.1/scoreboard?dates=20260528-20261208&limit=300,,401875627,2026-08-29T19:00Z,ESPN public event API,https://a.espncdn.com/i/teamlogos/soccer/500/2565.png,https://a.espncdn.com/i/teamlogos/soccer/500/147.png,0-0-0,0-0-0
2026-08-29,Ligue 1,AJ Auxerre,Angers,,,,ESPN public event API,Waiting for odds,https://site.api.espn.com/apis/site/v2/sports/soccer/fra.1/scoreboard?dates=20260528-20261208&limit=300,,401876484,2026-08-29T18:00Z,ESPN public event API,https://a.espncdn.com/i/teamlogos/soccer/500/172.png,https://a.espncdn.com/i/teamlogos/soccer/500/7868.png,0-0-0,0-0-0
2026-08-29,Ligue 1,AS Monaco,Marseille,,,,ESPN public event API,Waiting for odds,https://site.api.espn.com/apis/site/v2/sports/soccer/fra.1/scoreboard?dates=20260528-20261208&limit=300,,401876480,2026-08-29T18:00Z,ESPN public event API,https://a.espncdn.com/i/teamlogos/soccer/500/174.png,https://a.espncdn.com/i/teamlogos/soccer/500/176.png,0-0-0,0-0-0
2026-08-29,Ligue 1,Brest,Toulouse,,,,ESPN public event API,Waiting for odds,https://site.api.espn.com/apis/site/v2/sports/soccer/fra.1/scoreboard?dates=20260528-20261208&limit=300,,401876483,2026-08-29T18:00Z,ESPN public event API,https://a.espncdn.com/i/teamlogos/soccer/500/6997.png,https://a.espncdn.com/i/teamlogos/soccer/500/179.png,0-0-0,0-0-0
2026-08-29,Ligue 1,Lorient,Troyes,,,,ESPN public event API,Waiting for odds,https://site.api.espn.com/apis/site/v2/sports/soccer/fra.1/scoreboard?dates=20260528-20261208&limit=300,,401876482,2026-08-29T18:00Z,ESPN public event API,https://a.espncdn.com/i/teamlogos/soccer/500/273.png,https://a.espncdn.com/i/teamlogos/soccer/500/170.png,0-0-0,0-0-0
2026-08-29,Ligue 1,Lyon,Le Havre AC,,,,ESPN public event API,Waiting for odds,https://site.api.espn.com/apis/site/v2/sports/soccer/fra.1/scoreboard?dates=20260528-20261208&limit=300,,401876481,2026-08-29T18:00Z,ESPN public event API,https://a.espncdn.com/i/teamlogos/soccer/500/167.png,https://a.espncdn.com/i/teamlogos/soccer/500/3236.png,0-0-0,0-0-0
2026-08-29,Ligue 1,Paris FC,Nice,,,,ESPN public event API,Waiting for odds,https://site.api.espn.com/apis/site/v2/sports/soccer/fra.1/scoreboard?dates=20260528-20261208&limit=300,,401876479,2026-08-29T18:00Z,ESPN public event API,https://a.espncdn.com/i/teamlogos/soccer/500/6851.png,https://a.espncdn.com/i/teamlogos/soccer/500/2502.png,0-0-0,0-0-0
2026-08-29,Ligue 1,Stade Rennais,Le Mans,,,,ESPN public event API,Waiting for odds,https://site.api.espn.com/apis/site/v2/sports/soccer/fra.1/scoreboard?dates=20260528-20261208&limit=300,,401876478,2026-08-29T18:00Z,ESPN public event API,https://a.espncdn.com/i/teamlogos/soccer/500/169.png,https://a.espncdn.com/i/teamlogos/soccer/500/2697.png,0-0-0,0-0-0
2026-08-29,Ligue 1,Strasbourg,Lens,,,,ESPN public event API,Waiting for odds,https://site.api.espn.com/apis/site/v2/sports/soccer/fra.1/scoreboard?dates=20260528-20261208&limit=300,,401876477,2026-08-29T18:00Z,ESPN public event API,https://a.espncdn.com/i/teamlogos/soccer/500/180.png,https://a.espncdn.com/i/teamlogos/soccer/500/175.png,0-0-0,0-0-0
2026-08-29,Scottish Premiership,Aberdeen,Rangers,,,,ESPN public event API,Waiting for odds,https://site.api.espn.com/apis/site/v2/sports/soccer/sco.1/scoreboard?dates=20260610-20261221&limit=300,,401878398,2026-08-29T14:00Z,ESPN public event API,https://a.espncdn.com/i/teamlogos/soccer/500/263.png,https://a.espncdn.com/i/teamlogos/soccer/500/257.png,0-0-0,0-0-0
2026-08-29,Scottish Premiership,Celtic,Falkirk,,,,ESPN public event API,Waiting for odds,https://site.api.espn.com/apis/site/v2/sports/soccer/sco.1/scoreboard?dates=20260610-20261221&limit=300,,401878397,2026-08-29T14:00Z,ESPN public event API,https://a.espncdn.com/i/teamlogos/soccer/500/256.png,https://a.espncdn.com/i/teamlogos/soccer/500/254.png,0-0-0,0-0-0
2026-08-29,Scottish Premiership,Dundee,Hibernian,,,,ESPN public event API,Waiting for odds,https://site.api.espn.com/apis/site/v2/sports/soccer/sco.1/scoreboard?dates=20260610-20261221&limit=300,,401878396,2026-08-29T14:00Z,ESPN public event API,https://a.espncdn.com/i/teamlogos/soccer/500/261.png,https://a.espncdn.com/i/teamlogos/soccer/500/258.png,0-0-0,0-0-0
2026-08-29,Scottish Premiership,Heart of Midlothian,St Johnstone,,,,ESPN public event API,Waiting for odds,https://site.api.espn.com/apis/site/v2/sports/soccer/sco.1/scoreboard?dates=20260610-20261221&limit=300,,401878395,2026-08-29T14:00Z,ESPN public event API,https://a.espncdn.com/i/teamlogos/soccer/500/262.png,https://a.espncdn.com/i/teamlogos/soccer/500/267.png,0-0-0,0-0-0
2026-08-29,Scottish Premiership,Kilmarnock,Dundee United,,,,ESPN public event API,Waiting for odds,https://site.api.espn.com/apis/site/v2/sports/soccer/sco.1/scoreboard?dates=20260610-20261221&limit=300,,401878394,2026-08-29T14:00Z,ESPN public event API,https://a.espncdn.com/i/teamlogos/soccer/500/260.png,https://a.espncdn.com/i/teamlogos/soccer/500/264.png,0-0-0,0-0-0
2026-08-29,Scottish Premiership,St Mirren,Motherwell,,,,ESPN public event API,Waiting for odds,https://site.api.espn.com/apis/site/v2/sports/soccer/sco.1/scoreboard?dates=20260610-20261221&limit=300,,401878393,2026-08-29T14:00Z,ESPN public event API,https://a.espncdn.com/i/teamlogos/soccer/500/250.png,https://a.espncdn.com/i/teamlogos/soccer/500/266.png,0-0-0,0-0-0
2026-08-30,Allsvenskan,AIK,Hammarby IF,,,,ESPN public event API,Waiting for odds,https://site.api.espn.com/apis/site/v2/sports/soccer/swe.1/scoreboard?dates=20260513-20261123&limit=300,,401842802,2026-08-30T12:00Z,ESPN public event API,https://a.espncdn.com/i/teamlogos/soccer/500/994.png,https://a.espncdn.com/i/teamlogos/soccer/500/2495.png,3-3-3,5-2-3
2026-08-30,Allsvenskan,Djurgården,Mjällby AIF,,,,ESPN public event API,Waiting for odds,https://site.api.espn.com/apis/site/v2/sports/soccer/swe.1/scoreboard?dates=20260513-20261123&limit=300,,401842803,2026-08-30T04:00Z,ESPN public event API,https://a.espncdn.com/i/teamlogos/soccer/500/2339.png,https://a.espncdn.com/i/teamlogos/soccer/500/20301.png,4-1-4,4-3-3
2026-08-30,Allsvenskan,GAIS,IF Brommapojkarna,,,,ESPN public event API,Waiting for odds,https://site.api.espn.com/apis/site/v2/sports/soccer/swe.1/scoreboard?dates=20260513-20261123&limit=300,,401842808,2026-08-30T04:00Z,ESPN public event API,https://a.espncdn.com/i/teamlogos/soccer/500/8222.png,https://a.espncdn.com/i/teamlogos/soccer/500/8221.png,3-3-4,4-2-3
2026-08-30,Allsvenskan,IFK Göteborg,Örgryte IS,,,,ESPN public event API,Waiting for odds,https://site.api.espn.com/apis/site/v2/sports/soccer/swe.1/scoreboard?dates=20260513-20261123&limit=300,,401842805,2026-08-30T14:30Z,ESPN public event API,https://a.espncdn.com/i/teamlogos/soccer/500/2556.png,https://a.espncdn.com/i/teamlogos/soccer/500/131552.png,1-4-4,1-2-6
2026-08-30,Allsvenskan,IK Sirius,Malmö FF,,,,ESPN public event API,Waiting for odds,https://site.api.espn.com/apis/site/v2/sports/soccer/swe.1/scoreboard?dates=20260513-20261123&limit=300,,401842809,2026-08-30T04:00Z,ESPN public event API,https://a.espncdn.com/i/teamlogos/soccer/500/8547.png,https://a.espncdn.com/i/teamlogos/soccer/500/2720.png,8-1-0,3-1-5
2026-08-30,Belgian Pro League,Antwerp,Sint-Truidense,,,,ESPN public event API,Waiting for odds,https://site.api.espn.com/apis/site/v2/sports/soccer/bel.1/scoreboard?dates=20260610-20261221&limit=300,,401879009,2026-08-30T14:00Z,ESPN public event API,https://a.espncdn.com/i/teamlogos/soccer/500/17544.png,https://a.espncdn.com/i/teamlogos/soccer/500/936.png,0-0-0,0-0-0
2026-08-30,Belgian Pro League,KAA Gent,Club Brugge,,,,ESPN public event API,Waiting for odds,https://site.api.espn.com/apis/site/v2/sports/soccer/bel.1/scoreboard?dates=20260610-20261221&limit=300,,401879010,2026-08-30T11:30Z,ESPN public event API,https://a.espncdn.com/i/teamlogos/soccer/500/3611.png,https://a.espncdn.com/i/teamlogos/soccer/500/570.png,0-0-0,0-0-0
2026-08-30,Belgian Pro League,KVC Westerlo,Zulte-Waregem,,,,ESPN public event API,Waiting for odds,https://site.api.espn.com/apis/site/v2/sports/soccer/bel.1/scoreboard?dates=20260610-20261221&limit=300,,401879007,2026-08-30T17:15Z,ESPN public event API,https://a.espncdn.com/i/teamlogos/soccer/500/606.png,https://a.espncdn.com/i/teamlogos/soccer/500/4691.png,0-0-0,0-0-0
2026-08-30,Belgian Pro League,Union St.-Gilloise,Anderlecht,,,,ESPN public event API,Waiting for odds,https://site.api.espn.com/apis/site/v2/sports/soccer/bel.1/scoreboard?dates=20260610-20261221&limit=300,,401879008,2026-08-30T16:30Z,ESPN public event API,https://a.espncdn.com/i/teamlogos/soccer/500/5807.png,https://a.espncdn.com/i/teamlogos/soccer/500/441.png,0-0-0,0-0-0
2026-08-30,Danish Superliga,FC Nordsjælland,Brøndby IF,,,,ESPN public event API,Waiting for odds,https://site.api.espn.com/apis/site/v2/sports/soccer/den.1/scoreboard?dates=20260521-20261201&limit=300,,401874496,2026-08-30T16:00Z,ESPN public event API,https://a.espncdn.com/i/teamlogos/soccer/500/3101.png,https://a.espncdn.com/i/teamlogos/soccer/500/575.png,,
2026-08-30,Danish Superliga,Lyngby Boldklub,Odense Boldklub,,,,ESPN public event API,Waiting for odds,https://site.api.espn.com/apis/site/v2/sports/soccer/den.1/scoreboard?dates=20260521-20261201&limit=300,,401874484,2026-08-30T12:00Z,ESPN public event API,https://a.espncdn.com/i/teamlogos/soccer/500/7860.png,https://a.espncdn.com/i/teamlogos/soccer/500/11550.png,,
2026-08-30,Danish Superliga,Randers FC,AGF,,,,ESPN public event API,Waiting for odds,https://site.api.espn.com/apis/site/v2/sports/soccer/den.1/scoreboard?dates=20260521-20261201&limit=300,,401874533,2026-08-30T14:00Z,ESPN public event API,https://a.espncdn.com/i/teamlogos/soccer/500/3132.png,https://a.espncdn.com/i/teamlogos/soccer/500/7853.png,,
2026-08-30,Danish Superliga,Silkeborg IF,FC Midtjylland,,,,ESPN public event API,Waiting for odds,https://site.api.espn.com/apis/site/v2/sports/soccer/den.1/scoreboard?dates=20260521-20261201&limit=300,,401874489,2026-08-30T12:00Z,ESPN public event API,https://a.espncdn.com/i/teamlogos/soccer/500/607.png,https://a.espncdn.com/i/teamlogos/soccer/500/572.png,,
2026-08-30,Eliteserien,Bodo/Glimt,Rosenborg,,,,ESPN public event API,Waiting for odds,https://site.api.espn.com/apis/site/v2/sports/soccer/nor.1/scoreboard?dates=20260513-20261123&limit=300,,401843426,2026-08-30T12:30Z,ESPN public event API,https://a.espncdn.com/i/teamlogos/soccer/500/2980.png,https://a.espncdn.com/i/teamlogos/soccer/500/438.png,7-1-2,2-2-6
2026-08-30,Eliteserien,Hamarkameratene,Kristiansund BK,,,,ESPN public event API,Waiting for odds,https://site.api.espn.com/apis/site/v2/sports/soccer/nor.1/scoreboard?dates=20260513-20261123&limit=300,,401843424,2026-08-30T15:00Z,ESPN public event API,https://a.espncdn.com/i/teamlogos/soccer/500/21380.png,https://a.espncdn.com/i/teamlogos/soccer/500/6672.png,5-1-3,3-2-5
2026-08-30,Eliteserien,IK Start,KFUM Oslo,,,,ESPN public event API,Waiting for odds,https://site.api.espn.com/apis/site/v2/sports/soccer/nor.1/scoreboard?dates=20260513-20261123&limit=300,,401843421,2026-08-30T15:00Z,ESPN public event API,,https://a.espncdn.com/i/teamlogos/soccer/500/22165.png,1-4-6,3-2-5
2026-08-30,Eliteserien,Lillestrom,Fredrikstad,,,,ESPN public event API,Waiting for odds,https://site.api.espn.com/apis/site/v2/sports/soccer/nor.1/scoreboard?dates=20260513-20261123&limit=300,,401843423,2026-08-30T17:15Z,ESPN public event API,https://a.espncdn.com/i/teamlogos/soccer/500/987.png,https://a.espncdn.com/i/teamlogos/soccer/500/3039.png,6-1-4,3-2-5
2026-08-30,Eliteserien,Sandefjord,SK Brann,,,,ESPN public event API,Waiting for odds,https://site.api.espn.com/apis/site/v2/sports/soccer/nor.1/scoreboard?dates=20260513-20261123&limit=300,,401843422,2026-08-30T15:00Z,ESPN public event API,https://a.espncdn.com/i/teamlogos/soccer/500/3279.png,https://a.espncdn.com/i/teamlogos/soccer/500/620.png,4-2-4,4-1-6
2026-08-30,Eliteserien,Tromso,Sarpsborg FK,,,,ESPN public event API,Waiting for odds,https://site.api.espn.com/apis/site/v2/sports/soccer/nor.1/scoreboard?dates=20260513-20261123&limit=300,,401843420,2026-08-30T15:00Z,ESPN public event API,https://a.espncdn.com/i/teamlogos/soccer/500/5270.png,https://a.espncdn.com/i/teamlogos/soccer/500/5002.png,7-3-2,3-2-5
2026-08-30,Eredivisie,FC Utrecht,PSV Eindhoven,,,,ESPN public event API,Waiting for odds,https://site.api.espn.com/apis/site/v2/sports/soccer/ned.1/scoreboard?dates=20260528-20261208&limit=300,,401875626,2026-08-30T10:15Z,ESPN public event API,https://a.espncdn.com/i/teamlogos/soccer/500/153.png,https://a.espncdn.com/i/teamlogos/soccer/500/148.png,0-0-0,0-0-0
2026-08-30,Eredivisie,Feyenoord Rotterdam,ADO Den Haag,,,,ESPN public event API,Waiting for odds,https://site.api.espn.com/apis/site/v2/sports/soccer/ned.1/scoreboard?dates=20260528-20261208&limit=300,,401875624,2026-08-30T12:30Z,ESPN public event API,https://a.espncdn.com/i/teamlogos/soccer/500/142.png,https://a.espncdn.com/i/teamlogos/soccer/500/2726.png,0-0-0,0-0-0
2026-08-30,Eredivisie,SC Cambuur,FC Twente,,,,ESPN public event API,Waiting for odds,https://site.api.espn.com/apis/site/v2/sports/soccer/ned.1/scoreboard?dates=20260528-20261208&limit=300,,401875622,2026-08-30T18:00Z,ESPN public event API,https://a.espncdn.com/i/teamlogos/soccer/500/3736.png,https://a.espncdn.com/i/teamlogos/soccer/500/152.png,0-0-0,0-0-0
2026-08-30,Eredivisie,Telstar,Ajax Amsterdam,,,,ESPN public event API,Waiting for odds,https://site.api.espn.com/apis/site/v2/sports/soccer/ned.1/scoreboard?dates=20260528-20261208&limit=300,,401875623,2026-08-30T14:45Z,ESPN public event API,https://a.espncdn.com/i/teamlogos/soccer/500/3735.png,https://a.espncdn.com/i/teamlogos/soccer/500/139.png,0-0-0,0-0-0
2026-08-30,Eredivisie,Willem II,Heerenveen,,,,ESPN public event API,Waiting for odds,https://site.api.espn.com/apis/site/v2/sports/soccer/ned.1/scoreboard?dates=20260528-20261208&limit=300,,401875625,2026-08-30T12:30Z,ESPN public event API,https://a.espncdn.com/i/teamlogos/soccer/500/156.png,https://a.espncdn.com/i/teamlogos/soccer/500/146.png,0-0-0,0-0-0
2026-08-30,Ligue 1,Lille,Paris SG,,,,ESPN public event API,Waiting for odds,https://site.api.espn.com/apis/site/v2/sports/soccer/fra.1/scoreboard?dates=20260528-20261208&limit=300,,401876476,2026-08-30T18:45Z,ESPN public event API,https://a.espncdn.com/i/teamlogos/soccer/500/166.png,https://a.espncdn.com/i/teamlogos/soccer/500/160.png,0-0-0,0-0-0
2026-08-30,Serie A,AC Milan,Venezia,,,,ESPN public event API,Waiting for odds,https://site.api.espn.com/apis/site/v2/sports/soccer/ita.1/scoreboard?dates=20260526-20261206&limit=300,,401874758,2026-08-30T18:00Z,ESPN public event API,https://a.espncdn.com/i/teamlogos/soccer/500/103.png,https://a.espncdn.com/i/teamlogos/soccer/500/17530.png,0-0-0,0-0-0
2026-08-30,Serie A,Atalanta,Bologna,,,,ESPN public event API,Waiting for odds,https://site.api.espn.com/apis/site/v2/sports/soccer/ita.1/scoreboard?dates=20260526-20261206&limit=300,,401874970,2026-08-30T18:00Z,ESPN public event API,https://a.espncdn.com/i/teamlogos/soccer/500/105.png,https://a.espncdn.com/i/teamlogos/soccer/500/107.png,0-0-0,0-0-0
2026-08-30,Serie A,Cagliari,Inter Milan,,,,ESPN public event API,Waiting for odds,https://site.api.espn.com/apis/site/v2/sports/soccer/ita.1/scoreboard?dates=20260526-20261206&limit=300,,401874938,2026-08-30T18:00Z,ESPN public event API,https://a.espncdn.com/i/teamlogos/soccer/500/2925.png,https://a.espncdn.com/i/teamlogos/soccer/500/110.png,0-0-0,0-0-0
2026-08-30,Serie A,Fiorentina,Frosinone,,,,ESPN public event API,Waiting for odds,https://site.api.espn.com/apis/site/v2/sports/soccer/ita.1/scoreboard?dates=20260526-20261206&limit=300,,401874942,2026-08-30T18:00Z,ESPN public event API,https://a.espncdn.com/i/teamlogos/soccer/500/109.png,https://a.espncdn.com/i/teamlogos/soccer/500/4057.png,0-0-0,0-0-0
2026-08-30,Serie A,Juventus,Parma,,,,ESPN public event API,Waiting for odds,https://site.api.espn.com/apis/site/v2/sports/soccer/ita.1/scoreboard?dates=20260526-20261206&limit=300,,401874746,2026-08-30T18:00Z,ESPN public event API,https://a.espncdn.com/i/teamlogos/soccer/500/111.png,https://a.espncdn.com/i/teamlogos/soccer/500/115.png,0-0-0,0-0-0
2026-08-30,Serie A,Lazio,Genoa,,,,ESPN public event API,Waiting for odds,https://site.api.espn.com/apis/site/v2/sports/soccer/ita.1/scoreboard?dates=20260526-20261206&limit=300,,401874742,2026-08-30T18:00Z,ESPN public event API,https://a.espncdn.com/i/teamlogos/soccer/500/112.png,https://a.espncdn.com/i/teamlogos/soccer/500/3263.png,0-0-0,0-0-0
2026-08-30,Serie A,Lecce,AS Roma,,,,ESPN public event API,Waiting for odds,https://site.api.espn.com/apis/site/v2/sports/soccer/ita.1/scoreboard?dates=20260526-20261206&limit=300,,401874945,2026-08-30T18:00Z,ESPN public event API,https://a.espncdn.com/i/teamlogos/soccer/500/113.png,https://a.espncdn.com/i/teamlogos/soccer/500/104.png,0-0-0,0-0-0
2026-08-30,Serie A,Monza,Udinese,,,,ESPN public event API,Waiting for odds,https://site.api.espn.com/apis/site/v2/sports/soccer/ita.1/scoreboard?dates=20260526-20261206&limit=300,,401874749,2026-08-30T18:00Z,ESPN public event API,https://a.espncdn.com/i/teamlogos/soccer/500/4007.png,https://a.espncdn.com/i/teamlogos/soccer/500/118.png,0-0-0,0-0-0
2026-08-30,Serie A,Napoli,Como,,,,ESPN public event API,Waiting for odds,https://site.api.espn.com/apis/site/v2/sports/soccer/ita.1/scoreboard?dates=20260526-20261206&limit=300,,401874755,2026-08-30T18:00Z,ESPN public event API,https://a.espncdn.com/i/teamlogos/soccer/500/114.png,https://a.espncdn.com/i/teamlogos/soccer/500/2572.png,0-0-0,0-0-0
2026-08-30,Serie A,Sassuolo,Torino,,,,ESPN public event API,Waiting for odds,https://site.api.espn.com/apis/site/v2/sports/soccer/ita.1/scoreboard?dates=20260526-20261206&limit=300,,401874743,2026-08-30T18:00Z,ESPN public event API,https://a.espncdn.com/i/teamlogos/soccer/500/3997.png,https://a.espncdn.com/i/teamlogos/soccer/500/239.png,0-0-0,0-0-0
2026-08-31,Danish Superliga,F.C. København,Sønderjyske Fodbold,,,,ESPN public event API,Waiting for odds,https://site.api.espn.com/apis/site/v2/sports/soccer/den.1/scoreboard?dates=20260521-20261201&limit=300,,401874513,2026-08-31T17:00Z,ESPN public event API,https://a.espncdn.com/i/teamlogos/soccer/500/909.png,https://a.espncdn.com/i/teamlogos/soccer/500/8118.png,,
2026-09-01,DFB-Pokal,HEBC HAMBURG,Borussia Dortmund,,,,ESPN public event API,Waiting for odds,https://site.api.espn.com/apis/site/v2/sports/soccer/ger.dfb_pokal/scoreboard?dates=20260526-20261206&limit=300,,401875201,2026-09-01T18:00Z,ESPN public event API,,https://a.espncdn.com/i/teamlogos/soccer/500/124.png,,
2026-09-01,DFB-Pokal,VfL Osnabruck,Bayern Munich,,,,ESPN public event API,Waiting for odds,https://site.api.espn.com/apis/site/v2/sports/soccer/ger.dfb_pokal/scoreboard?dates=20260526-20261206&limit=300,,401875174,2026-09-01T18:00Z,ESPN public event API,https://a.espncdn.com/i/teamlogos/soccer/500/7013.png,https://a.espncdn.com/i/teamlogos/soccer/500/132.png,,
2026-09-02,Belgian Pro League,Sint-Truidense,Union St.-Gilloise,,,,ESPN public event API,Waiting for odds,https://site.api.espn.com/apis/site/v2/sports/soccer/bel.1/scoreboard?dates=20260610-20261221&limit=300,,401879006,2026-09-02T18:30Z,ESPN public event API,https://a.espncdn.com/i/teamlogos/soccer/500/936.png,https://a.espncdn.com/i/teamlogos/soccer/500/5807.png,0-0-0,0-0-0
2026-09-02,Danish Superliga,AGF,FC Midtjylland,,,,ESPN public event API,Waiting for odds,https://site.api.espn.com/apis/site/v2/sports/soccer/den.1/scoreboard?dates=20260521-20261201&limit=300,,401874501,2026-09-02T18:00Z,ESPN public event API,https://a.espncdn.com/i/teamlogos/soccer/500/7853.png,https://a.espncdn.com/i/teamlogos/soccer/500/572.png,,
2026-09-02,Eliteserien,Bodo/Glimt,Hamarkameratene,,,,ESPN public event API,Waiting for odds,https://site.api.espn.com/apis/site/v2/sports/soccer/nor.1/scoreboard?dates=20260513-20261123&limit=300,,401843290,2026-09-02T16:00Z,ESPN public event API,https://a.espncdn.com/i/teamlogos/soccer/500/2980.png,https://a.espncdn.com/i/teamlogos/soccer/500/21380.png,7-1-2,5-1-3
2026-09-02,Scottish Premiership,Celtic,Aberdeen,,,,ESPN public event API,Waiting for odds,https://site.api.espn.com/apis/site/v2/sports/soccer/sco.1/scoreboard?dates=20260610-20261221&limit=300,,401878392,2026-09-02T18:45Z,ESPN public event API,https://a.espncdn.com/i/teamlogos/soccer/500/256.png,https://a.espncdn.com/i/teamlogos/soccer/500/263.png,0-0-0,0-0-0
2026-09-02,Scottish Premiership,Dundee,St Johnstone,,,,ESPN public event API,Waiting for odds,https://site.api.espn.com/apis/site/v2/sports/soccer/sco.1/scoreboard?dates=20260610-20261221&limit=300,,401878391,2026-09-02T18:45Z,ESPN public event API,https://a.espncdn.com/i/teamlogos/soccer/500/261.png,https://a.espncdn.com/i/teamlogos/soccer/500/267.png,0-0-0,0-0-0
2026-09-02,Scottish Premiership,Falkirk,Rangers,,,,ESPN public event API,Waiting for odds,https://site.api.espn.com/apis/site/v2/sports/soccer/sco.1/scoreboard?dates=20260610-20261221&limit=300,,401878390,2026-09-02T18:45Z,ESPN public event API,https://a.espncdn.com/i/teamlogos/soccer/500/254.png,https://a.espncdn.com/i/teamlogos/soccer/500/257.png,0-0-0,0-0-0
2026-09-02,Scottish Premiership,Hibernian,Heart of Midlothian,,,,ESPN public event API,Waiting for odds,https://site.api.espn.com/apis/site/v2/sports/soccer/sco.1/scoreboard?dates=20260610-20261221&limit=300,,401878389,2026-09-02T18:45Z,ESPN public event API,https://a.espncdn.com/i/teamlogos/soccer/500/258.png,https://a.espncdn.com/i/teamlogos/soccer/500/262.png,0-0-0,0-0-0
2026-09-02,Scottish Premiership,Kilmarnock,St Mirren,,,,ESPN public event API,Waiting for odds,https://site.api.espn.com/apis/site/v2/sports/soccer/sco.1/scoreboard?dates=20260610-20261221&limit=300,,401878388,2026-09-02T18:45Z,ESPN public event API,https://a.espncdn.com/i/teamlogos/soccer/500/260.png,https://a.espncdn.com/i/teamlogos/soccer/500/250.png,0-0-0,0-0-0
2026-09-02,Scottish Premiership,Motherwell,Dundee United,,,,ESPN public event API,Waiting for odds,https://site.api.espn.com/apis/site/v2/sports/soccer/sco.1/scoreboard?dates=20260610-20261221&limit=300,,401878387,2026-09-02T18:45Z,ESPN public event API,https://a.espncdn.com/i/teamlogos/soccer/500/266.png,https://a.espncdn.com/i/teamlogos/soccer/500/264.png,0-0-0,0-0-0
2026-09-03,Allsvenskan,Mjällby AIF,Djurgården,,,,ESPN public event API,Waiting for odds,https://site.api.espn.com/apis/site/v2/sports/soccer/swe.1/scoreboard?dates=20260513-20261123&limit=300,,401874077,2026-09-03T17:00Z,ESPN public event API,https://a.espncdn.com/i/teamlogos/soccer/500/20301.png,https://a.espncdn.com/i/teamlogos/soccer/500/2339.png,4-3-3,4-1-4
2026-09-03,Danish Superliga,F.C. København,FC Nordsjælland,,,,ESPN public event API,Waiting for odds,https://site.api.espn.com/apis/site/v2/sports/soccer/den.1/scoreboard?dates=20260521-20261201&limit=300,,401874523,2026-09-03T18:00Z,ESPN public event API,https://a.espncdn.com/i/teamlogos/soccer/500/909.png,https://a.espncdn.com/i/teamlogos/soccer/500/3101.png,,
2026-09-04,Belgian Pro League,Lommel SK,Club Brugge,,,,ESPN public event API,Waiting for odds,https://site.api.espn.com/apis/site/v2/sports/soccer/bel.1/scoreboard?dates=20260610-20261221&limit=300,,401879005,2026-09-04T18:45Z,ESPN public event API,,https://a.espncdn.com/i/teamlogos/soccer/500/570.png,0-0-0,0-0-0
2026-09-04,Danish Superliga,Viborg FF,Lyngby Boldklub,,,,ESPN public event API,Waiting for odds,https://site.api.espn.com/apis/site/v2/sports/soccer/den.1/scoreboard?dates=20260521-20261201&limit=300,,401874504,2026-09-04T17:00Z,ESPN public event API,https://a.espncdn.com/i/teamlogos/soccer/500/3153.png,https://a.espncdn.com/i/teamlogos/soccer/500/7860.png,,
2026-09-04,Eliteserien,Fredrikstad,Bodo/Glimt,,,,ESPN public event API,Waiting for odds,https://site.api.espn.com/apis/site/v2/sports/soccer/nor.1/scoreboard?dates=20260513-20261123&limit=300,,401873921,2026-09-04T17:00Z,ESPN public event API,https://a.espncdn.com/i/teamlogos/soccer/500/3039.png,https://a.espncdn.com/i/teamlogos/soccer/500/2980.png,3-2-5,7-1-2
2026-09-04,Eliteserien,Sandefjord,Viking FK,,,,ESPN public event API,Waiting for odds,https://site.api.espn.com/apis/site/v2/sports/soccer/nor.1/scoreboard?dates=20260513-20261123&limit=300,,401873920,2026-09-04T19:00Z,ESPN public event API,https://a.espncdn.com/i/teamlogos/soccer/500/3279.png,https://a.espncdn.com/i/teamlogos/soccer/500/510.png,4-2-4,9-0-1
2026-09-04,Eredivisie,Sparta Rotterdam,PEC Zwolle,,,,ESPN public event API,Waiting for odds,https://site.api.espn.com/apis/site/v2/sports/soccer/ned.1/scoreboard?dates=20260528-20261208&limit=300,,401875621,2026-09-04T18:00Z,ESPN public event API,https://a.espncdn.com/i/teamlogos/soccer/500/151.png,https://a.espncdn.com/i/teamlogos/soccer/500/2565.png,0-0-0,0-0-0
2026-09-05,Allsvenskan,Degerfors IF,Halmstads BK,,,,ESPN public event API,Waiting for odds,https://site.api.espn.com/apis/site/v2/sports/soccer/swe.1/scoreboard?dates=20260513-20261123&limit=300,,401842811,2026-09-05T13:00Z,ESPN public event API,https://a.espncdn.com/i/teamlogos/soccer/500/20856.png,https://a.espncdn.com/i/teamlogos/soccer/500/3017.png,2-3-4,1-3-5
2026-09-05,Allsvenskan,GAIS,BK Häcken,,,,ESPN public event API,Waiting for odds,https://site.api.espn.com/apis/site/v2/sports/soccer/swe.1/scoreboard?dates=20260513-20261123&limit=300,,401842810,2026-09-05T13:00Z,ESPN public event API,https://a.espncdn.com/i/teamlogos/soccer/500/8222.png,https://a.espncdn.com/i/teamlogos/soccer/500/7834.png,3-3-4,4-5-0
2026-09-05,Allsvenskan,Västerås SK,IK Sirius,,,,ESPN public event API,Waiting for odds,https://site.api.espn.com/apis/site/v2/sports/soccer/swe.1/scoreboard?dates=20260513-20261123&limit=300,,401842816,2026-09-05T15:30Z,ESPN public event API,https://a.espncdn.com/i/teamlogos/soccer/500/22163.png,https://a.espncdn.com/i/teamlogos/soccer/500/8547.png,3-3-3,8-1-0
2026-09-05,Belgian Pro League,KV Mechelen,KVC Westerlo,,,,ESPN public event API,Waiting for odds,https://site.api.espn.com/apis/site/v2/sports/soccer/bel.1/scoreboard?dates=20260610-20261221&limit=300,,401879003,2026-09-05T16:15Z,ESPN public event API,https://a.espncdn.com/i/teamlogos/soccer/500/7879.png,https://a.espncdn.com/i/teamlogos/soccer/500/606.png,0-0-0,0-0-0
2026-09-05,Belgian Pro League,Royal Charleroi SC,Union St.-Gilloise,,,,ESPN public event API,Waiting for odds,https://site.api.espn.com/apis/site/v2/sports/soccer/bel.1/scoreboard?dates=20260610-20261221&limit=300,,401879004,2026-09-05T14:00Z,ESPN public event API,https://a.espncdn.com/i/teamlogos/soccer/500/3616.png,https://a.espncdn.com/i/teamlogos/soccer/500/5807.png,0-0-0,0-0-0
2026-09-05,Belgian Pro League,Sint-Truidense,RAAL La Louvière,,,,ESPN public event API,Waiting for odds,https://site.api.espn.com/apis/site/v2/sports/soccer/bel.1/scoreboard?dates=20260610-20261221&limit=300,,401879001,2026-09-05T18:45Z,ESPN public event API,https://a.espncdn.com/i/teamlogos/soccer/500/936.png,https://a.espncdn.com/i/teamlogos/soccer/500/131235.png,0-0-0,0-0-0
2026-09-05,Belgian Pro League,Standard Liege,Antwerp,,,,ESPN public event API,Waiting for odds,https://site.api.espn.com/apis/site/v2/sports/soccer/bel.1/scoreboard?dates=20260610-20261221&limit=300,,401879002,2026-09-05T18:45Z,ESPN public event API,https://a.espncdn.com/i/teamlogos/soccer/500/559.png,https://a.espncdn.com/i/teamlogos/soccer/500/17544.png,0-0-0,0-0-0
2026-09-05,Danish Superliga,AGF,Silkeborg IF,,,,ESPN public event API,Waiting for odds,https://site.api.espn.com/apis/site/v2/sports/soccer/den.1/scoreboard?dates=20260521-20261201&limit=300,,401874506,2026-09-05T16:00Z,ESPN public event API,https://a.espncdn.com/i/teamlogos/soccer/500/7853.png,https://a.espncdn.com/i/teamlogos/soccer/500/607.png,,
2026-09-05,Eliteserien,Rosenborg,Hamarkameratene,,,,ESPN public event API,Waiting for odds,https://site.api.espn.com/apis/site/v2/sports/soccer/nor.1/scoreboard?dates=20260513-20261123&limit=300,,401873923,2026-09-05T14:00Z,ESPN public event API,https://a.espncdn.com/i/teamlogos/soccer/500/438.png,https://a.espncdn.com/i/teamlogos/soccer/500/21380.png,2-2-6,5-1-3
2026-09-05,Eliteserien,SK Brann,Lillestrom,,,,ESPN public event API,Waiting for odds,https://site.api.espn.com/apis/site/v2/sports/soccer/nor.1/scoreboard?dates=20260513-20261123&limit=300,,401873914,2026-09-05T16:00Z,ESPN public event API,https://a.espncdn.com/i/teamlogos/soccer/500/620.png,https://a.espncdn.com/i/teamlogos/soccer/500/987.png,4-1-6,6-1-4
2026-09-05,EPL,Arsenal,Chelsea,,,,ESPN public event API,Waiting for odds,https://site.api.espn.com/apis/site/v2/sports/soccer/eng.1/scoreboard?dates=20260610-20261221&limit=300,,401879292,2026-09-05T14:00Z,ESPN public event API,https://a.espncdn.com/i/teamlogos/soccer/500/359.png,https://a.espncdn.com/i/teamlogos/soccer/500/363.png,0-0-0,0-0-0
2026-09-05,EPL,Brentford,Sunderland,,,,ESPN public event API,Waiting for odds,https://site.api.espn.com/apis/site/v2/sports/soccer/eng.1/scoreboard?dates=20260610-20261221&limit=300,,401879311,2026-09-05T14:00Z,ESPN public event API,https://a.espncdn.com/i/teamlogos/soccer/500/337.png,https://a.espncdn.com/i/teamlogos/soccer/500/366.png,0-0-0,0-0-0
2026-09-05,EPL,Brighton,Leeds United,,,,ESPN public event API,Waiting for odds,https://site.api.espn.com/apis/site/v2/sports/soccer/eng.1/scoreboard?dates=20260610-20261221&limit=300,,401879290,2026-09-05T14:00Z,ESPN public event API,https://a.espncdn.com/i/teamlogos/soccer/500/331.png,https://a.espncdn.com/i/teamlogos/soccer/500/357.png,0-0-0,0-0-0
2026-09-05,EPL,Everton,Man United,,,,ESPN public event API,Waiting for odds,https://site.api.espn.com/apis/site/v2/sports/soccer/eng.1/scoreboard?dates=20260610-20261221&limit=300,,401879291,2026-09-05T14:00Z,ESPN public event API,https://a.espncdn.com/i/teamlogos/soccer/500/368.png,https://a.espncdn.com/i/teamlogos/soccer/500/360.png,0-0-0,0-0-0
2026-09-05,EPL,Fulham,Crystal Palace,,,,ESPN public event API,Waiting for odds,https://site.api.espn.com/apis/site/v2/sports/soccer/eng.1/scoreboard?dates=20260610-20261221&limit=300,,401879289,2026-09-05T14:00Z,ESPN public event API,https://a.espncdn.com/i/teamlogos/soccer/500/370.png,https://a.espncdn.com/i/teamlogos/soccer/500/384.png,0-0-0,0-0-0
2026-09-05,EPL,Hull City,Aston Villa,,,,ESPN public event API,Waiting for odds,https://site.api.espn.com/apis/site/v2/sports/soccer/eng.1/scoreboard?dates=20260610-20261221&limit=300,,401878781,2026-09-05T14:00Z,ESPN public event API,https://a.espncdn.com/i/teamlogos/soccer/500/306.png,https://a.espncdn.com/i/teamlogos/soccer/500/362.png,0-0-0,0-0-0
2026-09-05,EPL,Ipswich Town,Liverpool,,,,ESPN public event API,Waiting for odds,https://site.api.espn.com/apis/site/v2/sports/soccer/eng.1/scoreboard?dates=20260610-20261221&limit=300,,401879288,2026-09-05T14:00Z,ESPN public event API,https://a.espncdn.com/i/teamlogos/soccer/500/373.png,https://a.espncdn.com/i/teamlogos/soccer/500/364.png,0-0-0,0-0-0
2026-09-05,EPL,Man City,Coventry City,,,,ESPN public event API,Waiting for odds,https://site.api.espn.com/apis/site/v2/sports/soccer/eng.1/scoreboard?dates=20260610-20261221&limit=300,,401879287,2026-09-05T14:00Z,ESPN public event API,https://a.espncdn.com/i/teamlogos/soccer/500/382.png,https://a.espncdn.com/i/teamlogos/soccer/500/388.png,0-0-0,0-0-0
2026-09-05,EPL,Newcastle United,Bournemouth,,,,ESPN public event API,Waiting for odds,https://site.api.espn.com/apis/site/v2/sports/soccer/eng.1/scoreboard?dates=20260610-20261221&limit=300,,401879286,2026-09-05T14:00Z,ESPN public event API,https://a.espncdn.com/i/teamlogos/soccer/500/361.png,https://a.espncdn.com/i/teamlogos/soccer/500/349.png,0-0-0,0-0-0
2026-09-05,EPL,Nott'm Forest,Tottenham,,,,ESPN public event API,Waiting for odds,https://site.api.espn.com/apis/site/v2/sports/soccer/eng.1/scoreboard?dates=20260610-20261221&limit=300,,401878780,2026-09-05T14:00Z,ESPN public event API,https://a.espncdn.com/i/teamlogos/soccer/500/393.png,https://a.espncdn.com/i/teamlogos/soccer/500/367.png,0-0-0,0-0-0
2026-09-05,Eredivisie,Ajax Amsterdam,PSV Eindhoven,,,,ESPN public event API,Waiting for odds,https://site.api.espn.com/apis/site/v2/sports/soccer/ned.1/scoreboard?dates=20260528-20261208&limit=300,,401875618,2026-09-05T18:00Z,ESPN public event API,https://a.espncdn.com/i/teamlogos/soccer/500/139.png,https://a.espncdn.com/i/teamlogos/soccer/500/148.png,0-0-0,0-0-0
2026-09-05,Eredivisie,FC Utrecht,Go Ahead Eagles,,,,ESPN public event API,Waiting for odds,https://site.api.espn.com/apis/site/v2/sports/soccer/ned.1/scoreboard?dates=20260528-20261208&limit=300,,401875619,2026-09-05T16:45Z,ESPN public event API,https://a.espncdn.com/i/teamlogos/soccer/500/153.png,https://a.espncdn.com/i/teamlogos/soccer/500/3706.png,0-0-0,0-0-0
2026-09-05,Eredivisie,NEC Nijmegen,Feyenoord Rotterdam,,,,ESPN public event API,Waiting for odds,https://site.api.espn.com/apis/site/v2/sports/soccer/ned.1/scoreboard?dates=20260528-20261208&limit=300,,401875620,2026-09-05T14:30Z,ESPN public event API,https://a.espncdn.com/i/teamlogos/soccer/500/147.png,https://a.espncdn.com/i/teamlogos/soccer/500/142.png,0-0-0,0-0-0
2026-09-05,Eredivisie,Willem II,Excelsior,,,,ESPN public event API,Waiting for odds,https://site.api.espn.com/apis/site/v2/sports/soccer/ned.1/scoreboard?dates=20260528-20261208&limit=300,,401875617,2026-09-05T19:00Z,ESPN public event API,https://a.espncdn.com/i/teamlogos/soccer/500/156.png,https://a.espncdn.com/i/teamlogos/soccer/500/2566.png,0-0-0,0-0-0
2026-09-05,Ligue 1,Angers,Stade Rennais,,,,ESPN public event API,Waiting for odds,https://site.api.espn.com/apis/site/v2/sports/soccer/fra.1/scoreboard?dates=20260528-20261208&limit=300,,401876475,2026-09-05T18:00Z,ESPN public event API,https://a.espncdn.com/i/teamlogos/soccer/500/7868.png,https://a.espncdn.com/i/teamlogos/soccer/500/169.png,0-0-0,0-0-0
2026-09-05,Ligue 1,Le Havre AC,Brest,,,,ESPN public event API,Waiting for odds,https://site.api.espn.com/apis/site/v2/sports/soccer/fra.1/scoreboard?dates=20260528-20261208&limit=300,,401876474,2026-09-05T18:00Z,ESPN public event API,https://a.espncdn.com/i/teamlogos/soccer/500/3236.png,https://a.espncdn.com/i/teamlogos/soccer/500/6997.png,0-0-0,0-0-0
2026-09-05,Ligue 1,Lens,Lorient,,,,ESPN public event API,Waiting for odds,https://site.api.espn.com/apis/site/v2/sports/soccer/fra.1/scoreboard?dates=20260528-20261208&limit=300,,401876473,2026-09-05T18:00Z,ESPN public event API,https://a.espncdn.com/i/teamlogos/soccer/500/175.png,https://a.espncdn.com/i/teamlogos/soccer/500/273.png,0-0-0,0-0-0
2026-09-05,Ligue 1,Lyon,AJ Auxerre,,,,ESPN public event API,Waiting for odds,https://site.api.espn.com/apis/site/v2/sports/soccer/fra.1/scoreboard?dates=20260528-20261208&limit=300,,401876472,2026-09-05T18:00Z,ESPN public event API,https://a.espncdn.com/i/teamlogos/soccer/500/167.png,https://a.espncdn.com/i/teamlogos/soccer/500/172.png,0-0-0,0-0-0
2026-09-05,Ligue 1,Marseille,Paris FC,,,,ESPN public event API,Waiting for odds,https://site.api.espn.com/apis/site/v2/sports/soccer/fra.1/scoreboard?dates=20260528-20261208&limit=300,,401876471,2026-09-05T18:00Z,ESPN public event API,https://a.espncdn.com/i/teamlogos/soccer/500/176.png,https://a.espncdn.com/i/teamlogos/soccer/500/6851.png,0-0-0,0-0-0
2026-09-05,Ligue 1,Nice,Le Mans,,,,ESPN public event API,Waiting for odds,https://site.api.espn.com/apis/site/v2/sports/soccer/fra.1/scoreboard?dates=20260528-20261208&limit=300,,401876470,2026-09-05T18:00Z,ESPN public event API,https://a.espncdn.com/i/teamlogos/soccer/500/2502.png,https://a.espncdn.com/i/teamlogos/soccer/500/2697.png,0-0-0,0-0-0
2026-09-05,Ligue 1,Paris SG,AS Monaco,,,,ESPN public event API,Waiting for odds,https://site.api.espn.com/apis/site/v2/sports/soccer/fra.1/scoreboard?dates=20260528-20261208&limit=300,,401876469,2026-09-05T18:00Z,ESPN public event API,https://a.espncdn.com/i/teamlogos/soccer/500/160.png,https://a.espncdn.com/i/teamlogos/soccer/500/174.png,0-0-0,0-0-0
2026-09-05,Ligue 1,Toulouse,Lille,,,,ESPN public event API,Waiting for odds,https://site.api.espn.com/apis/site/v2/sports/soccer/fra.1/scoreboard?dates=20260528-20261208&limit=300,,401876468,2026-09-05T18:00Z,ESPN public event API,https://a.espncdn.com/i/teamlogos/soccer/500/179.png,https://a.espncdn.com/i/teamlogos/soccer/500/166.png,0-0-0,0-0-0
2026-09-05,Ligue 1,Troyes,Strasbourg,,,,ESPN public event API,Waiting for odds,https://site.api.espn.com/apis/site/v2/sports/soccer/fra.1/scoreboard?dates=20260528-20261208&limit=300,,401876467,2026-09-05T18:00Z,ESPN public event API,https://a.espncdn.com/i/teamlogos/soccer/500/170.png,https://a.espncdn.com/i/teamlogos/soccer/500/180.png,0-0-0,0-0-0
2026-09-05,Scottish Premiership,Aberdeen,Kilmarnock,,,,ESPN public event API,Waiting for odds,https://site.api.espn.com/apis/site/v2/sports/soccer/sco.1/scoreboard?dates=20260610-20261221&limit=300,,401878386,2026-09-05T14:00Z,ESPN public event API,https://a.espncdn.com/i/teamlogos/soccer/500/263.png,https://a.espncdn.com/i/teamlogos/soccer/500/260.png,0-0-0,0-0-0
2026-09-05,Scottish Premiership,Dundee United,Falkirk,,,,ESPN public event API,Waiting for odds,https://site.api.espn.com/apis/site/v2/sports/soccer/sco.1/scoreboard?dates=20260610-20261221&limit=300,,401878385,2026-09-05T14:00Z,ESPN public event API,https://a.espncdn.com/i/teamlogos/soccer/500/264.png,https://a.espncdn.com/i/teamlogos/soccer/500/254.png,0-0-0,0-0-0
2026-09-05,Scottish Premiership,Heart of Midlothian,Dundee,,,,ESPN public event API,Waiting for odds,https://site.api.espn.com/apis/site/v2/sports/soccer/sco.1/scoreboard?dates=20260610-20261221&limit=300,,401878384,2026-09-05T14:00Z,ESPN public event API,https://a.espncdn.com/i/teamlogos/soccer/500/262.png,https://a.espncdn.com/i/teamlogos/soccer/500/261.png,0-0-0,0-0-0
2026-09-05,Scottish Premiership,Rangers,Motherwell,,,,ESPN public event API,Waiting for odds,https://site.api.espn.com/apis/site/v2/sports/soccer/sco.1/scoreboard?dates=20260610-20261221&limit=300,,401878383,2026-09-05T14:00Z,ESPN public event API,https://a.espncdn.com/i/teamlogos/soccer/500/257.png,https://a.espncdn.com/i/teamlogos/soccer/500/266.png,0-0-0,0-0-0
2026-09-05,Scottish Premiership,St Johnstone,Hibernian,,,,ESPN public event API,Waiting for odds,https://site.api.espn.com/apis/site/v2/sports/soccer/sco.1/scoreboard?dates=20260610-20261221&limit=300,,401878382,2026-09-05T14:00Z,ESPN public event API,https://a.espncdn.com/i/teamlogos/soccer/500/267.png,https://a.espncdn.com/i/teamlogos/soccer/500/258.png,0-0-0,0-0-0
2026-09-05,Scottish Premiership,St Mirren,Celtic,,,,ESPN public event API,Waiting for odds,https://site.api.espn.com/apis/site/v2/sports/soccer/sco.1/scoreboard?dates=20260610-20261221&limit=300,,401878381,2026-09-05T14:00Z,ESPN public event API,https://a.espncdn.com/i/teamlogos/soccer/500/250.png,https://a.espncdn.com/i/teamlogos/soccer/500/256.png,0-0-0,0-0-0
2026-09-06,Allsvenskan,IF Brommapojkarna,IF Elfsborg,,,,ESPN public event API,Waiting for odds,https://site.api.espn.com/apis/site/v2/sports/soccer/swe.1/scoreboard?dates=20260513-20261123&limit=300,,401842812,2026-09-06T14:30Z,ESPN public event API,https://a.espncdn.com/i/teamlogos/soccer/500/8221.png,https://a.espncdn.com/i/teamlogos/soccer/500/529.png,4-2-3,4-5-1
2026-09-06,Allsvenskan,Kalmar FF,Djurgården,,,,ESPN public event API,Waiting for odds,https://site.api.espn.com/apis/site/v2/sports/soccer/swe.1/scoreboard?dates=20260513-20261123&limit=300,,401842813,2026-09-06T04:00Z,ESPN public event API,https://a.espncdn.com/i/teamlogos/soccer/500/3052.png,https://a.espncdn.com/i/teamlogos/soccer/500/2339.png,3-1-5,4-1-4
2026-09-06,Allsvenskan,Malmö FF,AIK,,,,ESPN public event API,Waiting for odds,https://site.api.espn.com/apis/site/v2/sports/soccer/swe.1/scoreboard?dates=20260513-20261123&limit=300,,401842814,2026-09-06T04:00Z,ESPN public event API,https://a.espncdn.com/i/teamlogos/soccer/500/2720.png,https://a.espncdn.com/i/teamlogos/soccer/500/994.png,3-1-5,3-3-3
2026-09-06,Allsvenskan,Mjällby AIF,IFK Göteborg,,,,ESPN public event API,Waiting for odds,https://site.api.espn.com/apis/site/v2/sports/soccer/swe.1/scoreboard?dates=20260513-20261123&limit=300,,401842815,2026-09-06T04:00Z,ESPN public event API,https://a.espncdn.com/i/teamlogos/soccer/500/20301.png,https://a.espncdn.com/i/teamlogos/soccer/500/2556.png,4-3-3,1-4-4
2026-09-06,Allsvenskan,Örgryte IS,Hammarby IF,,,,ESPN public event API,Waiting for odds,https://site.api.espn.com/apis/site/v2/sports/soccer/swe.1/scoreboard?dates=20260513-20261123&limit=300,,401842817,2026-09-06T12:00Z,ESPN public event API,https://a.espncdn.com/i/teamlogos/soccer/500/131552.png,https://a.espncdn.com/i/teamlogos/soccer/500/2495.png,1-2-6,5-2-3
2026-09-06,Belgian Pro League,Anderlecht,Racing Genk,,,,ESPN public event API,Waiting for odds,https://site.api.espn.com/apis/site/v2/sports/soccer/bel.1/scoreboard?dates=20260610-20261221&limit=300,,401878998,2026-09-06T16:30Z,ESPN public event API,https://a.espncdn.com/i/teamlogos/soccer/500/441.png,https://a.espncdn.com/i/teamlogos/soccer/500/938.png,0-0-0,0-0-0
2026-09-06,Belgian Pro League,Cercle Brugge KSV,KAA Gent,,,,ESPN public event API,Waiting for odds,https://site.api.espn.com/apis/site/v2/sports/soccer/bel.1/scoreboard?dates=20260610-20261221&limit=300,,401879000,2026-09-06T11:30Z,ESPN public event API,https://a.espncdn.com/i/teamlogos/soccer/500/3610.png,https://a.espncdn.com/i/teamlogos/soccer/500/3611.png,0-0-0,0-0-0
2026-09-06,Belgian Pro League,KV Kortrijk,Zulte-Waregem,,,,ESPN public event API,Waiting for odds,https://site.api.espn.com/apis/site/v2/sports/soccer/bel.1/scoreboard?dates=20260610-20261221&limit=300,,401878999,2026-09-06T14:00Z,ESPN public event API,https://a.espncdn.com/i/teamlogos/soccer/500/5786.png,https://a.espncdn.com/i/teamlogos/soccer/500/4691.png,0-0-0,0-0-0
2026-09-06,Belgian Pro League,Waasland-Beveren,OH Leuven,,,,ESPN public event API,Waiting for odds,https://site.api.espn.com/apis/site/v2/sports/soccer/bel.1/scoreboard?dates=20260610-20261221&limit=300,,401878997,2026-09-06T17:15Z,ESPN public event API,https://a.espncdn.com/i/teamlogos/soccer/500/13450.png,https://a.espncdn.com/i/teamlogos/soccer/500/5579.png,0-0-0,0-0-0
2026-09-06,Danish Superliga,Brøndby IF,Randers FC,,,,ESPN public event API,Waiting for odds,https://site.api.espn.com/apis/site/v2/sports/soccer/den.1/scoreboard?dates=20260521-20261201&limit=300,,401874530,2026-09-06T16:00Z,ESPN public event API,https://a.espncdn.com/i/teamlogos/soccer/500/575.png,https://a.espncdn.com/i/teamlogos/soccer/500/3132.png,,
2026-09-06,Danish Superliga,Odense Boldklub,F.C. København,,,,ESPN public event API,Waiting for odds,https://site.api.espn.com/apis/site/v2/sports/soccer/den.1/scoreboard?dates=20260521-20261201&limit=300,,401874532,2026-09-06T14:00Z,ESPN public event API,https://a.espncdn.com/i/teamlogos/soccer/500/11550.png,https://a.espncdn.com/i/teamlogos/soccer/500/909.png,,
2026-09-06,Danish Superliga,Sønderjyske Fodbold,AC Horsens,,,,ESPN public event API,Waiting for odds,https://site.api.espn.com/apis/site/v2/sports/soccer/den.1/scoreboard?dates=20260521-20261201&limit=300,,401874485,2026-09-06T12:00Z,ESPN public event API,https://a.espncdn.com/i/teamlogos/soccer/500/8118.png,https://a.espncdn.com/i/teamlogos/soccer/500/3585.png,,
2026-09-06,Eliteserien,Aalesund,IK Start,,,,ESPN public event API,Waiting for odds,https://site.api.espn.com/apis/site/v2/sports/soccer/nor.1/scoreboard?dates=20260513-20261123&limit=300,,401843427,2026-09-06T15:00Z,ESPN public event API,https://a.espncdn.com/i/teamlogos/soccer/500/3278.png,,2-4-4,1-4-6
2026-09-06,Eliteserien,Kristiansund BK,Tromso,,,,ESPN public event API,Waiting for odds,https://site.api.espn.com/apis/site/v2/sports/soccer/nor.1/scoreboard?dates=20260513-20261123&limit=300,,401843430,2026-09-06T17:15Z,ESPN public event API,https://a.espncdn.com/i/teamlogos/soccer/500/6672.png,https://a.espncdn.com/i/teamlogos/soccer/500/5270.png,3-2-5,7-3-2
2026-09-06,Eliteserien,Molde,KFUM Oslo,,,,ESPN public event API,Waiting for odds,https://site.api.espn.com/apis/site/v2/sports/soccer/nor.1/scoreboard?dates=20260513-20261123&limit=300,,401843431,2026-09-06T15:00Z,ESPN public event API,https://a.espncdn.com/i/teamlogos/soccer/500/2715.png,https://a.espncdn.com/i/teamlogos/soccer/500/22165.png,5-1-4,3-2-5
2026-09-06,Eliteserien,Sarpsborg FK,Vålerenga,,,,ESPN public event API,Waiting for odds,https://site.api.espn.com/apis/site/v2/sports/soccer/nor.1/scoreboard?dates=20260513-20261123&limit=300,,401843434,2026-09-06T15:00Z,ESPN public event API,https://a.espncdn.com/i/teamlogos/soccer/500/5002.png,https://a.espncdn.com/i/teamlogos/soccer/500/2791.png,3-2-5,3-2-5
2026-09-06,Eredivisie,ADO Den Haag,Fortuna Sittard,,,,ESPN public event API,Waiting for odds,https://site.api.espn.com/apis/site/v2/sports/soccer/ned.1/scoreboard?dates=20260528-20261208&limit=300,,401875613,2026-09-06T14:45Z,ESPN public event API,https://a.espncdn.com/i/teamlogos/soccer/500/2726.png,https://a.espncdn.com/i/teamlogos/soccer/500/143.png,0-0-0,0-0-0
2026-09-06,Eredivisie,FC Groningen,FC Twente,,,,ESPN public event API,Waiting for odds,https://site.api.espn.com/apis/site/v2/sports/soccer/ned.1/scoreboard?dates=20260528-20261208&limit=300,,401875616,2026-09-06T10:15Z,ESPN public event API,https://a.espncdn.com/i/teamlogos/soccer/500/145.png,https://a.espncdn.com/i/teamlogos/soccer/500/152.png,0-0-0,0-0-0
2026-09-06,Eredivisie,Heerenveen,AZ Alkmaar,,,,ESPN public event API,Waiting for odds,https://site.api.espn.com/apis/site/v2/sports/soccer/ned.1/scoreboard?dates=20260528-20261208&limit=300,,401875615,2026-09-06T12:30Z,ESPN public event API,https://a.espncdn.com/i/teamlogos/soccer/500/146.png,https://a.espncdn.com/i/teamlogos/soccer/500/140.png,0-0-0,0-0-0
2026-09-06,Eredivisie,Telstar,SC Cambuur,,,,ESPN public event API,Waiting for odds,https://site.api.espn.com/apis/site/v2/sports/soccer/ned.1/scoreboard?dates=20260528-20261208&limit=300,,401875614,2026-09-06T12:30Z,ESPN public event API,https://a.espncdn.com/i/teamlogos/soccer/500/3735.png,https://a.espncdn.com/i/teamlogos/soccer/500/3736.png,0-0-0,0-0-0
2026-09-06,Serie A,AS Roma,Atalanta,,,,ESPN public event API,Waiting for odds,https://site.api.espn.com/apis/site/v2/sports/soccer/ita.1/scoreboard?dates=20260526-20261206&limit=300,,401874781,2026-09-06T18:00Z,ESPN public event API,https://a.espncdn.com/i/teamlogos/soccer/500/104.png,https://a.espncdn.com/i/teamlogos/soccer/500/105.png,0-0-0,0-0-0
2026-09-06,Serie A,Bologna,Sassuolo,,,,ESPN public event API,Waiting for odds,https://site.api.espn.com/apis/site/v2/sports/soccer/ita.1/scoreboard?dates=20260526-20261206&limit=300,,401874751,2026-09-06T18:00Z,ESPN public event API,https://a.espncdn.com/i/teamlogos/soccer/500/107.png,https://a.espncdn.com/i/teamlogos/soccer/500/3997.png,0-0-0,0-0-0
2026-09-06,Serie A,Cagliari,Lecce,,,,ESPN public event API,Waiting for odds,https://site.api.espn.com/apis/site/v2/sports/soccer/ita.1/scoreboard?dates=20260526-20261206&limit=300,,401874943,2026-09-06T18:00Z,ESPN public event API,https://a.espncdn.com/i/teamlogos/soccer/500/2925.png,https://a.espncdn.com/i/teamlogos/soccer/500/113.png,0-0-0,0-0-0
2026-09-06,Serie A,Fiorentina,Torino,,,,ESPN public event API,Waiting for odds,https://site.api.espn.com/apis/site/v2/sports/soccer/ita.1/scoreboard?dates=20260526-20261206&limit=300,,401874939,2026-09-06T18:00Z,ESPN public event API,https://a.espncdn.com/i/teamlogos/soccer/500/109.png,https://a.espncdn.com/i/teamlogos/soccer/500/239.png,0-0-0,0-0-0
2026-09-06,Serie A,Frosinone,Venezia,,,,ESPN public event API,Waiting for odds,https://site.api.espn.com/apis/site/v2/sports/soccer/ita.1/scoreboard?dates=20260526-20261206&limit=300,,401874768,2026-09-06T18:00Z,ESPN public event API,https://a.espncdn.com/i/teamlogos/soccer/500/4057.png,https://a.espncdn.com/i/teamlogos/soccer/500/17530.png,0-0-0,0-0-0
2026-09-06,Serie A,Genoa,Como,,,,ESPN public event API,Waiting for odds,https://site.api.espn.com/apis/site/v2/sports/soccer/ita.1/scoreboard?dates=20260526-20261206&limit=300,,401874744,2026-09-06T18:00Z,ESPN public event API,https://a.espncdn.com/i/teamlogos/soccer/500/3263.png,https://a.espncdn.com/i/teamlogos/soccer/500/2572.png,0-0-0,0-0-0
2026-09-06,Serie A,Inter Milan,Napoli,,,,ESPN public event API,Waiting for odds,https://site.api.espn.com/apis/site/v2/sports/soccer/ita.1/scoreboard?dates=20260526-20261206&limit=300,,401874937,2026-09-06T18:00Z,ESPN public event API,https://a.espncdn.com/i/teamlogos/soccer/500/110.png,https://a.espncdn.com/i/teamlogos/soccer/500/114.png,0-0-0,0-0-0
2026-09-06,Serie A,Juventus,AC Milan,,,,ESPN public event API,Waiting for odds,https://site.api.espn.com/apis/site/v2/sports/soccer/ita.1/scoreboard?dates=20260526-20261206&limit=300,,401874954,2026-09-06T18:00Z,ESPN public event API,https://a.espncdn.com/i/teamlogos/soccer/500/111.png,https://a.espncdn.com/i/teamlogos/soccer/500/103.png,0-0-0,0-0-0
2026-09-06,Serie A,Parma,Monza,,,,ESPN public event API,Waiting for odds,https://site.api.espn.com/apis/site/v2/sports/soccer/ita.1/scoreboard?dates=20260526-20261206&limit=300,,401874987,2026-09-06T18:00Z,ESPN public event API,https://a.espncdn.com/i/teamlogos/soccer/500/115.png,https://a.espncdn.com/i/teamlogos/soccer/500/4007.png,0-0-0,0-0-0
2026-09-06,Serie A,Udinese,Lazio,,,,ESPN public event API,Waiting for odds,https://site.api.espn.com/apis/site/v2/sports/soccer/ita.1/scoreboard?dates=20260526-20261206&limit=300,,401874962,2026-09-06T18:00Z,ESPN public event API,https://a.espncdn.com/i/teamlogos/soccer/500/118.png,https://a.espncdn.com/i/teamlogos/soccer/500/112.png,0-0-0,0-0-0
2026-09-07,Danish Superliga,FC Midtjylland,FC Nordsjælland,,,,ESPN public event API,Waiting for odds,https://site.api.espn.com/apis/site/v2/sports/soccer/den.1/scoreboard?dates=20260521-20261201&limit=300,,401874509,2026-09-07T17:00Z,ESPN public event API,https://a.espncdn.com/i/teamlogos/soccer/500/572.png,https://a.espncdn.com/i/teamlogos/soccer/500/3101.png,,
2026-09-09,Eredivisie,FC Twente,Telstar,,,,ESPN public event API,Waiting for odds,https://site.api.espn.com/apis/site/v2/sports/soccer/ned.1/scoreboard?dates=20260528-20261208&limit=300,,401875612,2026-09-09T16:45Z,ESPN public event API,https://a.espncdn.com/i/teamlogos/soccer/500/152.png,https://a.espncdn.com/i/teamlogos/soccer/500/3735.png,0-0-0,0-0-0
2026-09-11,Allsvenskan,BK Häcken,Mjällby AIF,,,,ESPN public event API,Waiting for odds,https://site.api.espn.com/apis/site/v2/sports/soccer/swe.1/scoreboard?dates=20260513-20261123&limit=300,,401874082,2026-09-11T17:00Z,ESPN public event API,https://a.espncdn.com/i/teamlogos/soccer/500/7834.png,https://a.espncdn.com/i/teamlogos/soccer/500/20301.png,4-5-0,4-3-3
2026-09-11,Belgian Pro League,KV Mechelen,Anderlecht,,,,ESPN public event API,Waiting for odds,https://site.api.espn.com/apis/site/v2/sports/soccer/bel.1/scoreboard?dates=20260610-20261221&limit=300,,401878996,2026-09-11T18:45Z,ESPN public event API,https://a.espncdn.com/i/teamlogos/soccer/500/7879.png,https://a.espncdn.com/i/teamlogos/soccer/500/441.png,0-0-0,0-0-0
2026-09-11,Eredivisie,AZ Alkmaar,Willem II,,,,ESPN public event API,Waiting for odds,https://site.api.espn.com/apis/site/v2/sports/soccer/ned.1/scoreboard?dates=20260528-20261208&limit=300,,401875611,2026-09-11T18:00Z,ESPN public event API,https://a.espncdn.com/i/teamlogos/soccer/500/140.png,https://a.espncdn.com/i/teamlogos/soccer/500/156.png,0-0-0,0-0-0
2026-09-12,Allsvenskan,AIK,Västerås SK,,,,ESPN public event API,Waiting for odds,https://site.api.espn.com/apis/site/v2/sports/soccer/swe.1/scoreboard?dates=20260513-20261123&limit=300,,401842820,2026-09-12T13:00Z,ESPN public event API,https://a.espncdn.com/i/teamlogos/soccer/500/994.png,https://a.espncdn.com/i/teamlogos/soccer/500/22163.png,3-3-3,3-3-3
2026-09-12,Allsvenskan,IFK Göteborg,Halmstads BK,,,,ESPN public event API,Waiting for odds,https://site.api.espn.com/apis/site/v2/sports/soccer/swe.1/scoreboard?dates=20260513-20261123&limit=300,,401842824,2026-09-12T15:30Z,ESPN public event API,https://a.espncdn.com/i/teamlogos/soccer/500/2556.png,https://a.espncdn.com/i/teamlogos/soccer/500/3017.png,1-4-4,1-3-5
2026-09-12,Belgian Pro League,KVC Westerlo,Standard Liege,,,,ESPN public event API,Waiting for odds,https://site.api.espn.com/apis/site/v2/sports/soccer/bel.1/scoreboard?dates=20260610-20261221&limit=300,,401878994,2026-09-12T16:15Z,ESPN public event API,https://a.espncdn.com/i/teamlogos/soccer/500/606.png,https://a.espncdn.com/i/teamlogos/soccer/500/559.png,0-0-0,0-0-0
2026-09-12,Belgian Pro League,OH Leuven,Cercle Brugge KSV,,,,ESPN public event API,Waiting for odds,https://site.api.espn.com/apis/site/v2/sports/soccer/bel.1/scoreboard?dates=20260610-20261221&limit=300,,401878993,2026-09-12T18:45Z,ESPN public event API,https://a.espncdn.com/i/teamlogos/soccer/500/5579.png,https://a.espncdn.com/i/teamlogos/soccer/500/3610.png,0-0-0,0-0-0
2026-09-12,Belgian Pro League,Union St.-Gilloise,Lommel SK,,,,ESPN public event API,Waiting for odds,https://site.api.espn.com/apis/site/v2/sports/soccer/bel.1/scoreboard?dates=20260610-20261221&limit=300,,401878992,2026-09-12T18:45Z,ESPN public event API,https://a.espncdn.com/i/teamlogos/soccer/500/5807.png,,0-0-0,0-0-0
2026-09-12,Belgian Pro League,Waasland-Beveren,Sint-Truidense,,,,ESPN public event API,Waiting for odds,https://site.api.espn.com/apis/site/v2/sports/soccer/bel.1/scoreboard?dates=20260610-20261221&limit=300,,401878995,2026-09-12T14:00Z,ESPN public event API,https://a.espncdn.com/i/teamlogos/soccer/500/13450.png,https://a.espncdn.com/i/teamlogos/soccer/500/936.png,0-0-0,0-0-0
2026-09-12,Eliteserien,Lillestrom,Vålerenga,,,,ESPN public event API,Waiting for odds,https://site.api.espn.com/apis/site/v2/sports/soccer/nor.1/scoreboard?dates=20260513-20261123&limit=300,,401873905,2026-09-12T14:00Z,ESPN public event API,https://a.espncdn.com/i/teamlogos/soccer/500/987.png,https://a.espncdn.com/i/teamlogos/soccer/500/2791.png,6-1-4,3-2-5
2026-09-12,Eliteserien,Rosenborg,Tromso,,,,ESPN public event API,Waiting for odds,https://site.api.espn.com/apis/site/v2/sports/soccer/nor.1/scoreboard?dates=20260513-20261123&limit=300,,401873926,2026-09-12T16:00Z,ESPN public event API,https://a.espncdn.com/i/teamlogos/soccer/500/438.png,https://a.espncdn.com/i/teamlogos/soccer/500/5270.png,2-2-6,7-3-2
2026-09-12,EPL,Aston Villa,Nott'm Forest,,,,ESPN public event API,Waiting for odds,https://site.api.espn.com/apis/site/v2/sports/soccer/eng.1/scoreboard?dates=20260610-20261221&limit=300,,401879284,2026-09-12T14:00Z,ESPN public event API,https://a.espncdn.com/i/teamlogos/soccer/500/362.png,https://a.espncdn.com/i/teamlogos/soccer/500/393.png,0-0-0,0-0-0
2026-09-12,EPL,Bournemouth,Brentford,,,,ESPN public event API,Waiting for odds,https://site.api.espn.com/apis/site/v2/sports/soccer/eng.1/scoreboard?dates=20260610-20261221&limit=300,,401879285,2026-09-12T14:00Z,ESPN public event API,https://a.espncdn.com/i/teamlogos/soccer/500/349.png,https://a.espncdn.com/i/teamlogos/soccer/500/337.png,0-0-0,0-0-0
2026-09-12,EPL,Chelsea,Hull City,,,,ESPN public event API,Waiting for odds,https://site.api.espn.com/apis/site/v2/sports/soccer/eng.1/scoreboard?dates=20260610-20261221&limit=300,,401879283,2026-09-12T14:00Z,ESPN public event API,https://a.espncdn.com/i/teamlogos/soccer/500/363.png,https://a.espncdn.com/i/teamlogos/soccer/500/306.png,0-0-0,0-0-0
2026-09-12,EPL,Coventry City,Brighton,,,,ESPN public event API,Waiting for odds,https://site.api.espn.com/apis/site/v2/sports/soccer/eng.1/scoreboard?dates=20260610-20261221&limit=300,,401879282,2026-09-12T14:00Z,ESPN public event API,https://a.espncdn.com/i/teamlogos/soccer/500/388.png,https://a.espncdn.com/i/teamlogos/soccer/500/331.png,0-0-0,0-0-0
2026-09-12,EPL,Crystal Palace,Ipswich Town,,,,ESPN public event API,Waiting for odds,https://site.api.espn.com/apis/site/v2/sports/soccer/eng.1/scoreboard?dates=20260610-20261221&limit=300,,401879281,2026-09-12T14:00Z,ESPN public event API,https://a.espncdn.com/i/teamlogos/soccer/500/384.png,https://a.espncdn.com/i/teamlogos/soccer/500/373.png,0-0-0,0-0-0
2026-09-12,EPL,Leeds United,Newcastle United,,,,ESPN public event API,Waiting for odds,https://site.api.espn.com/apis/site/v2/sports/soccer/eng.1/scoreboard?dates=20260610-20261221&limit=300,,401879280,2026-09-12T14:00Z,ESPN public event API,https://a.espncdn.com/i/teamlogos/soccer/500/357.png,https://a.espncdn.com/i/teamlogos/soccer/500/361.png,0-0-0,0-0-0
2026-09-12,EPL,Liverpool,Fulham,,,,ESPN public event API,Waiting for odds,https://site.api.espn.com/apis/site/v2/sports/soccer/eng.1/scoreboard?dates=20260610-20261221&limit=300,,401879279,2026-09-12T14:00Z,ESPN public event API,https://a.espncdn.com/i/teamlogos/soccer/500/364.png,https://a.espncdn.com/i/teamlogos/soccer/500/370.png,0-0-0,0-0-0
2026-09-12,EPL,Man United,Man City,,,,ESPN public event API,Waiting for odds,https://site.api.espn.com/apis/site/v2/sports/soccer/eng.1/scoreboard?dates=20260610-20261221&limit=300,,401879278,2026-09-12T14:00Z,ESPN public event API,https://a.espncdn.com/i/teamlogos/soccer/500/360.png,https://a.espncdn.com/i/teamlogos/soccer/500/382.png,0-0-0,0-0-0
2026-09-12,EPL,Sunderland,Arsenal,,,,ESPN public event API,Waiting for odds,https://site.api.espn.com/apis/site/v2/sports/soccer/eng.1/scoreboard?dates=20260610-20261221&limit=300,,401878779,2026-09-12T14:00Z,ESPN public event API,https://a.espncdn.com/i/teamlogos/soccer/500/366.png,https://a.espncdn.com/i/teamlogos/soccer/500/359.png,0-0-0,0-0-0
2026-09-12,EPL,Tottenham,Everton,,,,ESPN public event API,Waiting for odds,https://site.api.espn.com/apis/site/v2/sports/soccer/eng.1/scoreboard?dates=20260610-20261221&limit=300,,401879277,2026-09-12T14:00Z,ESPN public event API,https://a.espncdn.com/i/teamlogos/soccer/500/367.png,https://a.espncdn.com/i/teamlogos/soccer/500/368.png,0-0-0,0-0-0
2026-09-12,Eredivisie,FC Twente,ADO Den Haag,,,,ESPN public event API,Waiting for odds,https://site.api.espn.com/apis/site/v2/sports/soccer/ned.1/scoreboard?dates=20260528-20261208&limit=300,,401875610,2026-09-12T14:30Z,ESPN public event API,https://a.espncdn.com/i/teamlogos/soccer/500/152.png,https://a.espncdn.com/i/teamlogos/soccer/500/2726.png,0-0-0,0-0-0
2026-09-12,Eredivisie,Fortuna Sittard,Ajax Amsterdam,,,,ESPN public event API,Waiting for odds,https://site.api.espn.com/apis/site/v2/sports/soccer/ned.1/scoreboard?dates=20260528-20261208&limit=300,,401875608,2026-09-12T18:00Z,ESPN public event API,https://a.espncdn.com/i/teamlogos/soccer/500/143.png,https://a.espncdn.com/i/teamlogos/soccer/500/139.png,0-0-0,0-0-0
2026-09-12,Eredivisie,Go Ahead Eagles,FC Groningen,,,,ESPN public event API,Waiting for odds,https://site.api.espn.com/apis/site/v2/sports/soccer/ned.1/scoreboard?dates=20260528-20261208&limit=300,,401875609,2026-09-12T16:45Z,ESPN public event API,https://a.espncdn.com/i/teamlogos/soccer/500/3706.png,https://a.espncdn.com/i/teamlogos/soccer/500/145.png,0-0-0,0-0-0
2026-09-12,Eredivisie,Heerenveen,Telstar,,,,ESPN public event API,Waiting for odds,https://site.api.espn.com/apis/site/v2/sports/soccer/ned.1/scoreboard?dates=20260528-20261208&limit=300,,401875607,2026-09-12T19:00Z,ESPN public event API,https://a.espncdn.com/i/teamlogos/soccer/500/146.png,https://a.espncdn.com/i/teamlogos/soccer/500/3735.png,0-0-0,0-0-0
2026-09-12,Ligue 1,AJ Auxerre,Nice,,,,ESPN public event API,Waiting for odds,https://site.api.espn.com/apis/site/v2/sports/soccer/fra.1/scoreboard?dates=20260528-20261208&limit=300,,401876466,2026-09-12T18:00Z,ESPN public event API,https://a.espncdn.com/i/teamlogos/soccer/500/172.png,https://a.espncdn.com/i/teamlogos/soccer/500/2502.png,0-0-0,0-0-0
2026-09-12,Ligue 1,Brest,Paris SG,,,,ESPN public event API,Waiting for odds,https://site.api.espn.com/apis/site/v2/sports/soccer/fra.1/scoreboard?dates=20260528-20261208&limit=300,,401876465,2026-09-12T18:00Z,ESPN public event API,https://a.espncdn.com/i/teamlogos/soccer/500/6997.png,https://a.espncdn.com/i/teamlogos/soccer/500/160.png,0-0-0,0-0-0
2026-09-12,Ligue 1,Le Havre AC,Angers,,,,ESPN public event API,Waiting for odds,https://site.api.espn.com/apis/site/v2/sports/soccer/fra.1/scoreboard?dates=20260528-20261208&limit=300,,401876464,2026-09-12T18:00Z,ESPN public event API,https://a.espncdn.com/i/teamlogos/soccer/500/3236.png,https://a.espncdn.com/i/teamlogos/soccer/500/7868.png,0-0-0,0-0-0
2026-09-12,Ligue 1,Le Mans,Lens,,,,ESPN public event API,Waiting for odds,https://site.api.espn.com/apis/site/v2/sports/soccer/fra.1/scoreboard?dates=20260528-20261208&limit=300,,401876463,2026-09-12T18:00Z,ESPN public event API,https://a.espncdn.com/i/teamlogos/soccer/500/2697.png,https://a.espncdn.com/i/teamlogos/soccer/500/175.png,0-0-0,0-0-0
2026-09-12,Ligue 1,Lille,Troyes,,,,ESPN public event API,Waiting for odds,https://site.api.espn.com/apis/site/v2/sports/soccer/fra.1/scoreboard?dates=20260528-20261208&limit=300,,401876462,2026-09-12T18:00Z,ESPN public event API,https://a.espncdn.com/i/teamlogos/soccer/500/166.png,https://a.espncdn.com/i/teamlogos/soccer/500/170.png,0-0-0,0-0-0
2026-09-12,Ligue 1,Lorient,Toulouse,,,,ESPN public event API,Waiting for odds,https://site.api.espn.com/apis/site/v2/sports/soccer/fra.1/scoreboard?dates=20260528-20261208&limit=300,,401876461,2026-09-12T18:00Z,ESPN public event API,https://a.espncdn.com/i/teamlogos/soccer/500/273.png,https://a.espncdn.com/i/teamlogos/soccer/500/179.png,0-0-0,0-0-0
2026-09-12,Ligue 1,Paris FC,Lyon,,,,ESPN public event API,Waiting for odds,https://site.api.espn.com/apis/site/v2/sports/soccer/fra.1/scoreboard?dates=20260528-20261208&limit=300,,401876460,2026-09-12T18:00Z,ESPN public event API,https://a.espncdn.com/i/teamlogos/soccer/500/6851.png,https://a.espncdn.com/i/teamlogos/soccer/500/167.png,0-0-0,0-0-0
2026-09-12,Ligue 1,Stade Rennais,Marseille,,,,ESPN public event API,Waiting for odds,https://site.api.espn.com/apis/site/v2/sports/soccer/fra.1/scoreboard?dates=20260528-20261208&limit=300,,401876459,2026-09-12T18:00Z,ESPN public event API,https://a.espncdn.com/i/teamlogos/soccer/500/169.png,https://a.espncdn.com/i/teamlogos/soccer/500/176.png,0-0-0,0-0-0
2026-09-12,Ligue 1,Strasbourg,AS Monaco,,,,ESPN public event API,Waiting for odds,https://site.api.espn.com/apis/site/v2/sports/soccer/fra.1/scoreboard?dates=20260528-20261208&limit=300,,401876458,2026-09-12T18:00Z,ESPN public event API,https://a.espncdn.com/i/teamlogos/soccer/500/180.png,https://a.espncdn.com/i/teamlogos/soccer/500/174.png,0-0-0,0-0-0
2026-09-13,Allsvenskan,Djurgården,GAIS,,,,ESPN public event API,Waiting for odds,https://site.api.espn.com/apis/site/v2/sports/soccer/swe.1/scoreboard?dates=20260513-20261123&limit=300,,401842819,2026-09-13T04:00Z,ESPN public event API,https://a.espncdn.com/i/teamlogos/soccer/500/2339.png,https://a.espncdn.com/i/teamlogos/soccer/500/8222.png,4-1-4,3-3-4
2026-09-13,Allsvenskan,Hammarby IF,IF Brommapojkarna,,,,ESPN public event API,Waiting for odds,https://site.api.espn.com/apis/site/v2/sports/soccer/swe.1/scoreboard?dates=20260513-20261123&limit=300,,401842821,2026-09-13T12:00Z,ESPN public event API,https://a.espncdn.com/i/teamlogos/soccer/500/2495.png,https://a.espncdn.com/i/teamlogos/soccer/500/8221.png,5-2-3,4-2-3
2026-09-13,Allsvenskan,IF Elfsborg,Kalmar FF,,,,ESPN public event API,Waiting for odds,https://site.api.espn.com/apis/site/v2/sports/soccer/swe.1/scoreboard?dates=20260513-20261123&limit=300,,401842818,2026-09-13T12:00Z,ESPN public event API,https://a.espncdn.com/i/teamlogos/soccer/500/529.png,https://a.espncdn.com/i/teamlogos/soccer/500/3052.png,4-5-1,3-1-5
2026-09-13,Allsvenskan,IK Sirius,Degerfors IF,,,,ESPN public event API,Waiting for odds,https://site.api.espn.com/apis/site/v2/sports/soccer/swe.1/scoreboard?dates=20260513-20261123&limit=300,,401842822,2026-09-13T04:00Z,ESPN public event API,https://a.espncdn.com/i/teamlogos/soccer/500/8547.png,https://a.espncdn.com/i/teamlogos/soccer/500/20856.png,8-1-0,2-3-4
2026-09-13,Allsvenskan,Malmö FF,Örgryte IS,,,,ESPN public event API,Waiting for odds,https://site.api.espn.com/apis/site/v2/sports/soccer/swe.1/scoreboard?dates=20260513-20261123&limit=300,,401842823,2026-09-13T14:30Z,ESPN public event API,https://a.espncdn.com/i/teamlogos/soccer/500/2720.png,https://a.espncdn.com/i/teamlogos/soccer/500/131552.png,3-1-5,1-2-6
2026-09-13,Belgian Pro League,Club Brugge,Antwerp,,,,ESPN public event API,Waiting for odds,https://site.api.espn.com/apis/site/v2/sports/soccer/bel.1/scoreboard?dates=20260610-20261221&limit=300,,401878991,2026-09-13T11:30Z,ESPN public event API,https://a.espncdn.com/i/teamlogos/soccer/500/570.png,https://a.espncdn.com/i/teamlogos/soccer/500/17544.png,0-0-0,0-0-0
2026-09-13,Belgian Pro League,RAAL La Louvière,KV Kortrijk,,,,ESPN public event API,Waiting for odds,https://site.api.espn.com/apis/site/v2/sports/soccer/bel.1/scoreboard?dates=20260610-20261221&limit=300,,401878988,2026-09-13T17:15Z,ESPN public event API,https://a.espncdn.com/i/teamlogos/soccer/500/131235.png,https://a.espncdn.com/i/teamlogos/soccer/500/5786.png,0-0-0,0-0-0
2026-09-13,Belgian Pro League,Racing Genk,KAA Gent,,,,ESPN public event API,Waiting for odds,https://site.api.espn.com/apis/site/v2/sports/soccer/bel.1/scoreboard?dates=20260610-20261221&limit=300,,401878990,2026-09-13T14:00Z,ESPN public event API,https://a.espncdn.com/i/teamlogos/soccer/500/938.png,https://a.espncdn.com/i/teamlogos/soccer/500/3611.png,0-0-0,0-0-0
2026-09-13,Belgian Pro League,Zulte-Waregem,Royal Charleroi SC,,,,ESPN public event API,Waiting for odds,https://site.api.espn.com/apis/site/v2/sports/soccer/bel.1/scoreboard?dates=20260610-20261221&limit=300,,401878989,2026-09-13T16:30Z,ESPN public event API,https://a.espncdn.com/i/teamlogos/soccer/500/4691.png,https://a.espncdn.com/i/teamlogos/soccer/500/3616.png,0-0-0,0-0-0
2026-09-13,Danish Superliga,F.C. København,AC Horsens,,,,ESPN public event API,Waiting for odds,https://site.api.espn.com/apis/site/v2/sports/soccer/den.1/scoreboard?dates=20260521-20261201&limit=300,,401874540,2026-09-13T18:00Z,ESPN public event API,https://a.espncdn.com/i/teamlogos/soccer/500/909.png,https://a.espncdn.com/i/teamlogos/soccer/500/3585.png,,
2026-09-13,Danish Superliga,FC Midtjylland,Brøndby IF,,,,ESPN public event API,Waiting for odds,https://site.api.espn.com/apis/site/v2/sports/soccer/den.1/scoreboard?dates=20260521-20261201&limit=300,,401874539,2026-09-13T18:00Z,ESPN public event API,https://a.espncdn.com/i/teamlogos/soccer/500/572.png,https://a.espncdn.com/i/teamlogos/soccer/500/575.png,,
2026-09-13,Danish Superliga,FC Nordsjælland,AGF,,,,ESPN public event API,Waiting for odds,https://site.api.espn.com/apis/site/v2/sports/soccer/den.1/scoreboard?dates=20260521-20261201&limit=300,,401874487,2026-09-13T18:00Z,ESPN public event API,https://a.espncdn.com/i/teamlogos/soccer/500/3101.png,https://a.espncdn.com/i/teamlogos/soccer/500/7853.png,,
2026-09-13,Danish Superliga,Lyngby Boldklub,Sønderjyske Fodbold,,,,ESPN public event API,Waiting for odds,https://site.api.espn.com/apis/site/v2/sports/soccer/den.1/scoreboard?dates=20260521-20261201&limit=300,,401874525,2026-09-13T18:00Z,ESPN public event API,https://a.espncdn.com/i/teamlogos/soccer/500/7860.png,https://a.espncdn.com/i/teamlogos/soccer/500/8118.png,,
2026-09-13,Danish Superliga,Randers FC,Odense Boldklub,,,,ESPN public event API,Waiting for odds,https://site.api.espn.com/apis/site/v2/sports/soccer/den.1/scoreboard?dates=20260521-20261201&limit=300,,401874527,2026-09-13T18:00Z,ESPN public event API,https://a.espncdn.com/i/teamlogos/soccer/500/3132.png,https://a.espncdn.com/i/teamlogos/soccer/500/11550.png,,
2026-09-13,Danish Superliga,Silkeborg IF,Viborg FF,,,,ESPN public event API,Waiting for odds,https://site.api.espn.com/apis/site/v2/sports/soccer/den.1/scoreboard?dates=20260521-20261201&limit=300,,401874528,2026-09-13T18:00Z,ESPN public event API,https://a.espncdn.com/i/teamlogos/soccer/500/607.png,https://a.espncdn.com/i/teamlogos/soccer/500/3153.png,,
2026-09-13,Eliteserien,Bodo/Glimt,Sandefjord,,,,ESPN public event API,Waiting for odds,https://site.api.espn.com/apis/site/v2/sports/soccer/nor.1/scoreboard?dates=20260513-20261123&limit=300,,401843435,2026-09-13T15:00Z,ESPN public event API,https://a.espncdn.com/i/teamlogos/soccer/500/2980.png,https://a.espncdn.com/i/teamlogos/soccer/500/3279.png,7-1-2,4-2-4
2026-09-13,Eliteserien,Fredrikstad,Sarpsborg FK,,,,ESPN public event API,Waiting for odds,https://site.api.espn.com/apis/site/v2/sports/soccer/nor.1/scoreboard?dates=20260513-20261123&limit=300,,401843436,2026-09-13T17:15Z,ESPN public event API,https://a.espncdn.com/i/teamlogos/soccer/500/3039.png,https://a.espncdn.com/i/teamlogos/soccer/500/5002.png,3-2-5,3-2-5
2026-09-13,Eliteserien,Hamarkameratene,Molde,,,,ESPN public event API,Waiting for odds,https://site.api.espn.com/apis/site/v2/sports/soccer/nor.1/scoreboard?dates=20260513-20261123&limit=300,,401843442,2026-09-13T15:00Z,ESPN public event API,https://a.espncdn.com/i/teamlogos/soccer/500/21380.png,https://a.espncdn.com/i/teamlogos/soccer/500/2715.png,5-1-3,5-1-4
2026-09-13,Eliteserien,IK Start,SK Brann,,,,ESPN public event API,Waiting for odds,https://site.api.espn.com/apis/site/v2/sports/soccer/nor.1/scoreboard?dates=20260513-20261123&limit=300,,401843438,2026-09-13T15:00Z,ESPN public event API,,https://a.espncdn.com/i/teamlogos/soccer/500/620.png,1-4-6,4-1-6
2026-09-13,Eliteserien,KFUM Oslo,Aalesund,,,,ESPN public event API,Waiting for odds,https://site.api.espn.com/apis/site/v2/sports/soccer/nor.1/scoreboard?dates=20260513-20261123&limit=300,,401843441,2026-09-13T15:00Z,ESPN public event API,https://a.espncdn.com/i/teamlogos/soccer/500/22165.png,https://a.espncdn.com/i/teamlogos/soccer/500/3278.png,3-2-5,2-4-4
2026-09-13,Eliteserien,Viking FK,Kristiansund BK,,,,ESPN public event API,Waiting for odds,https://site.api.espn.com/apis/site/v2/sports/soccer/nor.1/scoreboard?dates=20260513-20261123&limit=300,,401843437,2026-09-13T12:30Z,ESPN public event API,https://a.espncdn.com/i/teamlogos/soccer/500/510.png,https://a.espncdn.com/i/teamlogos/soccer/500/6672.png,9-0-1,3-2-5
2026-09-13,Eredivisie,Excelsior,FC Utrecht,,,,ESPN public event API,Waiting for odds,https://site.api.espn.com/apis/site/v2/sports/soccer/ned.1/scoreboard?dates=20260528-20261208&limit=300,,401875606,2026-09-13T10:15Z,ESPN public event API,https://a.espncdn.com/i/teamlogos/soccer/500/2566.png,https://a.espncdn.com/i/teamlogos/soccer/500/153.png,0-0-0,0-0-0
2026-09-13,Eredivisie,PEC Zwolle,Feyenoord Rotterdam,,,,ESPN public event API,Waiting for odds,https://site.api.espn.com/apis/site/v2/sports/soccer/ned.1/scoreboard?dates=20260528-20261208&limit=300,,401875603,2026-09-13T14:45Z,ESPN public event API,https://a.espncdn.com/i/teamlogos/soccer/500/2565.png,https://a.espncdn.com/i/teamlogos/soccer/500/142.png,0-0-0,0-0-0
2026-09-13,Eredivisie,PSV Eindhoven,Sparta Rotterdam,,,,ESPN public event API,Waiting for odds,https://site.api.espn.com/apis/site/v2/sports/soccer/ned.1/scoreboard?dates=20260528-20261208&limit=300,,401875605,2026-09-13T12:30Z,ESPN public event API,https://a.espncdn.com/i/teamlogos/soccer/500/148.png,https://a.espncdn.com/i/teamlogos/soccer/500/151.png,0-0-0,0-0-0
2026-09-13,Eredivisie,SC Cambuur,NEC Nijmegen,,,,ESPN public event API,Waiting for odds,https://site.api.espn.com/apis/site/v2/sports/soccer/ned.1/scoreboard?dates=20260528-20261208&limit=300,,401875604,2026-09-13T12:30Z,ESPN public event API,https://a.espncdn.com/i/teamlogos/soccer/500/3736.png,https://a.espncdn.com/i/teamlogos/soccer/500/147.png,0-0-0,0-0-0
2026-09-13,Serie A,Atalanta,Cagliari,,,,ESPN public event API,Waiting for odds,https://site.api.espn.com/apis/site/v2/sports/soccer/ita.1/scoreboard?dates=20260526-20261206&limit=300,,401874979,2026-09-13T18:00Z,ESPN public event API,https://a.espncdn.com/i/teamlogos/soccer/500/105.png,https://a.espncdn.com/i/teamlogos/soccer/500/2925.png,0-0-0,0-0-0
2026-09-13,Serie A,Como,Parma,,,,ESPN public event API,Waiting for odds,https://site.api.espn.com/apis/site/v2/sports/soccer/ita.1/scoreboard?dates=20260526-20261206&limit=300,,401874933,2026-09-13T18:00Z,ESPN public event API,https://a.espncdn.com/i/teamlogos/soccer/500/2572.png,https://a.espncdn.com/i/teamlogos/soccer/500/115.png,0-0-0,0-0-0
2026-09-13,Serie A,Genoa,Frosinone,,,,ESPN public event API,Waiting for odds,https://site.api.espn.com/apis/site/v2/sports/soccer/ita.1/scoreboard?dates=20260526-20261206&limit=300,,401874991,2026-09-13T18:00Z,ESPN public event API,https://a.espncdn.com/i/teamlogos/soccer/500/3263.png,https://a.espncdn.com/i/teamlogos/soccer/500/4057.png,0-0-0,0-0-0
2026-09-13,Serie A,Inter Milan,Udinese,,,,ESPN public event API,Waiting for odds,https://site.api.espn.com/apis/site/v2/sports/soccer/ita.1/scoreboard?dates=20260526-20261206&limit=300,,401874966,2026-09-13T18:00Z,ESPN public event API,https://a.espncdn.com/i/teamlogos/soccer/500/110.png,https://a.espncdn.com/i/teamlogos/soccer/500/118.png,0-0-0,0-0-0
2026-09-13,Serie A,Lazio,AC Milan,,,,ESPN public event API,Waiting for odds,https://site.api.espn.com/apis/site/v2/sports/soccer/ita.1/scoreboard?dates=20260526-20261206&limit=300,,401874941,2026-09-13T18:00Z,ESPN public event API,https://a.espncdn.com/i/teamlogos/soccer/500/112.png,https://a.espncdn.com/i/teamlogos/soccer/500/103.png,0-0-0,0-0-0
2026-09-13,Serie A,Lecce,Monza,,,,ESPN public event API,Waiting for odds,https://site.api.espn.com/apis/site/v2/sports/soccer/ita.1/scoreboard?dates=20260526-20261206&limit=300,,401874936,2026-09-13T18:00Z,ESPN public event API,https://a.espncdn.com/i/teamlogos/soccer/500/113.png,https://a.espncdn.com/i/teamlogos/soccer/500/4007.png,0-0-0,0-0-0
2026-09-13,Serie A,Napoli,Bologna,,,,ESPN public event API,Waiting for odds,https://site.api.espn.com/apis/site/v2/sports/soccer/ita.1/scoreboard?dates=20260526-20261206&limit=300,,401874792,2026-09-13T18:00Z,ESPN public event API,https://a.espncdn.com/i/teamlogos/soccer/500/114.png,https://a.espncdn.com/i/teamlogos/soccer/500/107.png,0-0-0,0-0-0
2026-09-13,Serie A,Sassuolo,Juventus,,,,ESPN public event API,Waiting for odds,https://site.api.espn.com/apis/site/v2/sports/soccer/ita.1/scoreboard?dates=20260526-20261206&limit=300,,401874750,2026-09-13T18:00Z,ESPN public event API,https://a.espncdn.com/i/teamlogos/soccer/500/3997.png,https://a.espncdn.com/i/teamlogos/soccer/500/111.png,0-0-0,0-0-0
2026-09-13,Serie A,Torino,AS Roma,,,,ESPN public event API,Waiting for odds,https://site.api.espn.com/apis/site/v2/sports/soccer/ita.1/scoreboard?dates=20260526-20261206&limit=300,,401874950,2026-09-13T18:00Z,ESPN public event API,https://a.espncdn.com/i/teamlogos/soccer/500/239.png,https://a.espncdn.com/i/teamlogos/soccer/500/104.png,0-0-0,0-0-0
2026-09-13,Serie A,Venezia,Fiorentina,,,,ESPN public event API,Waiting for odds,https://site.api.espn.com/apis/site/v2/sports/soccer/ita.1/scoreboard?dates=20260526-20261206&limit=300,,401874759,2026-09-13T18:00Z,ESPN public event API,https://a.espncdn.com/i/teamlogos/soccer/500/17530.png,https://a.espncdn.com/i/teamlogos/soccer/500/109.png,0-0-0,0-0-0
2026-09-15,Eredivisie,Ajax Amsterdam,Willem II,,,,ESPN public event API,Waiting for odds,https://site.api.espn.com/apis/site/v2/sports/soccer/ned.1/scoreboard?dates=20260528-20261208&limit=300,,401875602,2026-09-15T18:00Z,ESPN public event API,https://a.espncdn.com/i/teamlogos/soccer/500/139.png,https://a.espncdn.com/i/teamlogos/soccer/500/156.png,0-0-0,0-0-0
2026-09-16,Allsvenskan,AIK,Mjällby AIF,,,,ESPN public event API,Waiting for odds,https://site.api.espn.com/apis/site/v2/sports/soccer/swe.1/scoreboard?dates=20260513-20261123&limit=300,,401874083,2026-09-16T17:00Z,ESPN public event API,https://a.espncdn.com/i/teamlogos/soccer/500/994.png,https://a.espncdn.com/i/teamlogos/soccer/500/20301.png,3-3-3,4-3-3
2026-09-18,Belgian Pro League,KAA Gent,Standard Liege,,,,ESPN public event API,Waiting for odds,https://site.api.espn.com/apis/site/v2/sports/soccer/bel.1/scoreboard?dates=20260610-20261221&limit=300,,401878987,2026-09-18T18:45Z,ESPN public event API,https://a.espncdn.com/i/teamlogos/soccer/500/3611.png,https://a.espncdn.com/i/teamlogos/soccer/500/559.png,0-0-0,0-0-0
2026-09-18,Eliteserien,Sarpsborg FK,KFUM Oslo,,,,ESPN public event API,Waiting for odds,https://site.api.espn.com/apis/site/v2/sports/soccer/nor.1/scoreboard?dates=20260513-20261123&limit=300,,401873932,2026-09-18T17:00Z,ESPN public event API,https://a.espncdn.com/i/teamlogos/soccer/500/5002.png,https://a.espncdn.com/i/teamlogos/soccer/500/22165.png,3-2-5,3-2-5
2026-09-18,Eredivisie,Sparta Rotterdam,Heerenveen,,,,ESPN public event API,Waiting for odds,https://site.api.espn.com/apis/site/v2/sports/soccer/ned.1/scoreboard?dates=20260528-20261208&limit=300,,401875601,2026-09-18T18:00Z,ESPN public event API,https://a.espncdn.com/i/teamlogos/soccer/500/151.png,https://a.espncdn.com/i/teamlogos/soccer/500/146.png,0-0-0,0-0-0
2026-09-19,Allsvenskan,IF Brommapojkarna,IFK Göteborg,,,,ESPN public event API,Waiting for odds,https://site.api.espn.com/apis/site/v2/sports/soccer/swe.1/scoreboard?dates=20260513-20261123&limit=300,,401842826,2026-09-19T13:00Z,ESPN public event API,https://a.espncdn.com/i/teamlogos/soccer/500/8221.png,https://a.espncdn.com/i/teamlogos/soccer/500/2556.png,4-2-3,1-4-4
2026-09-19,Allsvenskan,Örgryte IS,IK Sirius,,,,ESPN public event API,Waiting for odds,https://site.api.espn.com/apis/site/v2/sports/soccer/swe.1/scoreboard?dates=20260513-20261123&limit=300,,401842833,2026-09-19T15:30Z,ESPN public event API,https://a.espncdn.com/i/teamlogos/soccer/500/131552.png,https://a.espncdn.com/i/teamlogos/soccer/500/8547.png,1-2-6,8-1-0
2026-09-19,Allsvenskan,Västerås SK,Malmö FF,,,,ESPN public event API,Waiting for odds,https://site.api.espn.com/apis/site/v2/sports/soccer/swe.1/scoreboard?dates=20260513-20261123&limit=300,,401842829,2026-09-19T13:00Z,ESPN public event API,https://a.espncdn.com/i/teamlogos/soccer/500/22163.png,https://a.espncdn.com/i/teamlogos/soccer/500/2720.png,3-3-3,3-1-5
2026-09-19,Belgian Pro League,Anderlecht,Zulte-Waregem,,,,ESPN public event API,Waiting for odds,https://site.api.espn.com/apis/site/v2/sports/soccer/bel.1/scoreboard?dates=20260610-20261221&limit=300,,401878984,2026-09-19T18:45Z,ESPN public event API,https://a.espncdn.com/i/teamlogos/soccer/500/441.png,https://a.espncdn.com/i/teamlogos/soccer/500/4691.png,0-0-0,0-0-0
2026-09-19,Belgian Pro League,Lommel SK,KV Mechelen,,,,ESPN public event API,Waiting for odds,https://site.api.espn.com/apis/site/v2/sports/soccer/bel.1/scoreboard?dates=20260610-20261221&limit=300,,401878983,2026-09-19T18:45Z,ESPN public event API,,https://a.espncdn.com/i/teamlogos/soccer/500/7879.png,0-0-0,0-0-0
2026-09-19,Belgian Pro League,OH Leuven,RAAL La Louvière,,,,ESPN public event API,Waiting for odds,https://site.api.espn.com/apis/site/v2/sports/soccer/bel.1/scoreboard?dates=20260610-20261221&limit=300,,401878986,2026-09-19T14:00Z,ESPN public event API,https://a.espncdn.com/i/teamlogos/soccer/500/5579.png,https://a.espncdn.com/i/teamlogos/soccer/500/131235.png,0-0-0,0-0-0
2026-09-19,Belgian Pro League,Royal Charleroi SC,Cercle Brugge KSV,,,,ESPN public event API,Waiting for odds,https://site.api.espn.com/apis/site/v2/sports/soccer/bel.1/scoreboard?dates=20260610-20261221&limit=300,,401878985,2026-09-19T16:15Z,ESPN public event API,https://a.espncdn.com/i/teamlogos/soccer/500/3616.png,https://a.espncdn.com/i/teamlogos/soccer/500/3610.png,0-0-0,0-0-0
2026-09-19,Eliteserien,Kristiansund BK,Rosenborg,,,,ESPN public event API,Waiting for odds,https://site.api.espn.com/apis/site/v2/sports/soccer/nor.1/scoreboard?dates=20260513-20261123&limit=300,,401873922,2026-09-19T14:00Z,ESPN public event API,https://a.espncdn.com/i/teamlogos/soccer/500/6672.png,https://a.espncdn.com/i/teamlogos/soccer/500/438.png,3-2-5,2-2-6
2026-09-19,Eliteserien,Molde,Aalesund,,,,ESPN public event API,Waiting for odds,https://site.api.espn.com/apis/site/v2/sports/soccer/nor.1/scoreboard?dates=20260513-20261123&limit=300,,401873903,2026-09-19T16:00Z,ESPN public event API,https://a.espncdn.com/i/teamlogos/soccer/500/2715.png,https://a.espncdn.com/i/teamlogos/soccer/500/3278.png,5-1-4,2-4-4
2026-09-19,EPL,Bournemouth,Liverpool,,,,ESPN public event API,Waiting for odds,https://site.api.espn.com/apis/site/v2/sports/soccer/eng.1/scoreboard?dates=20260610-20261221&limit=300,,401879276,2026-09-19T14:00Z,ESPN public event API,https://a.espncdn.com/i/teamlogos/soccer/500/349.png,https://a.espncdn.com/i/teamlogos/soccer/500/364.png,0-0-0,0-0-0
2026-09-19,EPL,Brentford,Chelsea,,,,ESPN public event API,Waiting for odds,https://site.api.espn.com/apis/site/v2/sports/soccer/eng.1/scoreboard?dates=20260610-20261221&limit=300,,401879275,2026-09-19T14:00Z,ESPN public event API,https://a.espncdn.com/i/teamlogos/soccer/500/337.png,https://a.espncdn.com/i/teamlogos/soccer/500/363.png,0-0-0,0-0-0
2026-09-19,EPL,Brighton,Arsenal,,,,ESPN public event API,Waiting for odds,https://site.api.espn.com/apis/site/v2/sports/soccer/eng.1/scoreboard?dates=20260610-20261221&limit=300,,401879274,2026-09-19T14:00Z,ESPN public event API,https://a.espncdn.com/i/teamlogos/soccer/500/331.png,https://a.espncdn.com/i/teamlogos/soccer/500/359.png,0-0-0,0-0-0
2026-09-19,EPL,Everton,Ipswich Town,,,,ESPN public event API,Waiting for odds,https://site.api.espn.com/apis/site/v2/sports/soccer/eng.1/scoreboard?dates=20260610-20261221&limit=300,,401878778,2026-09-19T14:00Z,ESPN public event API,https://a.espncdn.com/i/teamlogos/soccer/500/368.png,https://a.espncdn.com/i/teamlogos/soccer/500/373.png,0-0-0,0-0-0
2026-09-19,EPL,Fulham,Man United,,,,ESPN public event API,Waiting for odds,https://site.api.espn.com/apis/site/v2/sports/soccer/eng.1/scoreboard?dates=20260610-20261221&limit=300,,401878777,2026-09-19T14:00Z,ESPN public event API,https://a.espncdn.com/i/teamlogos/soccer/500/370.png,https://a.espncdn.com/i/teamlogos/soccer/500/360.png,0-0-0,0-0-0
2026-09-19,EPL,Leeds United,Crystal Palace,,,,ESPN public event API,Waiting for odds,https://site.api.espn.com/apis/site/v2/sports/soccer/eng.1/scoreboard?dates=20260610-20261221&limit=300,,401879273,2026-09-19T14:00Z,ESPN public event API,https://a.espncdn.com/i/teamlogos/soccer/500/357.png,https://a.espncdn.com/i/teamlogos/soccer/500/384.png,0-0-0,0-0-0
2026-09-19,EPL,Man City,Sunderland,,,,ESPN public event API,Waiting for odds,https://site.api.espn.com/apis/site/v2/sports/soccer/eng.1/scoreboard?dates=20260610-20261221&limit=300,,401879272,2026-09-19T14:00Z,ESPN public event API,https://a.espncdn.com/i/teamlogos/soccer/500/382.png,https://a.espncdn.com/i/teamlogos/soccer/500/366.png,0-0-0,0-0-0
2026-09-19,EPL,Newcastle United,Hull City,,,,ESPN public event API,Waiting for odds,https://site.api.espn.com/apis/site/v2/sports/soccer/eng.1/scoreboard?dates=20260610-20261221&limit=300,,401879271,2026-09-19T14:00Z,ESPN public event API,https://a.espncdn.com/i/teamlogos/soccer/500/361.png,https://a.espncdn.com/i/teamlogos/soccer/500/306.png,0-0-0,0-0-0
2026-09-19,EPL,Nott'm Forest,Coventry City,,,,ESPN public event API,Waiting for odds,https://site.api.espn.com/apis/site/v2/sports/soccer/eng.1/scoreboard?dates=20260610-20261221&limit=300,,401879270,2026-09-19T14:00Z,ESPN public event API,https://a.espncdn.com/i/teamlogos/soccer/500/393.png,https://a.espncdn.com/i/teamlogos/soccer/500/388.png,0-0-0,0-0-0
2026-09-19,EPL,Tottenham,Aston Villa,,,,ESPN public event API,Waiting for odds,https://site.api.espn.com/apis/site/v2/sports/soccer/eng.1/scoreboard?dates=20260610-20261221&limit=300,,401879269,2026-09-19T14:00Z,ESPN public event API,https://a.espncdn.com/i/teamlogos/soccer/500/367.png,https://a.espncdn.com/i/teamlogos/soccer/500/362.png,0-0-0,0-0-0
2026-09-19,Eredivisie,ADO Den Haag,SC Cambuur,,,,ESPN public event API,Waiting for odds,https://site.api.espn.com/apis/site/v2/sports/soccer/ned.1/scoreboard?dates=20260528-20261208&limit=300,,401875600,2026-09-19T14:30Z,ESPN public event API,https://a.espncdn.com/i/teamlogos/soccer/500/2726.png,https://a.espncdn.com/i/teamlogos/soccer/500/3736.png,0-0-0,0-0-0
2026-09-19,Eredivisie,Ajax Amsterdam,Excelsior,,,,ESPN public event API,Waiting for odds,https://site.api.espn.com/apis/site/v2/sports/soccer/ned.1/scoreboard?dates=20260528-20261208&limit=300,,401875598,2026-09-19T18:00Z,ESPN public event API,https://a.espncdn.com/i/teamlogos/soccer/500/139.png,https://a.espncdn.com/i/teamlogos/soccer/500/2566.png,0-0-0,0-0-0
2026-09-19,Eredivisie,FC Groningen,PEC Zwolle,,,,ESPN public event API,Waiting for odds,https://site.api.espn.com/apis/site/v2/sports/soccer/ned.1/scoreboard?dates=20260528-20261208&limit=300,,401875599,2026-09-19T16:45Z,ESPN public event API,https://a.espncdn.com/i/teamlogos/soccer/500/145.png,https://a.espncdn.com/i/teamlogos/soccer/500/2565.png,0-0-0,0-0-0
2026-09-19,Eredivisie,Willem II,Fortuna Sittard,,,,ESPN public event API,Waiting for odds,https://site.api.espn.com/apis/site/v2/sports/soccer/ned.1/scoreboard?dates=20260528-20261208&limit=300,,401875597,2026-09-19T19:00Z,ESPN public event API,https://a.espncdn.com/i/teamlogos/soccer/500/156.png,https://a.espncdn.com/i/teamlogos/soccer/500/143.png,0-0-0,0-0-0
2026-09-19,Ligue 1,AJ Auxerre,Brest,,,,ESPN public event API,Waiting for odds,https://site.api.espn.com/apis/site/v2/sports/soccer/fra.1/scoreboard?dates=20260528-20261208&limit=300,,401876456,2026-09-19T18:00Z,ESPN public event API,https://a.espncdn.com/i/teamlogos/soccer/500/172.png,https://a.espncdn.com/i/teamlogos/soccer/500/6997.png,0-0-0,0-0-0
2026-09-19,Ligue 1,Angers,Troyes,,,,ESPN public event API,Waiting for odds,https://site.api.espn.com/apis/site/v2/sports/soccer/fra.1/scoreboard?dates=20260528-20261208&limit=300,,401876457,2026-09-19T18:00Z,ESPN public event API,https://a.espncdn.com/i/teamlogos/soccer/500/7868.png,https://a.espncdn.com/i/teamlogos/soccer/500/170.png,0-0-0,0-0-0
2026-09-19,Ligue 1,AS Monaco,Lens,,,,ESPN public event API,Waiting for odds,https://site.api.espn.com/apis/site/v2/sports/soccer/fra.1/scoreboard?dates=20260528-20261208&limit=300,,401876453,2026-09-19T18:00Z,ESPN public event API,https://a.espncdn.com/i/teamlogos/soccer/500/174.png,https://a.espncdn.com/i/teamlogos/soccer/500/175.png,0-0-0,0-0-0
2026-09-19,Ligue 1,Le Mans,Lorient,,,,ESPN public event API,Waiting for odds,https://site.api.espn.com/apis/site/v2/sports/soccer/fra.1/scoreboard?dates=20260528-20261208&limit=300,,401876455,2026-09-19T18:00Z,ESPN public event API,https://a.espncdn.com/i/teamlogos/soccer/500/2697.png,https://a.espncdn.com/i/teamlogos/soccer/500/273.png,0-0-0,0-0-0
2026-09-19,Ligue 1,Lyon,Stade Rennais,,,,ESPN public event API,Waiting for odds,https://site.api.espn.com/apis/site/v2/sports/soccer/fra.1/scoreboard?dates=20260528-20261208&limit=300,,401876454,2026-09-19T18:00Z,ESPN public event API,https://a.espncdn.com/i/teamlogos/soccer/500/167.png,https://a.espncdn.com/i/teamlogos/soccer/500/169.png,0-0-0,0-0-0
2026-09-19,Ligue 1,Nice,Lille,,,,ESPN public event API,Waiting for odds,https://site.api.espn.com/apis/site/v2/sports/soccer/fra.1/scoreboard?dates=20260528-20261208&limit=300,,401876452,2026-09-19T18:00Z,ESPN public event API,https://a.espncdn.com/i/teamlogos/soccer/500/2502.png,https://a.espncdn.com/i/teamlogos/soccer/500/166.png,0-0-0,0-0-0
2026-09-19,Ligue 1,Paris FC,Strasbourg,,,,ESPN public event API,Waiting for odds,https://site.api.espn.com/apis/site/v2/sports/soccer/fra.1/scoreboard?dates=20260528-20261208&limit=300,,401876451,2026-09-19T18:00Z,ESPN public event API,https://a.espncdn.com/i/teamlogos/soccer/500/6851.png,https://a.espncdn.com/i/teamlogos/soccer/500/180.png,0-0-0,0-0-0
2026-09-19,Ligue 1,Toulouse,Le Havre AC,,,,ESPN public event API,Waiting for odds,https://site.api.espn.com/apis/site/v2/sports/soccer/fra.1/scoreboard?dates=20260528-20261208&limit=300,,401876450,2026-09-19T18:00Z,ESPN public event API,https://a.espncdn.com/i/teamlogos/soccer/500/179.png,https://a.espncdn.com/i/teamlogos/soccer/500/3236.png,0-0-0,0-0-0
2026-09-19,Scottish Premiership,Dundee,Motherwell,,,,ESPN public event API,Waiting for odds,https://site.api.espn.com/apis/site/v2/sports/soccer/sco.1/scoreboard?dates=20260610-20261221&limit=300,,401878380,2026-09-19T14:00Z,ESPN public event API,https://a.espncdn.com/i/teamlogos/soccer/500/261.png,https://a.espncdn.com/i/teamlogos/soccer/500/266.png,0-0-0,0-0-0
2026-09-19,Scottish Premiership,Hibernian,Aberdeen,,,,ESPN public event API,Waiting for odds,https://site.api.espn.com/apis/site/v2/sports/soccer/sco.1/scoreboard?dates=20260610-20261221&limit=300,,401878379,2026-09-19T14:00Z,ESPN public event API,https://a.espncdn.com/i/teamlogos/soccer/500/258.png,https://a.espncdn.com/i/teamlogos/soccer/500/263.png,0-0-0,0-0-0
2026-09-19,Scottish Premiership,Kilmarnock,Heart of Midlothian,,,,ESPN public event API,Waiting for odds,https://site.api.espn.com/apis/site/v2/sports/soccer/sco.1/scoreboard?dates=20260610-20261221&limit=300,,401878378,2026-09-19T14:00Z,ESPN public event API,https://a.espncdn.com/i/teamlogos/soccer/500/260.png,https://a.espncdn.com/i/teamlogos/soccer/500/262.png,0-0-0,0-0-0
2026-09-19,Scottish Premiership,St Johnstone,Falkirk,,,,ESPN public event API,Waiting for odds,https://site.api.espn.com/apis/site/v2/sports/soccer/sco.1/scoreboard?dates=20260610-20261221&limit=300,,401878377,2026-09-19T14:00Z,ESPN public event API,https://a.espncdn.com/i/teamlogos/soccer/500/267.png,https://a.espncdn.com/i/teamlogos/soccer/500/254.png,0-0-0,0-0-0
2026-09-19,Scottish Premiership,St Mirren,Dundee United,,,,ESPN public event API,Waiting for odds,https://site.api.espn.com/apis/site/v2/sports/soccer/sco.1/scoreboard?dates=20260610-20261221&limit=300,,401878376,2026-09-19T14:00Z,ESPN public event API,https://a.espncdn.com/i/teamlogos/soccer/500/250.png,https://a.espncdn.com/i/teamlogos/soccer/500/264.png,0-0-0,0-0-0
2026-09-20,Allsvenskan,Degerfors IF,Hammarby IF,,,,ESPN public event API,Waiting for odds,https://site.api.espn.com/apis/site/v2/sports/soccer/swe.1/scoreboard?dates=20260513-20261123&limit=300,,401842827,2026-09-20T14:30Z,ESPN public event API,https://a.espncdn.com/i/teamlogos/soccer/500/20856.png,https://a.espncdn.com/i/teamlogos/soccer/500/2495.png,2-3-4,5-2-3
2026-09-20,Allsvenskan,Djurgården,IF Elfsborg,,,,ESPN public event API,Waiting for odds,https://site.api.espn.com/apis/site/v2/sports/soccer/swe.1/scoreboard?dates=20260513-20261123&limit=300,,401842828,2026-09-20T12:00Z,ESPN public event API,https://a.espncdn.com/i/teamlogos/soccer/500/2339.png,https://a.espncdn.com/i/teamlogos/soccer/500/529.png,4-1-4,4-5-1
2026-09-20,Allsvenskan,Halmstads BK,AIK,,,,ESPN public event API,Waiting for odds,https://site.api.espn.com/apis/site/v2/sports/soccer/swe.1/scoreboard?dates=20260513-20261123&limit=300,,401842832,2026-09-20T12:00Z,ESPN public event API,https://a.espncdn.com/i/teamlogos/soccer/500/3017.png,https://a.espncdn.com/i/teamlogos/soccer/500/994.png,1-3-5,3-3-3
2026-09-20,Allsvenskan,Kalmar FF,BK Häcken,,,,ESPN public event API,Waiting for odds,https://site.api.espn.com/apis/site/v2/sports/soccer/swe.1/scoreboard?dates=20260513-20261123&limit=300,,401842831,2026-09-20T12:00Z,ESPN public event API,https://a.espncdn.com/i/teamlogos/soccer/500/3052.png,https://a.espncdn.com/i/teamlogos/soccer/500/7834.png,3-1-5,4-5-0
2026-09-20,Allsvenskan,Mjällby AIF,GAIS,,,,ESPN public event API,Waiting for odds,https://site.api.espn.com/apis/site/v2/sports/soccer/swe.1/scoreboard?dates=20260513-20261123&limit=300,,401842830,2026-09-20T14:30Z,ESPN public event API,https://a.espncdn.com/i/teamlogos/soccer/500/20301.png,https://a.espncdn.com/i/teamlogos/soccer/500/8222.png,4-3-3,3-3-4
2026-09-20,Belgian Pro League,Antwerp,Union St.-Gilloise,,,,ESPN public event API,Waiting for odds,https://site.api.espn.com/apis/site/v2/sports/soccer/bel.1/scoreboard?dates=20260610-20261221&limit=300,,401878982,2026-09-20T11:30Z,ESPN public event API,https://a.espncdn.com/i/teamlogos/soccer/500/17544.png,https://a.espncdn.com/i/teamlogos/soccer/500/5807.png,0-0-0,0-0-0
2026-09-20,Belgian Pro League,Club Brugge,Racing Genk,,,,ESPN public event API,Waiting for odds,https://site.api.espn.com/apis/site/v2/sports/soccer/bel.1/scoreboard?dates=20260610-20261221&limit=300,,401878980,2026-09-20T16:30Z,ESPN public event API,https://a.espncdn.com/i/teamlogos/soccer/500/570.png,https://a.espncdn.com/i/teamlogos/soccer/500/938.png,0-0-0,0-0-0
2026-09-20,Belgian Pro League,KV Kortrijk,Waasland-Beveren,,,,ESPN public event API,Waiting for odds,https://site.api.espn.com/apis/site/v2/sports/soccer/bel.1/scoreboard?dates=20260610-20261221&limit=300,,401878979,2026-09-20T17:15Z,ESPN public event API,https://a.espncdn.com/i/teamlogos/soccer/500/5786.png,https://a.espncdn.com/i/teamlogos/soccer/500/13450.png,0-0-0,0-0-0
2026-09-20,Belgian Pro League,Sint-Truidense,KVC Westerlo,,,,ESPN public event API,Waiting for odds,https://site.api.espn.com/apis/site/v2/sports/soccer/bel.1/scoreboard?dates=20260610-20261221&limit=300,,401878981,2026-09-20T14:00Z,ESPN public event API,https://a.espncdn.com/i/teamlogos/soccer/500/936.png,https://a.espncdn.com/i/teamlogos/soccer/500/606.png,0-0-0,0-0-0
2026-09-20,Danish Superliga,AC Horsens,AGF,,,,ESPN public event API,Waiting for odds,https://site.api.espn.com/apis/site/v2/sports/soccer/den.1/scoreboard?dates=20260521-20261201&limit=300,,401874529,2026-09-20T18:00Z,ESPN public event API,https://a.espncdn.com/i/teamlogos/soccer/500/3585.png,https://a.espncdn.com/i/teamlogos/soccer/500/7853.png,,
2026-09-20,Danish Superliga,Brøndby IF,F.C. København,,,,ESPN public event API,Waiting for odds,https://site.api.espn.com/apis/site/v2/sports/soccer/den.1/scoreboard?dates=20260521-20261201&limit=300,,401874554,2026-09-20T18:00Z,ESPN public event API,https://a.espncdn.com/i/teamlogos/soccer/500/575.png,https://a.espncdn.com/i/teamlogos/soccer/500/909.png,,
2026-09-20,Danish Superliga,Lyngby Boldklub,Silkeborg IF,,,,ESPN public event API,Waiting for odds,https://site.api.espn.com/apis/site/v2/sports/soccer/den.1/scoreboard?dates=20260521-20261201&limit=300,,401874503,2026-09-20T18:00Z,ESPN public event API,https://a.espncdn.com/i/teamlogos/soccer/500/7860.png,https://a.espncdn.com/i/teamlogos/soccer/500/607.png,,
2026-09-20,Danish Superliga,Odense Boldklub,FC Midtjylland,,,,ESPN public event API,Waiting for odds,https://site.api.espn.com/apis/site/v2/sports/soccer/den.1/scoreboard?dates=20260521-20261201&limit=300,,401874536,2026-09-20T18:00Z,ESPN public event API,https://a.espncdn.com/i/teamlogos/soccer/500/11550.png,https://a.espncdn.com/i/teamlogos/soccer/500/572.png,,
2026-09-20,Danish Superliga,Sønderjyske Fodbold,Randers FC,,,,ESPN public event API,Waiting for odds,https://site.api.espn.com/apis/site/v2/sports/soccer/den.1/scoreboard?dates=20260521-20261201&limit=300,,401874534,2026-09-20T18:00Z,ESPN public event API,https://a.espncdn.com/i/teamlogos/soccer/500/8118.png,https://a.espncdn.com/i/teamlogos/soccer/500/3132.png,,
2026-09-20,Danish Superliga,Viborg FF,FC Nordsjælland,,,,ESPN public event API,Waiting for odds,https://site.api.espn.com/apis/site/v2/sports/soccer/den.1/scoreboard?dates=20260521-20261201&limit=300,,401874495,2026-09-20T18:00Z,ESPN public event API,https://a.espncdn.com/i/teamlogos/soccer/500/3153.png,https://a.espncdn.com/i/teamlogos/soccer/500/3101.png,,
2026-09-20,Eliteserien,Sandefjord,IK Start,,,,ESPN public event API,Waiting for odds,https://site.api.espn.com/apis/site/v2/sports/soccer/nor.1/scoreboard?dates=20260513-20261123&limit=300,,401843447,2026-09-20T15:00Z,ESPN public event API,https://a.espncdn.com/i/teamlogos/soccer/500/3279.png,,4-2-4,1-4-6
2026-09-20,Eliteserien,SK Brann,Bodo/Glimt,,,,ESPN public event API,Waiting for odds,https://site.api.espn.com/apis/site/v2/sports/soccer/nor.1/scoreboard?dates=20260513-20261123&limit=300,,401843443,2026-09-20T17:15Z,ESPN public event API,https://a.espncdn.com/i/teamlogos/soccer/500/620.png,https://a.espncdn.com/i/teamlogos/soccer/500/2980.png,4-1-6,7-1-2
2026-09-20,Eliteserien,Tromso,Hamarkameratene,,,,ESPN public event API,Waiting for odds,https://site.api.espn.com/apis/site/v2/sports/soccer/nor.1/scoreboard?dates=20260513-20261123&limit=300,,401843445,2026-09-20T15:00Z,ESPN public event API,https://a.espncdn.com/i/teamlogos/soccer/500/5270.png,https://a.espncdn.com/i/teamlogos/soccer/500/21380.png,7-3-2,5-1-3
2026-09-20,Eliteserien,Vålerenga,Fredrikstad,,,,ESPN public event API,Waiting for odds,https://site.api.espn.com/apis/site/v2/sports/soccer/nor.1/scoreboard?dates=20260513-20261123&limit=300,,401843450,2026-09-20T12:30Z,ESPN public event API,https://a.espncdn.com/i/teamlogos/soccer/500/2791.png,https://a.espncdn.com/i/teamlogos/soccer/500/3039.png,3-2-5,3-2-5
2026-09-20,Eliteserien,Viking FK,Lillestrom,,,,ESPN public event API,Waiting for odds,https://site.api.espn.com/apis/site/v2/sports/soccer/nor.1/scoreboard?dates=20260513-20261123&limit=300,,401843444,2026-09-20T15:00Z,ESPN public event API,https://a.espncdn.com/i/teamlogos/soccer/500/510.png,https://a.espncdn.com/i/teamlogos/soccer/500/987.png,9-0-1,6-1-4
2026-09-20,Eredivisie,AZ Alkmaar,Telstar,,,,ESPN public event API,Waiting for odds,https://site.api.espn.com/apis/site/v2/sports/soccer/ned.1/scoreboard?dates=20260528-20261208&limit=300,,401875595,2026-09-20T12:30Z,ESPN public event API,https://a.espncdn.com/i/teamlogos/soccer/500/140.png,https://a.espncdn.com/i/teamlogos/soccer/500/3735.png,0-0-0,0-0-0
2026-09-20,Eredivisie,FC Twente,PSV Eindhoven,,,,ESPN public event API,Waiting for odds,https://site.api.espn.com/apis/site/v2/sports/soccer/ned.1/scoreboard?dates=20260528-20261208&limit=300,,401875593,2026-09-20T14:45Z,ESPN public event API,https://a.espncdn.com/i/teamlogos/soccer/500/152.png,https://a.espncdn.com/i/teamlogos/soccer/500/148.png,0-0-0,0-0-0
2026-09-20,Eredivisie,Feyenoord Rotterdam,FC Utrecht,,,,ESPN public event API,Waiting for odds,https://site.api.espn.com/apis/site/v2/sports/soccer/ned.1/scoreboard?dates=20260528-20261208&limit=300,,401875596,2026-09-20T10:15Z,ESPN public event API,https://a.espncdn.com/i/teamlogos/soccer/500/142.png,https://a.espncdn.com/i/teamlogos/soccer/500/153.png,0-0-0,0-0-0
2026-09-20,Eredivisie,NEC Nijmegen,Go Ahead Eagles,,,,ESPN public event API,Waiting for odds,https://site.api.espn.com/apis/site/v2/sports/soccer/ned.1/scoreboard?dates=20260528-20261208&limit=300,,401875594,2026-09-20T12:30Z,ESPN public event API,https://a.espncdn.com/i/teamlogos/soccer/500/147.png,https://a.espncdn.com/i/teamlogos/soccer/500/3706.png,0-0-0,0-0-0
2026-09-20,Ligue 1,Marseille,Paris SG,,,,ESPN public event API,Waiting for odds,https://site.api.espn.com/apis/site/v2/sports/soccer/fra.1/scoreboard?dates=20260528-20261208&limit=300,,401876449,2026-09-20T18:45Z,ESPN public event API,https://a.espncdn.com/i/teamlogos/soccer/500/176.png,https://a.espncdn.com/i/teamlogos/soccer/500/160.png,0-0-0,0-0-0
2026-09-20,Scottish Premiership,Celtic,Rangers,,,,ESPN public event API,Waiting for odds,https://site.api.espn.com/apis/site/v2/sports/soccer/sco.1/scoreboard?dates=20260610-20261221&limit=300,,401878375,2026-09-20T11:00Z,ESPN public event API,https://a.espncdn.com/i/teamlogos/soccer/500/256.png,https://a.espncdn.com/i/teamlogos/soccer/500/257.png,0-0-0,0-0-0
2026-09-20,Serie A,AC Milan,Lecce,,,,ESPN public event API,Waiting for odds,https://site.api.espn.com/apis/site/v2/sports/soccer/ita.1/scoreboard?dates=20260526-20261206&limit=300,,401874944,2026-09-20T18:00Z,ESPN public event API,https://a.espncdn.com/i/teamlogos/soccer/500/103.png,https://a.espncdn.com/i/teamlogos/soccer/500/113.png,0-0-0,0-0-0
2026-09-20,Serie A,AS Roma,Inter Milan,,,,ESPN public event API,Waiting for odds,https://site.api.espn.com/apis/site/v2/sports/soccer/ita.1/scoreboard?dates=20260526-20261206&limit=300,,401874753,2026-09-20T18:00Z,ESPN public event API,https://a.espncdn.com/i/teamlogos/soccer/500/104.png,https://a.espncdn.com/i/teamlogos/soccer/500/110.png,0-0-0,0-0-0
2026-09-20,Serie A,Bologna,Torino,,,,ESPN public event API,Waiting for odds,https://site.api.espn.com/apis/site/v2/sports/soccer/ita.1/scoreboard?dates=20260526-20261206&limit=300,,401874767,2026-09-20T18:00Z,ESPN public event API,https://a.espncdn.com/i/teamlogos/soccer/500/107.png,https://a.espncdn.com/i/teamlogos/soccer/500/239.png,0-0-0,0-0-0
2026-09-20,Serie A,Fiorentina,Napoli,,,,ESPN public event API,Waiting for odds,https://site.api.espn.com/apis/site/v2/sports/soccer/ita.1/scoreboard?dates=20260526-20261206&limit=300,,401874934,2026-09-20T18:00Z,ESPN public event API,https://a.espncdn.com/i/teamlogos/soccer/500/109.png,https://a.espncdn.com/i/teamlogos/soccer/500/114.png,0-0-0,0-0-0
2026-09-20,Serie A,Frosinone,Como,,,,ESPN public event API,Waiting for odds,https://site.api.espn.com/apis/site/v2/sports/soccer/ita.1/scoreboard?dates=20260526-20261206&limit=300,,401874752,2026-09-20T18:00Z,ESPN public event API,https://a.espncdn.com/i/teamlogos/soccer/500/4057.png,https://a.espncdn.com/i/teamlogos/soccer/500/2572.png,0-0-0,0-0-0
2026-09-20,Serie A,Juventus,Atalanta,,,,ESPN public event API,Waiting for odds,https://site.api.espn.com/apis/site/v2/sports/soccer/ita.1/scoreboard?dates=20260526-20261206&limit=300,,401874757,2026-09-20T18:00Z,ESPN public event API,https://a.espncdn.com/i/teamlogos/soccer/500/111.png,https://a.espncdn.com/i/teamlogos/soccer/500/105.png,0-0-0,0-0-0
2026-09-20,Serie A,Monza,Sassuolo,,,,ESPN public event API,Waiting for odds,https://site.api.espn.com/apis/site/v2/sports/soccer/ita.1/scoreboard?dates=20260526-20261206&limit=300,,401874756,2026-09-20T18:00Z,ESPN public event API,https://a.espncdn.com/i/teamlogos/soccer/500/4007.png,https://a.espncdn.com/i/teamlogos/soccer/500/3997.png,0-0-0,0-0-0
2026-09-20,Serie A,Parma,Genoa,,,,ESPN public event API,Waiting for odds,https://site.api.espn.com/apis/site/v2/sports/soccer/ita.1/scoreboard?dates=20260526-20261206&limit=300,,401874801,2026-09-20T18:00Z,ESPN public event API,https://a.espncdn.com/i/teamlogos/soccer/500/115.png,https://a.espncdn.com/i/teamlogos/soccer/500/3263.png,0-0-0,0-0-0
2026-09-20,Serie A,Udinese,Cagliari,,,,ESPN public event API,Waiting for odds,https://site.api.espn.com/apis/site/v2/sports/soccer/ita.1/scoreboard?dates=20260526-20261206&limit=300,,401874964,2026-09-20T18:00Z,ESPN public event API,https://a.espncdn.com/i/teamlogos/soccer/500/118.png,https://a.espncdn.com/i/teamlogos/soccer/500/2925.png,0-0-0,0-0-0
2026-09-20,Serie A,Venezia,Lazio,,,,ESPN public event API,Waiting for odds,https://site.api.espn.com/apis/site/v2/sports/soccer/ita.1/scoreboard?dates=20260526-20261206&limit=300,,401874956,2026-09-20T18:00Z,ESPN public event API,https://a.espncdn.com/i/teamlogos/soccer/500/17530.png,https://a.espncdn.com/i/teamlogos/soccer/500/112.png,0-0-0,0-0-0
2026-10-09,Allsvenskan,IFK Göteborg,Västerås SK,,,,ESPN public event API,Waiting for odds,https://site.api.espn.com/apis/site/v2/sports/soccer/swe.1/scoreboard?dates=20260513-20261123&limit=300,,401874089,2026-10-09T17:00Z,ESPN public event API,https://a.espncdn.com/i/teamlogos/soccer/500/2556.png,https://a.espncdn.com/i/teamlogos/soccer/500/22163.png,1-4-4,3-3-3
2026-10-10,Allsvenskan,AIK,IF Brommapojkarna,,,,ESPN public event API,Waiting for odds,https://site.api.espn.com/apis/site/v2/sports/soccer/swe.1/scoreboard?dates=20260513-20261123&limit=300,,401842840,2026-10-10T13:00Z,ESPN public event API,https://a.espncdn.com/i/teamlogos/soccer/500/994.png,https://a.espncdn.com/i/teamlogos/soccer/500/8221.png,3-3-3,4-2-3
2026-10-10,Allsvenskan,GAIS,IK Sirius,,,,ESPN public event API,Waiting for odds,https://site.api.espn.com/apis/site/v2/sports/soccer/swe.1/scoreboard?dates=20260513-20261123&limit=300,,401842838,2026-10-10T13:00Z,ESPN public event API,https://a.espncdn.com/i/teamlogos/soccer/500/8222.png,https://a.espncdn.com/i/teamlogos/soccer/500/8547.png,3-3-4,8-1-0
2026-10-10,Allsvenskan,Mjällby AIF,Degerfors IF,,,,ESPN public event API,Waiting for odds,https://site.api.espn.com/apis/site/v2/sports/soccer/swe.1/scoreboard?dates=20260513-20261123&limit=300,,401842841,2026-10-10T15:30Z,ESPN public event API,https://a.espncdn.com/i/teamlogos/soccer/500/20301.png,https://a.espncdn.com/i/teamlogos/soccer/500/20856.png,4-3-3,2-3-4
2026-10-10,Belgian Pro League,Cercle Brugge KSV,Anderlecht,,,,ESPN public event API,Waiting for odds,https://site.api.espn.com/apis/site/v2/sports/soccer/bel.1/scoreboard?dates=20260610-20261221&limit=300,,401878977,2026-10-10T18:00Z,ESPN public event API,https://a.espncdn.com/i/teamlogos/soccer/500/3610.png,https://a.espncdn.com/i/teamlogos/soccer/500/441.png,0-0-0,0-0-0
2026-10-10,Belgian Pro League,KV Mechelen,Sint-Truidense,,,,ESPN public event API,Waiting for odds,https://site.api.espn.com/apis/site/v2/sports/soccer/bel.1/scoreboard?dates=20260610-20261221&limit=300,,401878972,2026-10-10T18:00Z,ESPN public event API,https://a.espncdn.com/i/teamlogos/soccer/500/7879.png,https://a.espncdn.com/i/teamlogos/soccer/500/936.png,0-0-0,0-0-0
2026-10-10,Belgian Pro League,KVC Westerlo,Antwerp,,,,ESPN public event API,Waiting for odds,https://site.api.espn.com/apis/site/v2/sports/soccer/bel.1/scoreboard?dates=20260610-20261221&limit=300,,401878970,2026-10-10T18:00Z,ESPN public event API,https://a.espncdn.com/i/teamlogos/soccer/500/606.png,https://a.espncdn.com/i/teamlogos/soccer/500/17544.png,0-0-0,0-0-0
2026-10-10,Belgian Pro League,RAAL La Louvière,Club Brugge,,,,ESPN public event API,Waiting for odds,https://site.api.espn.com/apis/site/v2/sports/soccer/bel.1/scoreboard?dates=20260610-20261221&limit=300,,401878978,2026-10-10T18:00Z,ESPN public event API,https://a.espncdn.com/i/teamlogos/soccer/500/131235.png,https://a.espncdn.com/i/teamlogos/soccer/500/570.png,0-0-0,0-0-0
2026-10-10,Belgian Pro League,Racing Genk,KV Kortrijk,,,,ESPN public event API,Waiting for odds,https://site.api.espn.com/apis/site/v2/sports/soccer/bel.1/scoreboard?dates=20260610-20261221&limit=300,,401878973,2026-10-10T18:00Z,ESPN public event API,https://a.espncdn.com/i/teamlogos/soccer/500/938.png,https://a.espncdn.com/i/teamlogos/soccer/500/5786.png,0-0-0,0-0-0
2026-10-10,Belgian Pro League,Standard Liege,Royal Charleroi SC,,,,ESPN public event API,Waiting for odds,https://site.api.espn.com/apis/site/v2/sports/soccer/bel.1/scoreboard?dates=20260610-20261221&limit=300,,401878971,2026-10-10T18:00Z,ESPN public event API,https://a.espncdn.com/i/teamlogos/soccer/500/559.png,https://a.espncdn.com/i/teamlogos/soccer/500/3616.png,0-0-0,0-0-0
2026-10-10,Belgian Pro League,Union St.-Gilloise,OH Leuven,,,,ESPN public event API,Waiting for odds,https://site.api.espn.com/apis/site/v2/sports/soccer/bel.1/scoreboard?dates=20260610-20261221&limit=300,,401878975,2026-10-10T18:00Z,ESPN public event API,https://a.espncdn.com/i/teamlogos/soccer/500/5807.png,https://a.espncdn.com/i/teamlogos/soccer/500/5579.png,0-0-0,0-0-0
2026-10-10,Belgian Pro League,Waasland-Beveren,Lommel SK,,,,ESPN public event API,Waiting for odds,https://site.api.espn.com/apis/site/v2/sports/soccer/bel.1/scoreboard?dates=20260610-20261221&limit=300,,401878976,2026-10-10T18:00Z,ESPN public event API,https://a.espncdn.com/i/teamlogos/soccer/500/13450.png,,0-0-0,0-0-0
2026-10-10,Belgian Pro League,Zulte-Waregem,KAA Gent,,,,ESPN public event API,Waiting for odds,https://site.api.espn.com/apis/site/v2/sports/soccer/bel.1/scoreboard?dates=20260610-20261221&limit=300,,401878974,2026-10-10T18:00Z,ESPN public event API,https://a.espncdn.com/i/teamlogos/soccer/500/4691.png,https://a.espncdn.com/i/teamlogos/soccer/500/3611.png,0-0-0,0-0-0
2026-10-10,EPL,Arsenal,Leeds United,,,,ESPN public event API,Waiting for odds,https://site.api.espn.com/apis/site/v2/sports/soccer/eng.1/scoreboard?dates=20260610-20261221&limit=300,,401879268,2026-10-10T14:00Z,ESPN public event API,https://a.espncdn.com/i/teamlogos/soccer/500/359.png,https://a.espncdn.com/i/teamlogos/soccer/500/357.png,0-0-0,0-0-0
2026-10-10,EPL,Aston Villa,Brentford,,,,ESPN public event API,Waiting for odds,https://site.api.espn.com/apis/site/v2/sports/soccer/eng.1/scoreboard?dates=20260610-20261221&limit=300,,401878776,2026-10-10T14:00Z,ESPN public event API,https://a.espncdn.com/i/teamlogos/soccer/500/362.png,https://a.espncdn.com/i/teamlogos/soccer/500/337.png,0-0-0,0-0-0
2026-10-10,EPL,Chelsea,Bournemouth,,,,ESPN public event API,Waiting for odds,https://site.api.espn.com/apis/site/v2/sports/soccer/eng.1/scoreboard?dates=20260610-20261221&limit=300,,401878775,2026-10-10T14:00Z,ESPN public event API,https://a.espncdn.com/i/teamlogos/soccer/500/363.png,https://a.espncdn.com/i/teamlogos/soccer/500/349.png,0-0-0,0-0-0
2026-10-10,EPL,Coventry City,Newcastle United,,,,ESPN public event API,Waiting for odds,https://site.api.espn.com/apis/site/v2/sports/soccer/eng.1/scoreboard?dates=20260610-20261221&limit=300,,401879267,2026-10-10T14:00Z,ESPN public event API,https://a.espncdn.com/i/teamlogos/soccer/500/388.png,https://a.espncdn.com/i/teamlogos/soccer/500/361.png,0-0-0,0-0-0
2026-10-10,EPL,Crystal Palace,Nott'm Forest,,,,ESPN public event API,Waiting for odds,https://site.api.espn.com/apis/site/v2/sports/soccer/eng.1/scoreboard?dates=20260610-20261221&limit=300,,401879266,2026-10-10T14:00Z,ESPN public event API,https://a.espncdn.com/i/teamlogos/soccer/500/384.png,https://a.espncdn.com/i/teamlogos/soccer/500/393.png,0-0-0,0-0-0
2026-10-10,EPL,Hull City,Everton,,,,ESPN public event API,Waiting for odds,https://site.api.espn.com/apis/site/v2/sports/soccer/eng.1/scoreboard?dates=20260610-20261221&limit=300,,401878774,2026-10-10T14:00Z,ESPN public event API,https://a.espncdn.com/i/teamlogos/soccer/500/306.png,https://a.espncdn.com/i/teamlogos/soccer/500/368.png,0-0-0,0-0-0
2026-10-10,EPL,Ipswich Town,Fulham,,,,ESPN public event API,Waiting for odds,https://site.api.espn.com/apis/site/v2/sports/soccer/eng.1/scoreboard?dates=20260610-20261221&limit=300,,401879265,2026-10-10T14:00Z,ESPN public event API,https://a.espncdn.com/i/teamlogos/soccer/500/373.png,https://a.espncdn.com/i/teamlogos/soccer/500/370.png,0-0-0,0-0-0
2026-10-10,EPL,Liverpool,Man City,,,,ESPN public event API,Waiting for odds,https://site.api.espn.com/apis/site/v2/sports/soccer/eng.1/scoreboard?dates=20260610-20261221&limit=300,,401879264,2026-10-10T14:00Z,ESPN public event API,https://a.espncdn.com/i/teamlogos/soccer/500/364.png,https://a.espncdn.com/i/teamlogos/soccer/500/382.png,0-0-0,0-0-0
2026-10-10,EPL,Man United,Tottenham,,,,ESPN public event API,Waiting for odds,https://site.api.espn.com/apis/site/v2/sports/soccer/eng.1/scoreboard?dates=20260610-20261221&limit=300,,401878773,2026-10-10T14:00Z,ESPN public event API,https://a.espncdn.com/i/teamlogos/soccer/500/360.png,https://a.espncdn.com/i/teamlogos/soccer/500/367.png,0-0-0,0-0-0
2026-10-10,EPL,Sunderland,Brighton,,,,ESPN public event API,Waiting for odds,https://site.api.espn.com/apis/site/v2/sports/soccer/eng.1/scoreboard?dates=20260610-20261221&limit=300,,401878772,2026-10-10T14:00Z,ESPN public event API,https://a.espncdn.com/i/teamlogos/soccer/500/366.png,https://a.espncdn.com/i/teamlogos/soccer/500/331.png,0-0-0,0-0-0
2026-10-10,Eredivisie,Ajax Amsterdam,NEC Nijmegen,,,,ESPN public event API,Waiting for odds,https://site.api.espn.com/apis/site/v2/sports/soccer/ned.1/scoreboard?dates=20260528-20261208&limit=300,,401875589,2026-10-10T19:00Z,ESPN public event API,https://a.espncdn.com/i/teamlogos/soccer/500/139.png,https://a.espncdn.com/i/teamlogos/soccer/500/147.png,0-0-0,0-0-0
2026-10-10,Eredivisie,Feyenoord Rotterdam,AZ Alkmaar,,,,ESPN public event API,Waiting for odds,https://site.api.espn.com/apis/site/v2/sports/soccer/ned.1/scoreboard?dates=20260528-20261208&limit=300,,401875591,2026-10-10T16:45Z,ESPN public event API,https://a.espncdn.com/i/teamlogos/soccer/500/142.png,https://a.espncdn.com/i/teamlogos/soccer/500/140.png,0-0-0,0-0-0
2026-10-10,Eredivisie,Fortuna Sittard,FC Twente,,,,ESPN public event API,Waiting for odds,https://site.api.espn.com/apis/site/v2/sports/soccer/ned.1/scoreboard?dates=20260528-20261208&limit=300,,401875588,2026-10-10T19:00Z,ESPN public event API,https://a.espncdn.com/i/teamlogos/soccer/500/143.png,https://a.espncdn.com/i/teamlogos/soccer/500/152.png,0-0-0,0-0-0
2026-10-10,Eredivisie,Go Ahead Eagles,Sparta Rotterdam,,,,ESPN public event API,Waiting for odds,https://site.api.espn.com/apis/site/v2/sports/soccer/ned.1/scoreboard?dates=20260528-20261208&limit=300,,401875590,2026-10-10T16:45Z,ESPN public event API,https://a.espncdn.com/i/teamlogos/soccer/500/3706.png,https://a.espncdn.com/i/teamlogos/soccer/500/151.png,0-0-0,0-0-0
2026-10-10,Eredivisie,PSV Eindhoven,Heerenveen,,,,ESPN public event API,Waiting for odds,https://site.api.espn.com/apis/site/v2/sports/soccer/ned.1/scoreboard?dates=20260528-20261208&limit=300,,401875592,2026-10-10T14:30Z,ESPN public event API,https://a.espncdn.com/i/teamlogos/soccer/500/148.png,https://a.espncdn.com/i/teamlogos/soccer/500/146.png,0-0-0,0-0-0
2026-10-10,Ligue 1,AS Monaco,Toulouse,,,,ESPN public event API,Waiting for odds,https://site.api.espn.com/apis/site/v2/sports/soccer/fra.1/scoreboard?dates=20260528-20261208&limit=300,,401876444,2026-10-10T18:00Z,ESPN public event API,https://a.espncdn.com/i/teamlogos/soccer/500/174.png,https://a.espncdn.com/i/teamlogos/soccer/500/179.png,0-0-0,0-0-0
2026-10-10,Ligue 1,Brest,Angers,,,,ESPN public event API,Waiting for odds,https://site.api.espn.com/apis/site/v2/sports/soccer/fra.1/scoreboard?dates=20260528-20261208&limit=300,,401876448,2026-10-10T18:00Z,ESPN public event API,https://a.espncdn.com/i/teamlogos/soccer/500/6997.png,https://a.espncdn.com/i/teamlogos/soccer/500/7868.png,0-0-0,0-0-0
2026-10-10,Ligue 1,Lens,Lyon,,,,ESPN public event API,Waiting for odds,https://site.api.espn.com/apis/site/v2/sports/soccer/fra.1/scoreboard?dates=20260528-20261208&limit=300,,401876447,2026-10-10T18:00Z,ESPN public event API,https://a.espncdn.com/i/teamlogos/soccer/500/175.png,https://a.espncdn.com/i/teamlogos/soccer/500/167.png,0-0-0,0-0-0
2026-10-10,Ligue 1,Lille,Le Havre AC,,,,ESPN public event API,Waiting for odds,https://site.api.espn.com/apis/site/v2/sports/soccer/fra.1/scoreboard?dates=20260528-20261208&limit=300,,401876446,2026-10-10T18:00Z,ESPN public event API,https://a.espncdn.com/i/teamlogos/soccer/500/166.png,https://a.espncdn.com/i/teamlogos/soccer/500/3236.png,0-0-0,0-0-0
2026-10-10,Ligue 1,Lorient,Paris FC,,,,ESPN public event API,Waiting for odds,https://site.api.espn.com/apis/site/v2/sports/soccer/fra.1/scoreboard?dates=20260528-20261208&limit=300,,401876445,2026-10-10T18:00Z,ESPN public event API,https://a.espncdn.com/i/teamlogos/soccer/500/273.png,https://a.espncdn.com/i/teamlogos/soccer/500/6851.png,0-0-0,0-0-0
2026-10-10,Ligue 1,Nice,Strasbourg,,,,ESPN public event API,Waiting for odds,https://site.api.espn.com/apis/site/v2/sports/soccer/fra.1/scoreboard?dates=20260528-20261208&limit=300,,401876443,2026-10-10T18:00Z,ESPN public event API,https://a.espncdn.com/i/teamlogos/soccer/500/2502.png,https://a.espncdn.com/i/teamlogos/soccer/500/180.png,0-0-0,0-0-0
2026-10-10,Ligue 1,Paris SG,Le Mans,,,,ESPN public event API,Waiting for odds,https://site.api.espn.com/apis/site/v2/sports/soccer/fra.1/scoreboard?dates=20260528-20261208&limit=300,,401876442,2026-10-10T18:00Z,ESPN public event API,https://a.espncdn.com/i/teamlogos/soccer/500/160.png,https://a.espncdn.com/i/teamlogos/soccer/500/2697.png,0-0-0,0-0-0
2026-10-10,Ligue 1,Stade Rennais,AJ Auxerre,,,,ESPN public event API,Waiting for odds,https://site.api.espn.com/apis/site/v2/sports/soccer/fra.1/scoreboard?dates=20260528-20261208&limit=300,,401876441,2026-10-10T18:00Z,ESPN public event API,https://a.espncdn.com/i/teamlogos/soccer/500/169.png,https://a.espncdn.com/i/teamlogos/soccer/500/172.png,0-0-0,0-0-0
2026-10-10,Ligue 1,Troyes,Marseille,,,,ESPN public event API,Waiting for odds,https://site.api.espn.com/apis/site/v2/sports/soccer/fra.1/scoreboard?dates=20260528-20261208&limit=300,,401876440,2026-10-10T18:00Z,ESPN public event API,https://a.espncdn.com/i/teamlogos/soccer/500/170.png,https://a.espncdn.com/i/teamlogos/soccer/500/176.png,0-0-0,0-0-0
2026-10-10,Scottish Premiership,Aberdeen,St Johnstone,,,,ESPN public event API,Waiting for odds,https://site.api.espn.com/apis/site/v2/sports/soccer/sco.1/scoreboard?dates=20260610-20261221&limit=300,,401878374,2026-10-10T14:00Z,ESPN public event API,https://a.espncdn.com/i/teamlogos/soccer/500/263.png,https://a.espncdn.com/i/teamlogos/soccer/500/267.png,0-0-0,0-0-0
2026-10-10,Scottish Premiership,Dundee United,Hibernian,,,,ESPN public event API,Waiting for odds,https://site.api.espn.com/apis/site/v2/sports/soccer/sco.1/scoreboard?dates=20260610-20261221&limit=300,,401878373,2026-10-10T14:00Z,ESPN public event API,https://a.espncdn.com/i/teamlogos/soccer/500/264.png,https://a.espncdn.com/i/teamlogos/soccer/500/258.png,0-0-0,0-0-0
2026-10-10,Scottish Premiership,Falkirk,Dundee,,,,ESPN public event API,Waiting for odds,https://site.api.espn.com/apis/site/v2/sports/soccer/sco.1/scoreboard?dates=20260610-20261221&limit=300,,401878372,2026-10-10T14:00Z,ESPN public event API,https://a.espncdn.com/i/teamlogos/soccer/500/254.png,https://a.espncdn.com/i/teamlogos/soccer/500/261.png,0-0-0,0-0-0
2026-10-10,Scottish Premiership,Heart of Midlothian,St Mirren,,,,ESPN public event API,Waiting for odds,https://site.api.espn.com/apis/site/v2/sports/soccer/sco.1/scoreboard?dates=20260610-20261221&limit=300,,401878371,2026-10-10T14:00Z,ESPN public event API,https://a.espncdn.com/i/teamlogos/soccer/500/262.png,https://a.espncdn.com/i/teamlogos/soccer/500/250.png,0-0-0,0-0-0
2026-10-10,Scottish Premiership,Motherwell,Celtic,,,,ESPN public event API,Waiting for odds,https://site.api.espn.com/apis/site/v2/sports/soccer/sco.1/scoreboard?dates=20260610-20261221&limit=300,,401878370,2026-10-10T14:00Z,ESPN public event API,https://a.espncdn.com/i/teamlogos/soccer/500/266.png,https://a.espncdn.com/i/teamlogos/soccer/500/256.png,0-0-0,0-0-0
2026-10-10,Scottish Premiership,Rangers,Kilmarnock,,,,ESPN public event API,Waiting for odds,https://site.api.espn.com/apis/site/v2/sports/soccer/sco.1/scoreboard?dates=20260610-20261221&limit=300,,401878369,2026-10-10T14:00Z,ESPN public event API,https://a.espncdn.com/i/teamlogos/soccer/500/257.png,https://a.espncdn.com/i/teamlogos/soccer/500/260.png,0-0-0,0-0-0
2026-10-11,Allsvenskan,BK Häcken,Örgryte IS,,,,ESPN public event API,Waiting for odds,https://site.api.espn.com/apis/site/v2/sports/soccer/swe.1/scoreboard?dates=20260513-20261123&limit=300,,401842836,2026-10-11T14:30Z,ESPN public event API,https://a.espncdn.com/i/teamlogos/soccer/500/7834.png,https://a.espncdn.com/i/teamlogos/soccer/500/131552.png,4-5-0,1-2-6
2026-10-11,Allsvenskan,Hammarby IF,Djurgården,,,,ESPN public event API,Waiting for odds,https://site.api.espn.com/apis/site/v2/sports/soccer/swe.1/scoreboard?dates=20260513-20261123&limit=300,,401842837,2026-10-11T12:00Z,ESPN public event API,https://a.espncdn.com/i/teamlogos/soccer/500/2495.png,https://a.espncdn.com/i/teamlogos/soccer/500/2339.png,5-2-3,4-1-4
2026-10-11,Allsvenskan,IF Elfsborg,Halmstads BK,,,,ESPN public event API,Waiting for odds,https://site.api.espn.com/apis/site/v2/sports/soccer/swe.1/scoreboard?dates=20260513-20261123&limit=300,,401842839,2026-10-11T04:00Z,ESPN public event API,https://a.espncdn.com/i/teamlogos/soccer/500/529.png,https://a.espncdn.com/i/teamlogos/soccer/500/3017.png,4-5-1,1-3-5
2026-10-11,Allsvenskan,Malmö FF,Kalmar FF,,,,ESPN public event API,Waiting for odds,https://site.api.espn.com/apis/site/v2/sports/soccer/swe.1/scoreboard?dates=20260513-20261123&limit=300,,401842834,2026-10-11T04:00Z,ESPN public event API,https://a.espncdn.com/i/teamlogos/soccer/500/2720.png,https://a.espncdn.com/i/teamlogos/soccer/500/3052.png,3-1-5,3-1-5
2026-10-11,Danish Superliga,AGF,Sønderjyske Fodbold,,,,ESPN public event API,Waiting for odds,https://site.api.espn.com/apis/site/v2/sports/soccer/den.1/scoreboard?dates=20260521-20261201&limit=300,,401874516,2026-10-11T18:00Z,ESPN public event API,https://a.espncdn.com/i/teamlogos/soccer/500/7853.png,https://a.espncdn.com/i/teamlogos/soccer/500/8118.png,,
2026-10-11,Danish Superliga,Brøndby IF,Lyngby Boldklub,,,,ESPN public event API,Waiting for odds,https://site.api.espn.com/apis/site/v2/sports/soccer/den.1/scoreboard?dates=20260521-20261201&limit=300,,401874521,2026-10-11T18:00Z,ESPN public event API,https://a.espncdn.com/i/teamlogos/soccer/500/575.png,https://a.espncdn.com/i/teamlogos/soccer/500/7860.png,,
2026-10-11,Danish Superliga,FC Midtjylland,F.C. København,,,,ESPN public event API,Waiting for odds,https://site.api.espn.com/apis/site/v2/sports/soccer/den.1/scoreboard?dates=20260521-20261201&limit=300,,401874498,2026-10-11T18:00Z,ESPN public event API,https://a.espncdn.com/i/teamlogos/soccer/500/572.png,https://a.espncdn.com/i/teamlogos/soccer/500/909.png,,
2026-10-11,Danish Superliga,FC Nordsjælland,Odense Boldklub,,,,ESPN public event API,Waiting for odds,https://site.api.espn.com/apis/site/v2/sports/soccer/den.1/scoreboard?dates=20260521-20261201&limit=300,,401874517,2026-10-11T18:00Z,ESPN public event API,https://a.espncdn.com/i/teamlogos/soccer/500/3101.png,https://a.espncdn.com/i/teamlogos/soccer/500/11550.png,,
2026-10-11,Danish Superliga,Randers FC,Viborg FF,,,,ESPN public event API,Waiting for odds,https://site.api.espn.com/apis/site/v2/sports/soccer/den.1/scoreboard?dates=20260521-20261201&limit=300,,401874724,2026-10-11T18:00Z,ESPN public event API,https://a.espncdn.com/i/teamlogos/soccer/500/3132.png,https://a.espncdn.com/i/teamlogos/soccer/500/3153.png,,
2026-10-11,Danish Superliga,Silkeborg IF,AC Horsens,,,,ESPN public event API,Waiting for odds,https://site.api.espn.com/apis/site/v2/sports/soccer/den.1/scoreboard?dates=20260521-20261201&limit=300,,401874726,2026-10-11T18:00Z,ESPN public event API,https://a.espncdn.com/i/teamlogos/soccer/500/607.png,https://a.espncdn.com/i/teamlogos/soccer/500/3585.png,,
2026-10-11,Eliteserien,Aalesund,Sarpsborg FK,,,,ESPN public event API,Waiting for odds,https://site.api.espn.com/apis/site/v2/sports/soccer/nor.1/scoreboard?dates=20260513-20261123&limit=300,,401843457,2026-10-11T15:00Z,ESPN public event API,https://a.espncdn.com/i/teamlogos/soccer/500/3278.png,https://a.espncdn.com/i/teamlogos/soccer/500/5002.png,2-4-4,3-2-5
2026-10-11,Eliteserien,Bodo/Glimt,Kristiansund BK,,,,ESPN public event API,Waiting for odds,https://site.api.espn.com/apis/site/v2/sports/soccer/nor.1/scoreboard?dates=20260513-20261123&limit=300,,401843456,2026-10-11T15:00Z,ESPN public event API,https://a.espncdn.com/i/teamlogos/soccer/500/2980.png,https://a.espncdn.com/i/teamlogos/soccer/500/6672.png,7-1-2,3-2-5
2026-10-11,Eliteserien,Fredrikstad,Tromso,,,,ESPN public event API,Waiting for odds,https://site.api.espn.com/apis/site/v2/sports/soccer/nor.1/scoreboard?dates=20260513-20261123&limit=300,,401843454,2026-10-11T15:00Z,ESPN public event API,https://a.espncdn.com/i/teamlogos/soccer/500/3039.png,https://a.espncdn.com/i/teamlogos/soccer/500/5270.png,3-2-5,7-3-2
2026-10-11,Eliteserien,IK Start,Hamarkameratene,,,,ESPN public event API,Waiting for odds,https://site.api.espn.com/apis/site/v2/sports/soccer/nor.1/scoreboard?dates=20260513-20261123&limit=300,,401843458,2026-10-11T15:00Z,ESPN public event API,,https://a.espncdn.com/i/teamlogos/soccer/500/21380.png,1-4-6,5-1-3
2026-10-11,Eliteserien,KFUM Oslo,Vålerenga,,,,ESPN public event API,Waiting for odds,https://site.api.espn.com/apis/site/v2/sports/soccer/nor.1/scoreboard?dates=20260513-20261123&limit=300,,401843453,2026-10-11T15:00Z,ESPN public event API,https://a.espncdn.com/i/teamlogos/soccer/500/22165.png,https://a.espncdn.com/i/teamlogos/soccer/500/2791.png,3-2-5,3-2-5
2026-10-11,Eliteserien,Lillestrom,Molde,,,,ESPN public event API,Waiting for odds,https://site.api.espn.com/apis/site/v2/sports/soccer/nor.1/scoreboard?dates=20260513-20261123&limit=300,,401843452,2026-10-11T15:00Z,ESPN public event API,https://a.espncdn.com/i/teamlogos/soccer/500/987.png,https://a.espncdn.com/i/teamlogos/soccer/500/2715.png,6-1-4,5-1-4
2026-10-11,Eliteserien,Rosenborg,Sandefjord,,,,ESPN public event API,Waiting for odds,https://site.api.espn.com/apis/site/v2/sports/soccer/nor.1/scoreboard?dates=20260513-20261123&limit=300,,401843451,2026-10-11T15:00Z,ESPN public event API,https://a.espncdn.com/i/teamlogos/soccer/500/438.png,https://a.espncdn.com/i/teamlogos/soccer/500/3279.png,2-2-6,4-2-4
2026-10-11,Eliteserien,SK Brann,Viking FK,,,,ESPN public event API,Waiting for odds,https://site.api.espn.com/apis/site/v2/sports/soccer/nor.1/scoreboard?dates=20260513-20261123&limit=300,,401843455,2026-10-11T15:00Z,ESPN public event API,https://a.espncdn.com/i/teamlogos/soccer/500/620.png,https://a.espncdn.com/i/teamlogos/soccer/500/510.png,4-1-6,9-0-1
2026-10-11,Eredivisie,Excelsior,FC Groningen,,,,ESPN public event API,Waiting for odds,https://site.api.espn.com/apis/site/v2/sports/soccer/ned.1/scoreboard?dates=20260528-20261208&limit=300,,401875584,2026-10-11T14:45Z,ESPN public event API,https://a.espncdn.com/i/teamlogos/soccer/500/2566.png,https://a.espncdn.com/i/teamlogos/soccer/500/145.png,0-0-0,0-0-0
2026-10-11,Eredivisie,FC Utrecht,Willem II,,,,ESPN public event API,Waiting for odds,https://site.api.espn.com/apis/site/v2/sports/soccer/ned.1/scoreboard?dates=20260528-20261208&limit=300,,401875587,2026-10-11T10:15Z,ESPN public event API,https://a.espncdn.com/i/teamlogos/soccer/500/153.png,https://a.espncdn.com/i/teamlogos/soccer/500/156.png,0-0-0,0-0-0
2026-10-11,Eredivisie,PEC Zwolle,SC Cambuur,,,,ESPN public event API,Waiting for odds,https://site.api.espn.com/apis/site/v2/sports/soccer/ned.1/scoreboard?dates=20260528-20261208&limit=300,,401875586,2026-10-11T12:30Z,ESPN public event API,https://a.espncdn.com/i/teamlogos/soccer/500/2565.png,https://a.espncdn.com/i/teamlogos/soccer/500/3736.png,0-0-0,0-0-0
2026-10-11,Eredivisie,Telstar,ADO Den Haag,,,,ESPN public event API,Waiting for odds,https://site.api.espn.com/apis/site/v2/sports/soccer/ned.1/scoreboard?dates=20260528-20261208&limit=300,,401875585,2026-10-11T12:30Z,ESPN public event API,https://a.espncdn.com/i/teamlogos/soccer/500/3735.png,https://a.espncdn.com/i/teamlogos/soccer/500/2726.png,0-0-0,0-0-0
2026-10-11,Serie A,Atalanta,Venezia,,,,ESPN public event API,Waiting for odds,https://site.api.espn.com/apis/site/v2/sports/soccer/ita.1/scoreboard?dates=20260526-20261206&limit=300,,401875005,2026-10-11T18:00Z,ESPN public event API,https://a.espncdn.com/i/teamlogos/soccer/500/105.png,https://a.espncdn.com/i/teamlogos/soccer/500/17530.png,0-0-0,0-0-0
2026-10-11,Serie A,Cagliari,Juventus,,,,ESPN public event API,Waiting for odds,https://site.api.espn.com/apis/site/v2/sports/soccer/ita.1/scoreboard?dates=20260526-20261206&limit=300,,401874764,2026-10-11T18:00Z,ESPN public event API,https://a.espncdn.com/i/teamlogos/soccer/500/2925.png,https://a.espncdn.com/i/teamlogos/soccer/500/111.png,0-0-0,0-0-0
2026-10-11,Serie A,Como,AS Roma,,,,ESPN public event API,Waiting for odds,https://site.api.espn.com/apis/site/v2/sports/soccer/ita.1/scoreboard?dates=20260526-20261206&limit=300,,401874940,2026-10-11T18:00Z,ESPN public event API,https://a.espncdn.com/i/teamlogos/soccer/500/2572.png,https://a.espncdn.com/i/teamlogos/soccer/500/104.png,0-0-0,0-0-0
2026-10-11,Serie A,Genoa,Fiorentina,,,,ESPN public event API,Waiting for odds,https://site.api.espn.com/apis/site/v2/sports/soccer/ita.1/scoreboard?dates=20260526-20261206&limit=300,,401874947,2026-10-11T18:00Z,ESPN public event API,https://a.espncdn.com/i/teamlogos/soccer/500/3263.png,https://a.espncdn.com/i/teamlogos/soccer/500/109.png,0-0-0,0-0-0
2026-10-11,Serie A,Inter Milan,Parma,,,,ESPN public event API,Waiting for odds,https://site.api.espn.com/apis/site/v2/sports/soccer/ita.1/scoreboard?dates=20260526-20261206&limit=300,,401875021,2026-10-11T18:00Z,ESPN public event API,https://a.espncdn.com/i/teamlogos/soccer/500/110.png,https://a.espncdn.com/i/teamlogos/soccer/500/115.png,0-0-0,0-0-0
2026-10-11,Serie A,Lazio,Monza,,,,ESPN public event API,Waiting for odds,https://site.api.espn.com/apis/site/v2/sports/soccer/ita.1/scoreboard?dates=20260526-20261206&limit=300,,401874951,2026-10-11T18:00Z,ESPN public event API,https://a.espncdn.com/i/teamlogos/soccer/500/112.png,https://a.espncdn.com/i/teamlogos/soccer/500/4007.png,0-0-0,0-0-0
2026-10-11,Serie A,Lecce,Bologna,,,,ESPN public event API,Waiting for odds,https://site.api.espn.com/apis/site/v2/sports/soccer/ita.1/scoreboard?dates=20260526-20261206&limit=300,,401874776,2026-10-11T18:00Z,ESPN public event API,https://a.espncdn.com/i/teamlogos/soccer/500/113.png,https://a.espncdn.com/i/teamlogos/soccer/500/107.png,0-0-0,0-0-0
2026-10-11,Serie A,Napoli,Frosinone,,,,ESPN public event API,Waiting for odds,https://site.api.espn.com/apis/site/v2/sports/soccer/ita.1/scoreboard?dates=20260526-20261206&limit=300,,401874754,2026-10-11T18:00Z,ESPN public event API,https://a.espncdn.com/i/teamlogos/soccer/500/114.png,https://a.espncdn.com/i/teamlogos/soccer/500/4057.png,0-0-0,0-0-0
2026-10-11,Serie A,Sassuolo,AC Milan,,,,ESPN public event API,Waiting for odds,https://site.api.espn.com/apis/site/v2/sports/soccer/ita.1/scoreboard?dates=20260526-20261206&limit=300,,401874789,2026-10-11T18:00Z,ESPN public event API,https://a.espncdn.com/i/teamlogos/soccer/500/3997.png,https://a.espncdn.com/i/teamlogos/soccer/500/103.png,0-0-0,0-0-0
2026-10-11,Serie A,Torino,Udinese,,,,ESPN public event API,Waiting for odds,https://site.api.espn.com/apis/site/v2/sports/soccer/ita.1/scoreboard?dates=20260526-20261206&limit=300,,401874763,2026-10-11T18:00Z,ESPN public event API,https://a.espncdn.com/i/teamlogos/soccer/500/239.png,https://a.espncdn.com/i/teamlogos/soccer/500/118.png,0-0-0,0-0-0
2026-10-16,Eredivisie,Heerenveen,Excelsior,,,,ESPN public event API,Waiting for odds,https://site.api.espn.com/apis/site/v2/sports/soccer/ned.1/scoreboard?dates=20260528-20261208&limit=300,,401875583,2026-10-16T18:00Z,ESPN public event API,https://a.espncdn.com/i/teamlogos/soccer/500/146.png,https://a.espncdn.com/i/teamlogos/soccer/500/2566.png,0-0-0,0-0-0
2026-10-17,EPL,Bournemouth,Sunderland,,,,ESPN public event API,Waiting for odds,https://site.api.espn.com/apis/site/v2/sports/soccer/eng.1/scoreboard?dates=20260610-20261221&limit=300,,401879263,2026-10-17T14:00Z,ESPN public event API,https://a.espncdn.com/i/teamlogos/soccer/500/349.png,https://a.espncdn.com/i/teamlogos/soccer/500/366.png,0-0-0,0-0-0
2026-10-17,EPL,Brentford,Liverpool,,,,ESPN public event API,Waiting for odds,https://site.api.espn.com/apis/site/v2/sports/soccer/eng.1/scoreboard?dates=20260610-20261221&limit=300,,401879262,2026-10-17T14:00Z,ESPN public event API,https://a.espncdn.com/i/teamlogos/soccer/500/337.png,https://a.espncdn.com/i/teamlogos/soccer/500/364.png,0-0-0,0-0-0
2026-10-17,EPL,Brighton,Crystal Palace,,,,ESPN public event API,Waiting for odds,https://site.api.espn.com/apis/site/v2/sports/soccer/eng.1/scoreboard?dates=20260610-20261221&limit=300,,401879261,2026-10-17T14:00Z,ESPN public event API,https://a.espncdn.com/i/teamlogos/soccer/500/331.png,https://a.espncdn.com/i/teamlogos/soccer/500/384.png,0-0-0,0-0-0
2026-10-17,EPL,Everton,Chelsea,,,,ESPN public event API,Waiting for odds,https://site.api.espn.com/apis/site/v2/sports/soccer/eng.1/scoreboard?dates=20260610-20261221&limit=300,,401878771,2026-10-17T14:00Z,ESPN public event API,https://a.espncdn.com/i/teamlogos/soccer/500/368.png,https://a.espncdn.com/i/teamlogos/soccer/500/363.png,0-0-0,0-0-0
2026-10-17,EPL,Fulham,Hull City,,,,ESPN public event API,Waiting for odds,https://site.api.espn.com/apis/site/v2/sports/soccer/eng.1/scoreboard?dates=20260610-20261221&limit=300,,401878770,2026-10-17T14:00Z,ESPN public event API,https://a.espncdn.com/i/teamlogos/soccer/500/370.png,https://a.espncdn.com/i/teamlogos/soccer/500/306.png,0-0-0,0-0-0
2026-10-17,EPL,Leeds United,Man United,,,,ESPN public event API,Waiting for odds,https://site.api.espn.com/apis/site/v2/sports/soccer/eng.1/scoreboard?dates=20260610-20261221&limit=300,,401879260,2026-10-17T14:00Z,ESPN public event API,https://a.espncdn.com/i/teamlogos/soccer/500/357.png,https://a.espncdn.com/i/teamlogos/soccer/500/360.png,0-0-0,0-0-0
2026-10-17,EPL,Man City,Ipswich Town,,,,ESPN public event API,Waiting for odds,https://site.api.espn.com/apis/site/v2/sports/soccer/eng.1/scoreboard?dates=20260610-20261221&limit=300,,401879259,2026-10-17T14:00Z,ESPN public event API,https://a.espncdn.com/i/teamlogos/soccer/500/382.png,https://a.espncdn.com/i/teamlogos/soccer/500/373.png,0-0-0,0-0-0
2026-10-17,EPL,Newcastle United,Aston Villa,,,,ESPN public event API,Waiting for odds,https://site.api.espn.com/apis/site/v2/sports/soccer/eng.1/scoreboard?dates=20260610-20261221&limit=300,,401879258,2026-10-17T14:00Z,ESPN public event API,https://a.espncdn.com/i/teamlogos/soccer/500/361.png,https://a.espncdn.com/i/teamlogos/soccer/500/362.png,0-0-0,0-0-0
2026-10-17,EPL,Nott'm Forest,Arsenal,,,,ESPN public event API,Waiting for odds,https://site.api.espn.com/apis/site/v2/sports/soccer/eng.1/scoreboard?dates=20260610-20261221&limit=300,,401878769,2026-10-17T14:00Z,ESPN public event API,https://a.espncdn.com/i/teamlogos/soccer/500/393.png,https://a.espncdn.com/i/teamlogos/soccer/500/359.png,0-0-0,0-0-0
2026-10-17,EPL,Tottenham,Coventry City,,,,ESPN public event API,Waiting for odds,https://site.api.espn.com/apis/site/v2/sports/soccer/eng.1/scoreboard?dates=20260610-20261221&limit=300,,401879257,2026-10-17T14:00Z,ESPN public event API,https://a.espncdn.com/i/teamlogos/soccer/500/367.png,https://a.espncdn.com/i/teamlogos/soccer/500/388.png,0-0-0,0-0-0
2026-10-17,Eredivisie,ADO Den Haag,PSV Eindhoven,,,,ESPN public event API,Waiting for odds,https://site.api.espn.com/apis/site/v2/sports/soccer/ned.1/scoreboard?dates=20260528-20261208&limit=300,,401875582,2026-10-17T14:30Z,ESPN public event API,https://a.espncdn.com/i/teamlogos/soccer/500/2726.png,https://a.espncdn.com/i/teamlogos/soccer/500/148.png,0-0-0,0-0-0
2026-10-17,Eredivisie,NEC Nijmegen,Fortuna Sittard,,,,ESPN public event API,Waiting for odds,https://site.api.espn.com/apis/site/v2/sports/soccer/ned.1/scoreboard?dates=20260528-20261208&limit=300,,401875581,2026-10-17T16:45Z,ESPN public event API,https://a.espncdn.com/i/teamlogos/soccer/500/147.png,https://a.espncdn.com/i/teamlogos/soccer/500/143.png,0-0-0,0-0-0
2026-10-17,Eredivisie,Sparta Rotterdam,Willem II,,,,ESPN public event API,Waiting for odds,https://site.api.espn.com/apis/site/v2/sports/soccer/ned.1/scoreboard?dates=20260528-20261208&limit=300,,401875579,2026-10-17T19:00Z,ESPN public event API,https://a.espncdn.com/i/teamlogos/soccer/500/151.png,https://a.espncdn.com/i/teamlogos/soccer/500/156.png,0-0-0,0-0-0
2026-10-17,Eredivisie,Telstar,Feyenoord Rotterdam,,,,ESPN public event API,Waiting for odds,https://site.api.espn.com/apis/site/v2/sports/soccer/ned.1/scoreboard?dates=20260528-20261208&limit=300,,401875580,2026-10-17T18:00Z,ESPN public event API,https://a.espncdn.com/i/teamlogos/soccer/500/3735.png,https://a.espncdn.com/i/teamlogos/soccer/500/142.png,0-0-0,0-0-0
2026-10-17,Ligue 1,Angers,Marseille,,,,ESPN public event API,Waiting for odds,https://site.api.espn.com/apis/site/v2/sports/soccer/fra.1/scoreboard?dates=20260528-20261208&limit=300,,401876439,2026-10-17T18:00Z,ESPN public event API,https://a.espncdn.com/i/teamlogos/soccer/500/7868.png,https://a.espncdn.com/i/teamlogos/soccer/500/176.png,0-0-0,0-0-0
2026-10-17,Ligue 1,Le Havre AC,AJ Auxerre,,,,ESPN public event API,Waiting for odds,https://site.api.espn.com/apis/site/v2/sports/soccer/fra.1/scoreboard?dates=20260528-20261208&limit=300,,401876438,2026-10-17T18:00Z,ESPN public event API,https://a.espncdn.com/i/teamlogos/soccer/500/3236.png,https://a.espncdn.com/i/teamlogos/soccer/500/172.png,0-0-0,0-0-0
2026-10-17,Ligue 1,Le Mans,Toulouse,,,,ESPN public event API,Waiting for odds,https://site.api.espn.com/apis/site/v2/sports/soccer/fra.1/scoreboard?dates=20260528-20261208&limit=300,,401876437,2026-10-17T18:00Z,ESPN public event API,https://a.espncdn.com/i/teamlogos/soccer/500/2697.png,https://a.espncdn.com/i/teamlogos/soccer/500/179.png,0-0-0,0-0-0
2026-10-17,Ligue 1,Lille,Brest,,,,ESPN public event API,Waiting for odds,https://site.api.espn.com/apis/site/v2/sports/soccer/fra.1/scoreboard?dates=20260528-20261208&limit=300,,401876436,2026-10-17T18:00Z,ESPN public event API,https://a.espncdn.com/i/teamlogos/soccer/500/166.png,https://a.espncdn.com/i/teamlogos/soccer/500/6997.png,0-0-0,0-0-0
2026-10-17,Ligue 1,Lorient,AS Monaco,,,,ESPN public event API,Waiting for odds,https://site.api.espn.com/apis/site/v2/sports/soccer/fra.1/scoreboard?dates=20260528-20261208&limit=300,,401876435,2026-10-17T18:00Z,ESPN public event API,https://a.espncdn.com/i/teamlogos/soccer/500/273.png,https://a.espncdn.com/i/teamlogos/soccer/500/174.png,0-0-0,0-0-0
2026-10-17,Ligue 1,Lyon,Nice,,,,ESPN public event API,Waiting for odds,https://site.api.espn.com/apis/site/v2/sports/soccer/fra.1/scoreboard?dates=20260528-20261208&limit=300,,401876434,2026-10-17T18:00Z,ESPN public event API,https://a.espncdn.com/i/teamlogos/soccer/500/167.png,https://a.espncdn.com/i/teamlogos/soccer/500/2502.png,0-0-0,0-0-0
2026-10-17,Ligue 1,Paris FC,Stade Rennais,,,,ESPN public event API,Waiting for odds,https://site.api.espn.com/apis/site/v2/sports/soccer/fra.1/scoreboard?dates=20260528-20261208&limit=300,,401876433,2026-10-17T18:00Z,ESPN public event API,https://a.espncdn.com/i/teamlogos/soccer/500/6851.png,https://a.espncdn.com/i/teamlogos/soccer/500/169.png,0-0-0,0-0-0
2026-10-17,Ligue 1,Strasbourg,Paris SG,,,,ESPN public event API,Waiting for odds,https://site.api.espn.com/apis/site/v2/sports/soccer/fra.1/scoreboard?dates=20260528-20261208&limit=300,,401876432,2026-10-17T18:00Z,ESPN public event API,https://a.espncdn.com/i/teamlogos/soccer/500/180.png,https://a.espncdn.com/i/teamlogos/soccer/500/160.png,0-0-0,0-0-0
2026-10-17,Ligue 1,Troyes,Lens,,,,ESPN public event API,Waiting for odds,https://site.api.espn.com/apis/site/v2/sports/soccer/fra.1/scoreboard?dates=20260528-20261208&limit=300,,401876431,2026-10-17T18:00Z,ESPN public event API,https://a.espncdn.com/i/teamlogos/soccer/500/170.png,https://a.espncdn.com/i/teamlogos/soccer/500/175.png,0-0-0,0-0-0
2026-10-17,Scottish Premiership,Aberdeen,St Mirren,,,,ESPN public event API,Waiting for odds,https://site.api.espn.com/apis/site/v2/sports/soccer/sco.1/scoreboard?dates=20260610-20261221&limit=300,,401878368,2026-10-17T14:00Z,ESPN public event API,https://a.espncdn.com/i/teamlogos/soccer/500/263.png,https://a.espncdn.com/i/teamlogos/soccer/500/250.png,0-0-0,0-0-0
2026-10-17,Scottish Premiership,Celtic,Heart of Midlothian,,,,ESPN public event API,Waiting for odds,https://site.api.espn.com/apis/site/v2/sports/soccer/sco.1/scoreboard?dates=20260610-20261221&limit=300,,401878367,2026-10-17T14:00Z,ESPN public event API,https://a.espncdn.com/i/teamlogos/soccer/500/256.png,https://a.espncdn.com/i/teamlogos/soccer/500/262.png,0-0-0,0-0-0
2026-10-17,Scottish Premiership,Dundee,Rangers,,,,ESPN public event API,Waiting for odds,https://site.api.espn.com/apis/site/v2/sports/soccer/sco.1/scoreboard?dates=20260610-20261221&limit=300,,401878366,2026-10-17T14:00Z,ESPN public event API,https://a.espncdn.com/i/teamlogos/soccer/500/261.png,https://a.espncdn.com/i/teamlogos/soccer/500/257.png,0-0-0,0-0-0
2026-10-17,Scottish Premiership,Hibernian,Falkirk,,,,ESPN public event API,Waiting for odds,https://site.api.espn.com/apis/site/v2/sports/soccer/sco.1/scoreboard?dates=20260610-20261221&limit=300,,401878365,2026-10-17T14:00Z,ESPN public event API,https://a.espncdn.com/i/teamlogos/soccer/500/258.png,https://a.espncdn.com/i/teamlogos/soccer/500/254.png,0-0-0,0-0-0
2026-10-17,Scottish Premiership,Kilmarnock,Motherwell,,,,ESPN public event API,Waiting for odds,https://site.api.espn.com/apis/site/v2/sports/soccer/sco.1/scoreboard?dates=20260610-20261221&limit=300,,401878364,2026-10-17T14:00Z,ESPN public event API,https://a.espncdn.com/i/teamlogos/soccer/500/260.png,https://a.espncdn.com/i/teamlogos/soccer/500/266.png,0-0-0,0-0-0
2026-10-17,Scottish Premiership,St Johnstone,Dundee United,,,,ESPN public event API,Waiting for odds,https://site.api.espn.com/apis/site/v2/sports/soccer/sco.1/scoreboard?dates=20260610-20261221&limit=300,,401878363,2026-10-17T14:00Z,ESPN public event API,https://a.espncdn.com/i/teamlogos/soccer/500/267.png,https://a.espncdn.com/i/teamlogos/soccer/500/264.png,0-0-0,0-0-0
2026-10-18,Allsvenskan,AIK,IFK Göteborg,,,,ESPN public event API,Waiting for odds,https://site.api.espn.com/apis/site/v2/sports/soccer/swe.1/scoreboard?dates=20260513-20261123&limit=300,,401842848,2026-10-18T04:00Z,ESPN public event API,https://a.espncdn.com/i/teamlogos/soccer/500/994.png,https://a.espncdn.com/i/teamlogos/soccer/500/2556.png,3-3-3,1-4-4
2026-10-18,Allsvenskan,Degerfors IF,Kalmar FF,,,,ESPN public event API,Waiting for odds,https://site.api.espn.com/apis/site/v2/sports/soccer/swe.1/scoreboard?dates=20260513-20261123&limit=300,,401842846,2026-10-18T04:00Z,ESPN public event API,https://a.espncdn.com/i/teamlogos/soccer/500/20856.png,https://a.espncdn.com/i/teamlogos/soccer/500/3052.png,2-3-4,3-1-5
2026-10-18,Allsvenskan,Halmstads BK,Hammarby IF,,,,ESPN public event API,Waiting for odds,https://site.api.espn.com/apis/site/v2/sports/soccer/swe.1/scoreboard?dates=20260513-20261123&limit=300,,401842845,2026-10-18T04:00Z,ESPN public event API,https://a.espncdn.com/i/teamlogos/soccer/500/3017.png,https://a.espncdn.com/i/teamlogos/soccer/500/2495.png,1-3-5,5-2-3
2026-10-18,Allsvenskan,IF Brommapojkarna,Djurgården,,,,ESPN public event API,Waiting for odds,https://site.api.espn.com/apis/site/v2/sports/soccer/swe.1/scoreboard?dates=20260513-20261123&limit=300,,401842847,2026-10-18T04:00Z,ESPN public event API,https://a.espncdn.com/i/teamlogos/soccer/500/8221.png,https://a.espncdn.com/i/teamlogos/soccer/500/2339.png,4-2-3,4-1-4
2026-10-18,Allsvenskan,IK Sirius,IF Elfsborg,,,,ESPN public event API,Waiting for odds,https://site.api.espn.com/apis/site/v2/sports/soccer/swe.1/scoreboard?dates=20260513-20261123&limit=300,,401842843,2026-10-18T04:00Z,ESPN public event API,https://a.espncdn.com/i/teamlogos/soccer/500/8547.png,https://a.espncdn.com/i/teamlogos/soccer/500/529.png,8-1-0,4-5-1
2026-10-18,Allsvenskan,Malmö FF,BK Häcken,,,,ESPN public event API,Waiting for odds,https://site.api.espn.com/apis/site/v2/sports/soccer/swe.1/scoreboard?dates=20260513-20261123&limit=300,,401842844,2026-10-18T04:00Z,ESPN public event API,https://a.espncdn.com/i/teamlogos/soccer/500/2720.png,https://a.espncdn.com/i/teamlogos/soccer/500/7834.png,3-1-5,4-5-0
2026-10-18,Allsvenskan,Örgryte IS,GAIS,,,,ESPN public event API,Waiting for odds,https://site.api.espn.com/apis/site/v2/sports/soccer/swe.1/scoreboard?dates=20260513-20261123&limit=300,,401842849,2026-10-18T04:00Z,ESPN public event API,https://a.espncdn.com/i/teamlogos/soccer/500/131552.png,https://a.espncdn.com/i/teamlogos/soccer/500/8222.png,1-2-6,3-3-4
2026-10-18,Allsvenskan,Västerås SK,Mjällby AIF,,,,ESPN public event API,Waiting for odds,https://site.api.espn.com/apis/site/v2/sports/soccer/swe.1/scoreboard?dates=20260513-20261123&limit=300,,401842842,2026-10-18T04:00Z,ESPN public event API,https://a.espncdn.com/i/teamlogos/soccer/500/22163.png,https://a.espncdn.com/i/teamlogos/soccer/500/20301.png,3-3-3,4-3-3
2026-10-18,Danish Superliga,AC Horsens,Randers FC,,,,ESPN public event API,Waiting for odds,https://site.api.espn.com/apis/site/v2/sports/soccer/den.1/scoreboard?dates=20260521-20261201&limit=300,,401874728,2026-10-18T18:00Z,ESPN public event API,https://a.espncdn.com/i/teamlogos/soccer/500/3585.png,https://a.espncdn.com/i/teamlogos/soccer/500/3132.png,,
2026-10-18,Danish Superliga,F.C. København,AGF,,,,ESPN public event API,Waiting for odds,https://site.api.espn.com/apis/site/v2/sports/soccer/den.1/scoreboard?dates=20260521-20261201&limit=300,,401874551,2026-10-18T18:00Z,ESPN public event API,https://a.espncdn.com/i/teamlogos/soccer/500/909.png,https://a.espncdn.com/i/teamlogos/soccer/500/7853.png,,
2026-10-18,Danish Superliga,Lyngby Boldklub,FC Nordsjælland,,,,ESPN public event API,Waiting for odds,https://site.api.espn.com/apis/site/v2/sports/soccer/den.1/scoreboard?dates=20260521-20261201&limit=300,,401874542,2026-10-18T18:00Z,ESPN public event API,https://a.espncdn.com/i/teamlogos/soccer/500/7860.png,https://a.espncdn.com/i/teamlogos/soccer/500/3101.png,,
2026-10-18,Danish Superliga,Odense Boldklub,Brøndby IF,,,,ESPN public event API,Waiting for odds,https://site.api.espn.com/apis/site/v2/sports/soccer/den.1/scoreboard?dates=20260521-20261201&limit=300,,401874548,2026-10-18T18:00Z,ESPN public event API,https://a.espncdn.com/i/teamlogos/soccer/500/11550.png,https://a.espncdn.com/i/teamlogos/soccer/500/575.png,,
2026-10-18,Danish Superliga,Sønderjyske Fodbold,Silkeborg IF,,,,ESPN public event API,Waiting for odds,https://site.api.espn.com/apis/site/v2/sports/soccer/den.1/scoreboard?dates=20260521-20261201&limit=300,,401874565,2026-10-18T18:00Z,ESPN public event API,https://a.espncdn.com/i/teamlogos/soccer/500/8118.png,https://a.espncdn.com/i/teamlogos/soccer/500/607.png,,
2026-10-18,Danish Superliga,Viborg FF,FC Midtjylland,,,,ESPN public event API,Waiting for odds,https://site.api.espn.com/apis/site/v2/sports/soccer/den.1/scoreboard?dates=20260521-20261201&limit=300,,401874524,2026-10-18T18:00Z,ESPN public event API,https://a.espncdn.com/i/teamlogos/soccer/500/3153.png,https://a.espncdn.com/i/teamlogos/soccer/500/572.png,,
2026-10-18,Eliteserien,Hamarkameratene,Bodo/Glimt,,,,ESPN public event API,Waiting for odds,https://site.api.espn.com/apis/site/v2/sports/soccer/nor.1/scoreboard?dates=20260513-20261123&limit=300,,401843465,2026-10-18T15:00Z,ESPN public event API,https://a.espncdn.com/i/teamlogos/soccer/500/21380.png,https://a.espncdn.com/i/teamlogos/soccer/500/2980.png,5-1-3,7-1-2
2026-10-18,Eliteserien,Kristiansund BK,Aalesund,,,,ESPN public event API,Waiting for odds,https://site.api.espn.com/apis/site/v2/sports/soccer/nor.1/scoreboard?dates=20260513-20261123&limit=300,,401843464,2026-10-18T15:00Z,ESPN public event API,https://a.espncdn.com/i/teamlogos/soccer/500/6672.png,https://a.espncdn.com/i/teamlogos/soccer/500/3278.png,3-2-5,2-4-4
2026-10-18,Eliteserien,Molde,IK Start,,,,ESPN public event API,Waiting for odds,https://site.api.espn.com/apis/site/v2/sports/soccer/nor.1/scoreboard?dates=20260513-20261123&limit=300,,401843463,2026-10-18T15:00Z,ESPN public event API,https://a.espncdn.com/i/teamlogos/soccer/500/2715.png,,5-1-4,1-4-6
2026-10-18,Eliteserien,Sandefjord,Lillestrom,,,,ESPN public event API,Waiting for odds,https://site.api.espn.com/apis/site/v2/sports/soccer/nor.1/scoreboard?dates=20260513-20261123&limit=300,,401843462,2026-10-18T15:00Z,ESPN public event API,https://a.espncdn.com/i/teamlogos/soccer/500/3279.png,https://a.espncdn.com/i/teamlogos/soccer/500/987.png,4-2-4,6-1-4
2026-10-18,Eliteserien,Sarpsborg FK,Rosenborg,,,,ESPN public event API,Waiting for odds,https://site.api.espn.com/apis/site/v2/sports/soccer/nor.1/scoreboard?dates=20260513-20261123&limit=300,,401843461,2026-10-18T15:00Z,ESPN public event API,https://a.espncdn.com/i/teamlogos/soccer/500/5002.png,https://a.espncdn.com/i/teamlogos/soccer/500/438.png,3-2-5,2-2-6
2026-10-18,Eliteserien,Tromso,KFUM Oslo,,,,ESPN public event API,Waiting for odds,https://site.api.espn.com/apis/site/v2/sports/soccer/nor.1/scoreboard?dates=20260513-20261123&limit=300,,401843460,2026-10-18T15:00Z,ESPN public event API,https://a.espncdn.com/i/teamlogos/soccer/500/5270.png,https://a.espncdn.com/i/teamlogos/soccer/500/22165.png,7-3-2,3-2-5
2026-10-18,Eliteserien,Vålerenga,SK Brann,,,,ESPN public event API,Waiting for odds,https://site.api.espn.com/apis/site/v2/sports/soccer/nor.1/scoreboard?dates=20260513-20261123&limit=300,,401843466,2026-10-18T15:00Z,ESPN public event API,https://a.espncdn.com/i/teamlogos/soccer/500/2791.png,https://a.espncdn.com/i/teamlogos/soccer/500/620.png,3-2-5,4-1-6
2026-10-18,Eliteserien,Viking FK,Fredrikstad,,,,ESPN public event API,Waiting for odds,https://site.api.espn.com/apis/site/v2/sports/soccer/nor.1/scoreboard?dates=20260513-20261123&limit=300,,401843459,2026-10-18T15:00Z,ESPN public event API,https://a.espncdn.com/i/teamlogos/soccer/500/510.png,https://a.espncdn.com/i/teamlogos/soccer/500/3039.png,9-0-1,3-2-5
2026-10-18,Eredivisie,FC Groningen,Ajax Amsterdam,,,,ESPN public event API,Waiting for odds,https://site.api.espn.com/apis/site/v2/sports/soccer/ned.1/scoreboard?dates=20260528-20261208&limit=300,,401875575,2026-10-18T14:45Z,ESPN public event API,https://a.espncdn.com/i/teamlogos/soccer/500/145.png,https://a.espncdn.com/i/teamlogos/soccer/500/139.png,0-0-0,0-0-0
2026-10-18,Eredivisie,FC Twente,FC Utrecht,,,,ESPN public event API,Waiting for odds,https://site.api.espn.com/apis/site/v2/sports/soccer/ned.1/scoreboard?dates=20260528-20261208&limit=300,,401875577,2026-10-18T12:30Z,ESPN public event API,https://a.espncdn.com/i/teamlogos/soccer/500/152.png,https://a.espncdn.com/i/teamlogos/soccer/500/153.png,0-0-0,0-0-0
2026-10-18,Eredivisie,PEC Zwolle,Go Ahead Eagles,,,,ESPN public event API,Waiting for odds,https://site.api.espn.com/apis/site/v2/sports/soccer/ned.1/scoreboard?dates=20260528-20261208&limit=300,,401875578,2026-10-18T10:15Z,ESPN public event API,https://a.espncdn.com/i/teamlogos/soccer/500/2565.png,https://a.espncdn.com/i/teamlogos/soccer/500/3706.png,0-0-0,0-0-0
2026-10-18,Eredivisie,SC Cambuur,AZ Alkmaar,,,,ESPN public event API,Waiting for odds,https://site.api.espn.com/apis/site/v2/sports/soccer/ned.1/scoreboard?dates=20260528-20261208&limit=300,,401875576,2026-10-18T12:30Z,ESPN public event API,https://a.espncdn.com/i/teamlogos/soccer/500/3736.png,https://a.espncdn.com/i/teamlogos/soccer/500/140.png,0-0-0,0-0-0
2026-10-18,Serie A,AC Milan,Atalanta,,,,ESPN public event API,Waiting for odds,https://site.api.espn.com/apis/site/v2/sports/soccer/ita.1/scoreboard?dates=20260526-20261206&limit=300,,401874978,2026-10-18T18:00Z,ESPN public event API,https://a.espncdn.com/i/teamlogos/soccer/500/103.png,https://a.espncdn.com/i/teamlogos/soccer/500/105.png,0-0-0,0-0-0
2026-10-18,Serie A,AS Roma,Genoa,,,,ESPN public event API,Waiting for odds,https://site.api.espn.com/apis/site/v2/sports/soccer/ita.1/scoreboard?dates=20260526-20261206&limit=300,,401874935,2026-10-18T18:00Z,ESPN public event API,https://a.espncdn.com/i/teamlogos/soccer/500/104.png,https://a.espncdn.com/i/teamlogos/soccer/500/3263.png,0-0-0,0-0-0
2026-10-18,Serie A,Bologna,Inter Milan,,,,ESPN public event API,Waiting for odds,https://site.api.espn.com/apis/site/v2/sports/soccer/ita.1/scoreboard?dates=20260526-20261206&limit=300,,401874953,2026-10-18T18:00Z,ESPN public event API,https://a.espncdn.com/i/teamlogos/soccer/500/107.png,https://a.espncdn.com/i/teamlogos/soccer/500/110.png,0-0-0,0-0-0
2026-10-18,Serie A,Fiorentina,Como,,,,ESPN public event API,Waiting for odds,https://site.api.espn.com/apis/site/v2/sports/soccer/ita.1/scoreboard?dates=20260526-20261206&limit=300,,401874774,2026-10-18T18:00Z,ESPN public event API,https://a.espncdn.com/i/teamlogos/soccer/500/109.png,https://a.espncdn.com/i/teamlogos/soccer/500/2572.png,0-0-0,0-0-0
2026-10-18,Serie A,Frosinone,Sassuolo,,,,ESPN public event API,Waiting for odds,https://site.api.espn.com/apis/site/v2/sports/soccer/ita.1/scoreboard?dates=20260526-20261206&limit=300,,401874959,2026-10-18T18:00Z,ESPN public event API,https://a.espncdn.com/i/teamlogos/soccer/500/4057.png,https://a.espncdn.com/i/teamlogos/soccer/500/3997.png,0-0-0,0-0-0
2026-10-18,Serie A,Juventus,Lazio,,,,ESPN public event API,Waiting for odds,https://site.api.espn.com/apis/site/v2/sports/soccer/ita.1/scoreboard?dates=20260526-20261206&limit=300,,401874765,2026-10-18T18:00Z,ESPN public event API,https://a.espncdn.com/i/teamlogos/soccer/500/111.png,https://a.espncdn.com/i/teamlogos/soccer/500/112.png,0-0-0,0-0-0
2026-10-18,Serie A,Monza,Cagliari,,,,ESPN public event API,Waiting for odds,https://site.api.espn.com/apis/site/v2/sports/soccer/ita.1/scoreboard?dates=20260526-20261206&limit=300,,401874762,2026-10-18T18:00Z,ESPN public event API,https://a.espncdn.com/i/teamlogos/soccer/500/4007.png,https://a.espncdn.com/i/teamlogos/soccer/500/2925.png,0-0-0,0-0-0
2026-10-18,Serie A,Parma,Torino,,,,ESPN public event API,Waiting for odds,https://site.api.espn.com/apis/site/v2/sports/soccer/ita.1/scoreboard?dates=20260526-20261206&limit=300,,401874784,2026-10-18T18:00Z,ESPN public event API,https://a.espncdn.com/i/teamlogos/soccer/500/115.png,https://a.espncdn.com/i/teamlogos/soccer/500/239.png,0-0-0,0-0-0
2026-10-18,Serie A,Udinese,Lecce,,,,ESPN public event API,Waiting for odds,https://site.api.espn.com/apis/site/v2/sports/soccer/ita.1/scoreboard?dates=20260526-20261206&limit=300,,401874771,2026-10-18T18:00Z,ESPN public event API,https://a.espncdn.com/i/teamlogos/soccer/500/118.png,https://a.espncdn.com/i/teamlogos/soccer/500/113.png,0-0-0,0-0-0
2026-10-18,Serie A,Venezia,Napoli,,,,ESPN public event API,Waiting for odds,https://site.api.espn.com/apis/site/v2/sports/soccer/ita.1/scoreboard?dates=20260526-20261206&limit=300,,401874760,2026-10-18T18:00Z,ESPN public event API,https://a.espncdn.com/i/teamlogos/soccer/500/17530.png,https://a.espncdn.com/i/teamlogos/soccer/500/114.png,0-0-0,0-0-0
2026-10-23,Eredivisie,Go Ahead Eagles,Telstar,,,,ESPN public event API,Waiting for odds,https://site.api.espn.com/apis/site/v2/sports/soccer/ned.1/scoreboard?dates=20260528-20261208&limit=300,,401875574,2026-10-23T18:00Z,ESPN public event API,https://a.espncdn.com/i/teamlogos/soccer/500/3706.png,https://a.espncdn.com/i/teamlogos/soccer/500/3735.png,0-0-0,0-0-0
2026-10-24,Belgian Pro League,Antwerp,Royal Charleroi SC,,,,ESPN public event API,Waiting for odds,https://site.api.espn.com/apis/site/v2/sports/soccer/bel.1/scoreboard?dates=20260610-20261221&limit=300,,401878968,2026-10-24T18:00Z,ESPN public event API,https://a.espncdn.com/i/teamlogos/soccer/500/17544.png,https://a.espncdn.com/i/teamlogos/soccer/500/3616.png,0-0-0,0-0-0
2026-10-24,Belgian Pro League,Club Brugge,Sint-Truidense,,,,ESPN public event API,Waiting for odds,https://site.api.espn.com/apis/site/v2/sports/soccer/bel.1/scoreboard?dates=20260610-20261221&limit=300,,401878964,2026-10-24T18:00Z,ESPN public event API,https://a.espncdn.com/i/teamlogos/soccer/500/570.png,https://a.espncdn.com/i/teamlogos/soccer/500/936.png,0-0-0,0-0-0
2026-10-24,Belgian Pro League,KAA Gent,Anderlecht,,,,ESPN public event API,Waiting for odds,https://site.api.espn.com/apis/site/v2/sports/soccer/bel.1/scoreboard?dates=20260610-20261221&limit=300,,401878962,2026-10-24T18:00Z,ESPN public event API,https://a.espncdn.com/i/teamlogos/soccer/500/3611.png,https://a.espncdn.com/i/teamlogos/soccer/500/441.png,0-0-0,0-0-0
2026-10-24,Belgian Pro League,KV Kortrijk,KV Mechelen,,,,ESPN public event API,Waiting for odds,https://site.api.espn.com/apis/site/v2/sports/soccer/bel.1/scoreboard?dates=20260610-20261221&limit=300,,401878967,2026-10-24T18:00Z,ESPN public event API,https://a.espncdn.com/i/teamlogos/soccer/500/5786.png,https://a.espncdn.com/i/teamlogos/soccer/500/7879.png,0-0-0,0-0-0
2026-10-24,Belgian Pro League,KVC Westerlo,Waasland-Beveren,,,,ESPN public event API,Waiting for odds,https://site.api.espn.com/apis/site/v2/sports/soccer/bel.1/scoreboard?dates=20260610-20261221&limit=300,,401878965,2026-10-24T18:00Z,ESPN public event API,https://a.espncdn.com/i/teamlogos/soccer/500/606.png,https://a.espncdn.com/i/teamlogos/soccer/500/13450.png,0-0-0,0-0-0
2026-10-24,Belgian Pro League,OH Leuven,Lommel SK,,,,ESPN public event API,Waiting for odds,https://site.api.espn.com/apis/site/v2/sports/soccer/bel.1/scoreboard?dates=20260610-20261221&limit=300,,401878969,2026-10-24T18:00Z,ESPN public event API,https://a.espncdn.com/i/teamlogos/soccer/500/5579.png,,0-0-0,0-0-0
2026-10-24,Belgian Pro League,RAAL La Louvière,Zulte-Waregem,,,,ESPN public event API,Waiting for odds,https://site.api.espn.com/apis/site/v2/sports/soccer/bel.1/scoreboard?dates=20260610-20261221&limit=300,,401878966,2026-10-24T18:00Z,ESPN public event API,https://a.espncdn.com/i/teamlogos/soccer/500/131235.png,https://a.espncdn.com/i/teamlogos/soccer/500/4691.png,0-0-0,0-0-0
2026-10-24,Belgian Pro League,Racing Genk,Standard Liege,,,,ESPN public event API,Waiting for odds,https://site.api.espn.com/apis/site/v2/sports/soccer/bel.1/scoreboard?dates=20260610-20261221&limit=300,,401878963,2026-10-24T18:00Z,ESPN public event API,https://a.espncdn.com/i/teamlogos/soccer/500/938.png,https://a.espncdn.com/i/teamlogos/soccer/500/559.png,0-0-0,0-0-0
2026-10-24,Belgian Pro League,Union St.-Gilloise,Cercle Brugge KSV,,,,ESPN public event API,Waiting for odds,https://site.api.espn.com/apis/site/v2/sports/soccer/bel.1/scoreboard?dates=20260610-20261221&limit=300,,401878961,2026-10-24T18:00Z,ESPN public event API,https://a.espncdn.com/i/teamlogos/soccer/500/5807.png,https://a.espncdn.com/i/teamlogos/soccer/500/3610.png,0-0-0,0-0-0
2026-10-24,EPL,Arsenal,Everton,,,,ESPN public event API,Waiting for odds,https://site.api.espn.com/apis/site/v2/sports/soccer/eng.1/scoreboard?dates=20260610-20261221&limit=300,,401878768,2026-10-24T14:00Z,ESPN public event API,https://a.espncdn.com/i/teamlogos/soccer/500/359.png,https://a.espncdn.com/i/teamlogos/soccer/500/368.png,0-0-0,0-0-0
2026-10-24,EPL,Aston Villa,Man City,,,,ESPN public event API,Waiting for odds,https://site.api.espn.com/apis/site/v2/sports/soccer/eng.1/scoreboard?dates=20260610-20261221&limit=300,,401879256,2026-10-24T14:00Z,ESPN public event API,https://a.espncdn.com/i/teamlogos/soccer/500/362.png,https://a.espncdn.com/i/teamlogos/soccer/500/382.png,0-0-0,0-0-0
2026-10-24,EPL,Chelsea,Tottenham,,,,ESPN public event API,Waiting for odds,https://site.api.espn.com/apis/site/v2/sports/soccer/eng.1/scoreboard?dates=20260610-20261221&limit=300,,401878767,2026-10-24T14:00Z,ESPN public event API,https://a.espncdn.com/i/teamlogos/soccer/500/363.png,https://a.espncdn.com/i/teamlogos/soccer/500/367.png,0-0-0,0-0-0
2026-10-24,EPL,Coventry City,Fulham,,,,ESPN public event API,Waiting for odds,https://site.api.espn.com/apis/site/v2/sports/soccer/eng.1/scoreboard?dates=20260610-20261221&limit=300,,401879255,2026-10-24T14:00Z,ESPN public event API,https://a.espncdn.com/i/teamlogos/soccer/500/388.png,https://a.espncdn.com/i/teamlogos/soccer/500/370.png,0-0-0,0-0-0
2026-10-24,EPL,Crystal Palace,Newcastle United,,,,ESPN public event API,Waiting for odds,https://site.api.espn.com/apis/site/v2/sports/soccer/eng.1/scoreboard?dates=20260610-20261221&limit=300,,401879254,2026-10-24T14:00Z,ESPN public event API,https://a.espncdn.com/i/teamlogos/soccer/500/384.png,https://a.espncdn.com/i/teamlogos/soccer/500/361.png,0-0-0,0-0-0
2026-10-24,EPL,Hull City,Brentford,,,,ESPN public event API,Waiting for odds,https://site.api.espn.com/apis/site/v2/sports/soccer/eng.1/scoreboard?dates=20260610-20261221&limit=300,,401878766,2026-10-24T14:00Z,ESPN public event API,https://a.espncdn.com/i/teamlogos/soccer/500/306.png,https://a.espncdn.com/i/teamlogos/soccer/500/337.png,0-0-0,0-0-0
2026-10-24,EPL,Ipswich Town,Nott'm Forest,,,,ESPN public event API,Waiting for odds,https://site.api.espn.com/apis/site/v2/sports/soccer/eng.1/scoreboard?dates=20260610-20261221&limit=300,,401879253,2026-10-24T14:00Z,ESPN public event API,https://a.espncdn.com/i/teamlogos/soccer/500/373.png,https://a.espncdn.com/i/teamlogos/soccer/500/393.png,0-0-0,0-0-0
2026-10-24,EPL,Liverpool,Brighton,,,,ESPN public event API,Waiting for odds,https://site.api.espn.com/apis/site/v2/sports/soccer/eng.1/scoreboard?dates=20260610-20261221&limit=300,,401878765,2026-10-24T14:00Z,ESPN public event API,https://a.espncdn.com/i/teamlogos/soccer/500/364.png,https://a.espncdn.com/i/teamlogos/soccer/500/331.png,0-0-0,0-0-0
2026-10-24,EPL,Man United,Bournemouth,,,,ESPN public event API,Waiting for odds,https://site.api.espn.com/apis/site/v2/sports/soccer/eng.1/scoreboard?dates=20260610-20261221&limit=300,,401879252,2026-10-24T14:00Z,ESPN public event API,https://a.espncdn.com/i/teamlogos/soccer/500/360.png,https://a.espncdn.com/i/teamlogos/soccer/500/349.png,0-0-0,0-0-0
2026-10-24,EPL,Sunderland,Leeds United,,,,ESPN public event API,Waiting for odds,https://site.api.espn.com/apis/site/v2/sports/soccer/eng.1/scoreboard?dates=20260610-20261221&limit=300,,401878764,2026-10-24T14:00Z,ESPN public event API,https://a.espncdn.com/i/teamlogos/soccer/500/366.png,https://a.espncdn.com/i/teamlogos/soccer/500/357.png,0-0-0,0-0-0
2026-10-24,Eredivisie,ADO Den Haag,Heerenveen,,,,ESPN public event API,Waiting for odds,https://site.api.espn.com/apis/site/v2/sports/soccer/ned.1/scoreboard?dates=20260528-20261208&limit=300,,401875571,2026-10-24T19:00Z,ESPN public event API,https://a.espncdn.com/i/teamlogos/soccer/500/2726.png,https://a.espncdn.com/i/teamlogos/soccer/500/146.png,0-0-0,0-0-0
2026-10-24,Eredivisie,FC Utrecht,PEC Zwolle,,,,ESPN public event API,Waiting for odds,https://site.api.espn.com/apis/site/v2/sports/soccer/ned.1/scoreboard?dates=20260528-20261208&limit=300,,401875573,2026-10-24T14:30Z,ESPN public event API,https://a.espncdn.com/i/teamlogos/soccer/500/153.png,https://a.espncdn.com/i/teamlogos/soccer/500/2565.png,0-0-0,0-0-0
2026-10-24,Eredivisie,Willem II,SC Cambuur,,,,ESPN public event API,Waiting for odds,https://site.api.espn.com/apis/site/v2/sports/soccer/ned.1/scoreboard?dates=20260528-20261208&limit=300,,401875572,2026-10-24T16:45Z,ESPN public event API,https://a.espncdn.com/i/teamlogos/soccer/500/156.png,https://a.espncdn.com/i/teamlogos/soccer/500/3736.png,0-0-0,0-0-0
2026-10-24,Ligue 1,AJ Auxerre,Le Mans,,,,ESPN public event API,Waiting for odds,https://site.api.espn.com/apis/site/v2/sports/soccer/fra.1/scoreboard?dates=20260528-20261208&limit=300,,401876429,2026-10-24T18:00Z,ESPN public event API,https://a.espncdn.com/i/teamlogos/soccer/500/172.png,https://a.espncdn.com/i/teamlogos/soccer/500/2697.png,0-0-0,0-0-0
2026-10-24,Ligue 1,Angers,Lorient,,,,ESPN public event API,Waiting for odds,https://site.api.espn.com/apis/site/v2/sports/soccer/fra.1/scoreboard?dates=20260528-20261208&limit=300,,401876430,2026-10-24T18:00Z,ESPN public event API,https://a.espncdn.com/i/teamlogos/soccer/500/7868.png,https://a.espncdn.com/i/teamlogos/soccer/500/273.png,0-0-0,0-0-0
2026-10-24,Ligue 1,AS Monaco,Lille,,,,ESPN public event API,Waiting for odds,https://site.api.espn.com/apis/site/v2/sports/soccer/fra.1/scoreboard?dates=20260528-20261208&limit=300,,401876425,2026-10-24T18:00Z,ESPN public event API,https://a.espncdn.com/i/teamlogos/soccer/500/174.png,https://a.espncdn.com/i/teamlogos/soccer/500/166.png,0-0-0,0-0-0
2026-10-24,Ligue 1,Brest,Nice,,,,ESPN public event API,Waiting for odds,https://site.api.espn.com/apis/site/v2/sports/soccer/fra.1/scoreboard?dates=20260528-20261208&limit=300,,401876428,2026-10-24T18:00Z,ESPN public event API,https://a.espncdn.com/i/teamlogos/soccer/500/6997.png,https://a.espncdn.com/i/teamlogos/soccer/500/2502.png,0-0-0,0-0-0
2026-10-24,Ligue 1,Lens,Paris FC,,,,ESPN public event API,Waiting for odds,https://site.api.espn.com/apis/site/v2/sports/soccer/fra.1/scoreboard?dates=20260528-20261208&limit=300,,401876427,2026-10-24T18:00Z,ESPN public event API,https://a.espncdn.com/i/teamlogos/soccer/500/175.png,https://a.espncdn.com/i/teamlogos/soccer/500/6851.png,0-0-0,0-0-0
2026-10-24,Ligue 1,Marseille,Le Havre AC,,,,ESPN public event API,Waiting for odds,https://site.api.espn.com/apis/site/v2/sports/soccer/fra.1/scoreboard?dates=20260528-20261208&limit=300,,401876426,2026-10-24T18:00Z,ESPN public event API,https://a.espncdn.com/i/teamlogos/soccer/500/176.png,https://a.espncdn.com/i/teamlogos/soccer/500/3236.png,0-0-0,0-0-0
2026-10-24,Ligue 1,Stade Rennais,Strasbourg,,,,ESPN public event API,Waiting for odds,https://site.api.espn.com/apis/site/v2/sports/soccer/fra.1/scoreboard?dates=20260528-20261208&limit=300,,401876424,2026-10-24T18:00Z,ESPN public event API,https://a.espncdn.com/i/teamlogos/soccer/500/169.png,https://a.espncdn.com/i/teamlogos/soccer/500/180.png,0-0-0,0-0-0
2026-10-24,Ligue 1,Toulouse,Troyes,,,,ESPN public event API,Waiting for odds,https://site.api.espn.com/apis/site/v2/sports/soccer/fra.1/scoreboard?dates=20260528-20261208&limit=300,,401876423,2026-10-24T18:00Z,ESPN public event API,https://a.espncdn.com/i/teamlogos/soccer/500/179.png,https://a.espncdn.com/i/teamlogos/soccer/500/170.png,0-0-0,0-0-0
2026-10-24,Scottish Premiership,Dundee United,Aberdeen,,,,ESPN public event API,Waiting for odds,https://site.api.espn.com/apis/site/v2/sports/soccer/sco.1/scoreboard?dates=20260610-20261221&limit=300,,401878362,2026-10-24T14:00Z,ESPN public event API,https://a.espncdn.com/i/teamlogos/soccer/500/264.png,https://a.espncdn.com/i/teamlogos/soccer/500/263.png,0-0-0,0-0-0
2026-10-24,Scottish Premiership,Falkirk,Kilmarnock,,,,ESPN public event API,Waiting for odds,https://site.api.espn.com/apis/site/v2/sports/soccer/sco.1/scoreboard?dates=20260610-20261221&limit=300,,401878361,2026-10-24T14:00Z,ESPN public event API,https://a.espncdn.com/i/teamlogos/soccer/500/254.png,https://a.espncdn.com/i/teamlogos/soccer/500/260.png,0-0-0,0-0-0
2026-10-24,Scottish Premiership,Hibernian,Celtic,,,,ESPN public event API,Waiting for odds,https://site.api.espn.com/apis/site/v2/sports/soccer/sco.1/scoreboard?dates=20260610-20261221&limit=300,,401878360,2026-10-24T14:00Z,ESPN public event API,https://a.espncdn.com/i/teamlogos/soccer/500/258.png,https://a.espncdn.com/i/teamlogos/soccer/500/256.png,0-0-0,0-0-0
2026-10-24,Scottish Premiership,Motherwell,Heart of Midlothian,,,,ESPN public event API,Waiting for odds,https://site.api.espn.com/apis/site/v2/sports/soccer/sco.1/scoreboard?dates=20260610-20261221&limit=300,,401878359,2026-10-24T14:00Z,ESPN public event API,https://a.espncdn.com/i/teamlogos/soccer/500/266.png,https://a.espncdn.com/i/teamlogos/soccer/500/262.png,0-0-0,0-0-0
2026-10-24,Scottish Premiership,Rangers,St Johnstone,,,,ESPN public event API,Waiting for odds,https://site.api.espn.com/apis/site/v2/sports/soccer/sco.1/scoreboard?dates=20260610-20261221&limit=300,,401878358,2026-10-24T14:00Z,ESPN public event API,https://a.espncdn.com/i/teamlogos/soccer/500/257.png,https://a.espncdn.com/i/teamlogos/soccer/500/267.png,0-0-0,0-0-0
2026-10-24,Scottish Premiership,St Mirren,Dundee,,,,ESPN public event API,Waiting for odds,https://site.api.espn.com/apis/site/v2/sports/soccer/sco.1/scoreboard?dates=20260610-20261221&limit=300,,401878357,2026-10-24T14:00Z,ESPN public event API,https://a.espncdn.com/i/teamlogos/soccer/500/250.png,https://a.espncdn.com/i/teamlogos/soccer/500/261.png,0-0-0,0-0-0
2026-10-25,Allsvenskan,BK Häcken,Degerfors IF,,,,ESPN public event API,Waiting for odds,https://site.api.espn.com/apis/site/v2/sports/soccer/swe.1/scoreboard?dates=20260513-20261123&limit=300,,401842856,2026-10-25T04:00Z,ESPN public event API,https://a.espncdn.com/i/teamlogos/soccer/500/7834.png,https://a.espncdn.com/i/teamlogos/soccer/500/20856.png,4-5-0,2-3-4
2026-10-25,Allsvenskan,Djurgården,Örgryte IS,,,,ESPN public event API,Waiting for odds,https://site.api.espn.com/apis/site/v2/sports/soccer/swe.1/scoreboard?dates=20260513-20261123&limit=300,,401842850,2026-10-25T04:00Z,ESPN public event API,https://a.espncdn.com/i/teamlogos/soccer/500/2339.png,https://a.espncdn.com/i/teamlogos/soccer/500/131552.png,4-1-4,1-2-6
2026-10-25,Allsvenskan,GAIS,IFK Göteborg,,,,ESPN public event API,Waiting for odds,https://site.api.espn.com/apis/site/v2/sports/soccer/swe.1/scoreboard?dates=20260513-20261123&limit=300,,401842857,2026-10-25T04:00Z,ESPN public event API,https://a.espncdn.com/i/teamlogos/soccer/500/8222.png,https://a.espncdn.com/i/teamlogos/soccer/500/2556.png,3-3-4,1-4-4
2026-10-25,Allsvenskan,IF Elfsborg,Malmö FF,,,,ESPN public event API,Waiting for odds,https://site.api.espn.com/apis/site/v2/sports/soccer/swe.1/scoreboard?dates=20260513-20261123&limit=300,,401842851,2026-10-25T04:00Z,ESPN public event API,https://a.espncdn.com/i/teamlogos/soccer/500/529.png,https://a.espncdn.com/i/teamlogos/soccer/500/2720.png,4-5-1,3-1-5
2026-10-25,Allsvenskan,IK Sirius,AIK,,,,ESPN public event API,Waiting for odds,https://site.api.espn.com/apis/site/v2/sports/soccer/swe.1/scoreboard?dates=20260513-20261123&limit=300,,401842853,2026-10-25T04:00Z,ESPN public event API,https://a.espncdn.com/i/teamlogos/soccer/500/8547.png,https://a.espncdn.com/i/teamlogos/soccer/500/994.png,8-1-0,3-3-3
2026-10-25,Allsvenskan,Kalmar FF,IF Brommapojkarna,,,,ESPN public event API,Waiting for odds,https://site.api.espn.com/apis/site/v2/sports/soccer/swe.1/scoreboard?dates=20260513-20261123&limit=300,,401842855,2026-10-25T04:00Z,ESPN public event API,https://a.espncdn.com/i/teamlogos/soccer/500/3052.png,https://a.espncdn.com/i/teamlogos/soccer/500/8221.png,3-1-5,4-2-3
2026-10-25,Allsvenskan,Mjällby AIF,Hammarby IF,,,,ESPN public event API,Waiting for odds,https://site.api.espn.com/apis/site/v2/sports/soccer/swe.1/scoreboard?dates=20260513-20261123&limit=300,,401842854,2026-10-25T04:00Z,ESPN public event API,https://a.espncdn.com/i/teamlogos/soccer/500/20301.png,https://a.espncdn.com/i/teamlogos/soccer/500/2495.png,4-3-3,5-2-3
2026-10-25,Allsvenskan,Västerås SK,Halmstads BK,,,,ESPN public event API,Waiting for odds,https://site.api.espn.com/apis/site/v2/sports/soccer/swe.1/scoreboard?dates=20260513-20261123&limit=300,,401842852,2026-10-25T04:00Z,ESPN public event API,https://a.espncdn.com/i/teamlogos/soccer/500/22163.png,https://a.espncdn.com/i/teamlogos/soccer/500/3017.png,3-3-3,1-3-5
2026-10-25,Danish Superliga,AC Horsens,Sønderjyske Fodbold,,,,ESPN public event API,Waiting for odds,https://site.api.espn.com/apis/site/v2/sports/soccer/den.1/scoreboard?dates=20260521-20261201&limit=300,,401874546,2026-10-25T18:00Z,ESPN public event API,https://a.espncdn.com/i/teamlogos/soccer/500/3585.png,https://a.espncdn.com/i/teamlogos/soccer/500/8118.png,,
2026-10-25,Danish Superliga,AGF,Viborg FF,,,,ESPN public event API,Waiting for odds,https://site.api.espn.com/apis/site/v2/sports/soccer/den.1/scoreboard?dates=20260521-20261201&limit=300,,401874553,2026-10-25T18:00Z,ESPN public event API,https://a.espncdn.com/i/teamlogos/soccer/500/7853.png,https://a.espncdn.com/i/teamlogos/soccer/500/3153.png,,
2026-10-25,Danish Superliga,F.C. København,Odense Boldklub,,,,ESPN public event API,Waiting for odds,https://site.api.espn.com/apis/site/v2/sports/soccer/den.1/scoreboard?dates=20260521-20261201&limit=300,,401874531,2026-10-25T18:00Z,ESPN public event API,https://a.espncdn.com/i/teamlogos/soccer/500/909.png,https://a.espncdn.com/i/teamlogos/soccer/500/11550.png,,
2026-10-25,Danish Superliga,FC Midtjylland,Lyngby Boldklub,,,,ESPN public event API,Waiting for odds,https://site.api.espn.com/apis/site/v2/sports/soccer/den.1/scoreboard?dates=20260521-20261201&limit=300,,401874547,2026-10-25T18:00Z,ESPN public event API,https://a.espncdn.com/i/teamlogos/soccer/500/572.png,https://a.espncdn.com/i/teamlogos/soccer/500/7860.png,,
2026-10-25,Danish Superliga,Randers FC,Brøndby IF,,,,ESPN public event API,Waiting for odds,https://site.api.espn.com/apis/site/v2/sports/soccer/den.1/scoreboard?dates=20260521-20261201&limit=300,,401874550,2026-10-25T18:00Z,ESPN public event API,https://a.espncdn.com/i/teamlogos/soccer/500/3132.png,https://a.espncdn.com/i/teamlogos/soccer/500/575.png,,
2026-10-25,Danish Superliga,Silkeborg IF,FC Nordsjælland,,,,ESPN public event API,Waiting for odds,https://site.api.espn.com/apis/site/v2/sports/soccer/den.1/scoreboard?dates=20260521-20261201&limit=300,,401874735,2026-10-25T18:00Z,ESPN public event API,https://a.espncdn.com/i/teamlogos/soccer/500/607.png,https://a.espncdn.com/i/teamlogos/soccer/500/3101.png,,
2026-10-25,Eliteserien,Bodo/Glimt,Vålerenga,,,,ESPN public event API,Waiting for odds,https://site.api.espn.com/apis/site/v2/sports/soccer/nor.1/scoreboard?dates=20260513-20261123&limit=300,,401843372,2026-10-25T16:00Z,ESPN public event API,https://a.espncdn.com/i/teamlogos/soccer/500/2980.png,https://a.espncdn.com/i/teamlogos/soccer/500/2791.png,7-1-2,3-2-5
2026-10-25,Eliteserien,Hamarkameratene,Rosenborg,,,,ESPN public event API,Waiting for odds,https://site.api.espn.com/apis/site/v2/sports/soccer/nor.1/scoreboard?dates=20260513-20261123&limit=300,,401843371,2026-10-25T16:00Z,ESPN public event API,https://a.espncdn.com/i/teamlogos/soccer/500/21380.png,https://a.espncdn.com/i/teamlogos/soccer/500/438.png,5-1-3,2-2-6
2026-10-25,Eliteserien,IK Start,Sandefjord,,,,ESPN public event API,Waiting for odds,https://site.api.espn.com/apis/site/v2/sports/soccer/nor.1/scoreboard?dates=20260513-20261123&limit=300,,401843366,2026-10-25T16:00Z,ESPN public event API,,https://a.espncdn.com/i/teamlogos/soccer/500/3279.png,1-4-6,4-2-4
2026-10-25,Eliteserien,Kristiansund BK,KFUM Oslo,,,,ESPN public event API,Waiting for odds,https://site.api.espn.com/apis/site/v2/sports/soccer/nor.1/scoreboard?dates=20260513-20261123&limit=300,,401843370,2026-10-25T16:00Z,ESPN public event API,https://a.espncdn.com/i/teamlogos/soccer/500/6672.png,https://a.espncdn.com/i/teamlogos/soccer/500/22165.png,3-2-5,3-2-5
2026-10-25,Eliteserien,Lillestrom,SK Brann,,,,ESPN public event API,Waiting for odds,https://site.api.espn.com/apis/site/v2/sports/soccer/nor.1/scoreboard?dates=20260513-20261123&limit=300,,401843369,2026-10-25T16:00Z,ESPN public event API,https://a.espncdn.com/i/teamlogos/soccer/500/987.png,https://a.espncdn.com/i/teamlogos/soccer/500/620.png,6-1-4,4-1-6
2026-10-25,Eliteserien,Molde,Fredrikstad,,,,ESPN public event API,Waiting for odds,https://site.api.espn.com/apis/site/v2/sports/soccer/nor.1/scoreboard?dates=20260513-20261123&limit=300,,401843368,2026-10-25T16:00Z,ESPN public event API,https://a.espncdn.com/i/teamlogos/soccer/500/2715.png,https://a.espncdn.com/i/teamlogos/soccer/500/3039.png,5-1-4,3-2-5
2026-10-25,Eliteserien,Sarpsborg FK,Aalesund,,,,ESPN public event API,Waiting for odds,https://site.api.espn.com/apis/site/v2/sports/soccer/nor.1/scoreboard?dates=20260513-20261123&limit=300,,401843367,2026-10-25T16:00Z,ESPN public event API,https://a.espncdn.com/i/teamlogos/soccer/500/5002.png,https://a.espncdn.com/i/teamlogos/soccer/500/3278.png,3-2-5,2-4-4
2026-10-25,Eliteserien,Viking FK,Tromso,,,,ESPN public event API,Waiting for odds,https://site.api.espn.com/apis/site/v2/sports/soccer/nor.1/scoreboard?dates=20260513-20261123&limit=300,,401843373,2026-10-25T16:00Z,ESPN public event API,https://a.espncdn.com/i/teamlogos/soccer/500/510.png,https://a.espncdn.com/i/teamlogos/soccer/500/5270.png,9-0-1,7-3-2
2026-10-25,Eredivisie,AZ Alkmaar,FC Twente,,,,ESPN public event API,Waiting for odds,https://site.api.espn.com/apis/site/v2/sports/soccer/ned.1/scoreboard?dates=20260528-20261208&limit=300,,401875566,2026-10-25T19:00Z,ESPN public event API,https://a.espncdn.com/i/teamlogos/soccer/500/140.png,https://a.espncdn.com/i/teamlogos/soccer/500/152.png,0-0-0,0-0-0
2026-10-25,Eredivisie,Fortuna Sittard,Excelsior,,,,ESPN public event API,Waiting for odds,https://site.api.espn.com/apis/site/v2/sports/soccer/ned.1/scoreboard?dates=20260528-20261208&limit=300,,401875570,2026-10-25T11:15Z,ESPN public event API,https://a.espncdn.com/i/teamlogos/soccer/500/143.png,https://a.espncdn.com/i/teamlogos/soccer/500/2566.png,0-0-0,0-0-0
2026-10-25,Eredivisie,NEC Nijmegen,FC Groningen,,,,ESPN public event API,Waiting for odds,https://site.api.espn.com/apis/site/v2/sports/soccer/ned.1/scoreboard?dates=20260528-20261208&limit=300,,401875569,2026-10-25T13:30Z,ESPN public event API,https://a.espncdn.com/i/teamlogos/soccer/500/147.png,https://a.espncdn.com/i/teamlogos/soccer/500/145.png,0-0-0,0-0-0
2026-10-25,Eredivisie,PSV Eindhoven,Feyenoord Rotterdam,,,,ESPN public event API,Waiting for odds,https://site.api.espn.com/apis/site/v2/sports/soccer/ned.1/scoreboard?dates=20260528-20261208&limit=300,,401875568,2026-10-25T13:30Z,ESPN public event API,https://a.espncdn.com/i/teamlogos/soccer/500/148.png,https://a.espncdn.com/i/teamlogos/soccer/500/142.png,0-0-0,0-0-0
2026-10-25,Eredivisie,Sparta Rotterdam,Ajax Amsterdam,,,,ESPN public event API,Waiting for odds,https://site.api.espn.com/apis/site/v2/sports/soccer/ned.1/scoreboard?dates=20260528-20261208&limit=300,,401875567,2026-10-25T15:45Z,ESPN public event API,https://a.espncdn.com/i/teamlogos/soccer/500/151.png,https://a.espncdn.com/i/teamlogos/soccer/500/139.png,0-0-0,0-0-0
2026-10-25,Ligue 1,Paris SG,Lyon,,,,ESPN public event API,Waiting for odds,https://site.api.espn.com/apis/site/v2/sports/soccer/fra.1/scoreboard?dates=20260528-20261208&limit=300,,401876422,2026-10-25T19:45Z,ESPN public event API,https://a.espncdn.com/i/teamlogos/soccer/500/160.png,https://a.espncdn.com/i/teamlogos/soccer/500/167.png,0-0-0,0-0-0
2026-10-25,Serie A,Atalanta,Frosinone,,,,ESPN public event API,Waiting for odds,https://site.api.espn.com/apis/site/v2/sports/soccer/ita.1/scoreboard?dates=20260526-20261206&limit=300,,401874972,2026-10-25T18:00Z,ESPN public event API,https://a.espncdn.com/i/teamlogos/soccer/500/105.png,https://a.espncdn.com/i/teamlogos/soccer/500/4057.png,0-0-0,0-0-0
2026-10-25,Serie A,Cagliari,Bologna,,,,ESPN public event API,Waiting for odds,https://site.api.espn.com/apis/site/v2/sports/soccer/ita.1/scoreboard?dates=20260526-20261206&limit=300,,401874958,2026-10-25T18:00Z,ESPN public event API,https://a.espncdn.com/i/teamlogos/soccer/500/2925.png,https://a.espncdn.com/i/teamlogos/soccer/500/107.png,0-0-0,0-0-0
2026-10-25,Serie A,Como,Sassuolo,,,,ESPN public event API,Waiting for odds,https://site.api.espn.com/apis/site/v2/sports/soccer/ita.1/scoreboard?dates=20260526-20261206&limit=300,,401874961,2026-10-25T18:00Z,ESPN public event API,https://a.espncdn.com/i/teamlogos/soccer/500/2572.png,https://a.espncdn.com/i/teamlogos/soccer/500/3997.png,0-0-0,0-0-0
2026-10-25,Serie A,Genoa,Venezia,,,,ESPN public event API,Waiting for odds,https://site.api.espn.com/apis/site/v2/sports/soccer/ita.1/scoreboard?dates=20260526-20261206&limit=300,,401874952,2026-10-25T18:00Z,ESPN public event API,https://a.espncdn.com/i/teamlogos/soccer/500/3263.png,https://a.espncdn.com/i/teamlogos/soccer/500/17530.png,0-0-0,0-0-0
2026-10-25,Serie A,Inter Milan,Fiorentina,,,,ESPN public event API,Waiting for odds,https://site.api.espn.com/apis/site/v2/sports/soccer/ita.1/scoreboard?dates=20260526-20261206&limit=300,,401875036,2026-10-25T18:00Z,ESPN public event API,https://a.espncdn.com/i/teamlogos/soccer/500/110.png,https://a.espncdn.com/i/teamlogos/soccer/500/109.png,0-0-0,0-0-0
2026-10-25,Serie A,Lazio,Parma,,,,ESPN public event API,Waiting for odds,https://site.api.espn.com/apis/site/v2/sports/soccer/ita.1/scoreboard?dates=20260526-20261206&limit=300,,401874955,2026-10-25T18:00Z,ESPN public event API,https://a.espncdn.com/i/teamlogos/soccer/500/112.png,https://a.espncdn.com/i/teamlogos/soccer/500/115.png,0-0-0,0-0-0
2026-10-25,Serie A,Lecce,Juventus,,,,ESPN public event API,Waiting for odds,https://site.api.espn.com/apis/site/v2/sports/soccer/ita.1/scoreboard?dates=20260526-20261206&limit=300,,401874772,2026-10-25T18:00Z,ESPN public event API,https://a.espncdn.com/i/teamlogos/soccer/500/113.png,https://a.espncdn.com/i/teamlogos/soccer/500/111.png,0-0-0,0-0-0
2026-10-25,Serie A,Napoli,AS Roma,,,,ESPN public event API,Waiting for odds,https://site.api.espn.com/apis/site/v2/sports/soccer/ita.1/scoreboard?dates=20260526-20261206&limit=300,,401874948,2026-10-25T18:00Z,ESPN public event API,https://a.espncdn.com/i/teamlogos/soccer/500/114.png,https://a.espncdn.com/i/teamlogos/soccer/500/104.png,0-0-0,0-0-0
2026-10-25,Serie A,Torino,Monza,,,,ESPN public event API,Waiting for odds,https://site.api.espn.com/apis/site/v2/sports/soccer/ita.1/scoreboard?dates=20260526-20261206&limit=300,,401874957,2026-10-25T18:00Z,ESPN public event API,https://a.espncdn.com/i/teamlogos/soccer/500/239.png,https://a.espncdn.com/i/teamlogos/soccer/500/4007.png,0-0-0,0-0-0
2026-10-25,Serie A,Udinese,AC Milan,,,,ESPN public event API,Waiting for odds,https://site.api.espn.com/apis/site/v2/sports/soccer/ita.1/scoreboard?dates=20260526-20261206&limit=300,,401874779,2026-10-25T18:00Z,ESPN public event API,https://a.espncdn.com/i/teamlogos/soccer/500/118.png,https://a.espncdn.com/i/teamlogos/soccer/500/103.png,0-0-0,0-0-0
2026-10-28,Allsvenskan,AIK,IF Elfsborg,,,,ESPN public event API,Waiting for odds,https://site.api.espn.com/apis/site/v2/sports/soccer/swe.1/scoreboard?dates=20260513-20261123&limit=300,,401842858,2026-10-28T04:00Z,ESPN public event API,https://a.espncdn.com/i/teamlogos/soccer/500/994.png,https://a.espncdn.com/i/teamlogos/soccer/500/529.png,3-3-3,4-5-1
2026-10-28,Allsvenskan,Degerfors IF,Västerås SK,,,,ESPN public event API,Waiting for odds,https://site.api.espn.com/apis/site/v2/sports/soccer/swe.1/scoreboard?dates=20260513-20261123&limit=300,,401842863,2026-10-28T04:00Z,ESPN public event API,https://a.espncdn.com/i/teamlogos/soccer/500/20856.png,https://a.espncdn.com/i/teamlogos/soccer/500/22163.png,2-3-4,3-3-3
2026-10-28,Allsvenskan,Halmstads BK,Malmö FF,,,,ESPN public event API,Waiting for odds,https://site.api.espn.com/apis/site/v2/sports/soccer/swe.1/scoreboard?dates=20260513-20261123&limit=300,,401842862,2026-10-28T04:00Z,ESPN public event API,https://a.espncdn.com/i/teamlogos/soccer/500/3017.png,https://a.espncdn.com/i/teamlogos/soccer/500/2720.png,1-3-5,3-1-5
2026-10-28,Allsvenskan,Hammarby IF,IK Sirius,,,,ESPN public event API,Waiting for odds,https://site.api.espn.com/apis/site/v2/sports/soccer/swe.1/scoreboard?dates=20260513-20261123&limit=300,,401842861,2026-10-28T04:00Z,ESPN public event API,https://a.espncdn.com/i/teamlogos/soccer/500/2495.png,https://a.espncdn.com/i/teamlogos/soccer/500/8547.png,5-2-3,8-1-0
2026-10-28,Allsvenskan,IF Brommapojkarna,BK Häcken,,,,ESPN public event API,Waiting for odds,https://site.api.espn.com/apis/site/v2/sports/soccer/swe.1/scoreboard?dates=20260513-20261123&limit=300,,401842864,2026-10-28T04:00Z,ESPN public event API,https://a.espncdn.com/i/teamlogos/soccer/500/8221.png,https://a.espncdn.com/i/teamlogos/soccer/500/7834.png,4-2-3,4-5-0
2026-10-28,Allsvenskan,IFK Göteborg,Djurgården,,,,ESPN public event API,Waiting for odds,https://site.api.espn.com/apis/site/v2/sports/soccer/swe.1/scoreboard?dates=20260513-20261123&limit=300,,401842860,2026-10-28T04:00Z,ESPN public event API,https://a.espncdn.com/i/teamlogos/soccer/500/2556.png,https://a.espncdn.com/i/teamlogos/soccer/500/2339.png,1-4-4,4-1-4
2026-10-28,Allsvenskan,Kalmar FF,GAIS,,,,ESPN public event API,Waiting for odds,https://site.api.espn.com/apis/site/v2/sports/soccer/swe.1/scoreboard?dates=20260513-20261123&limit=300,,401842859,2026-10-28T04:00Z,ESPN public event API,https://a.espncdn.com/i/teamlogos/soccer/500/3052.png,https://a.espncdn.com/i/teamlogos/soccer/500/8222.png,3-1-5,3-3-4
2026-10-28,Allsvenskan,Örgryte IS,Mjällby AIF,,,,ESPN public event API,Waiting for odds,https://site.api.espn.com/apis/site/v2/sports/soccer/swe.1/scoreboard?dates=20260513-20261123&limit=300,,401842865,2026-10-28T04:00Z,ESPN public event API,https://a.espncdn.com/i/teamlogos/soccer/500/131552.png,https://a.espncdn.com/i/teamlogos/soccer/500/20301.png,1-2-6,4-3-3
2026-10-28,Scottish Premiership,Aberdeen,Falkirk,,,,ESPN public event API,Waiting for odds,https://site.api.espn.com/apis/site/v2/sports/soccer/sco.1/scoreboard?dates=20260610-20261221&limit=300,,401878356,2026-10-28T19:45Z,ESPN public event API,https://a.espncdn.com/i/teamlogos/soccer/500/263.png,https://a.espncdn.com/i/teamlogos/soccer/500/254.png,0-0-0,0-0-0
2026-10-28,Scottish Premiership,Celtic,Dundee United,,,,ESPN public event API,Waiting for odds,https://site.api.espn.com/apis/site/v2/sports/soccer/sco.1/scoreboard?dates=20260610-20261221&limit=300,,401878355,2026-10-28T19:45Z,ESPN public event API,https://a.espncdn.com/i/teamlogos/soccer/500/256.png,https://a.espncdn.com/i/teamlogos/soccer/500/264.png,0-0-0,0-0-0
2026-10-28,Scottish Premiership,Dundee,Kilmarnock,,,,ESPN public event API,Waiting for odds,https://site.api.espn.com/apis/site/v2/sports/soccer/sco.1/scoreboard?dates=20260610-20261221&limit=300,,401878354,2026-10-28T19:45Z,ESPN public event API,https://a.espncdn.com/i/teamlogos/soccer/500/261.png,https://a.espncdn.com/i/teamlogos/soccer/500/260.png,0-0-0,0-0-0
2026-10-28,Scottish Premiership,Heart of Midlothian,Rangers,,,,ESPN public event API,Waiting for odds,https://site.api.espn.com/apis/site/v2/sports/soccer/sco.1/scoreboard?dates=20260610-20261221&limit=300,,401878353,2026-10-28T19:45Z,ESPN public event API,https://a.espncdn.com/i/teamlogos/soccer/500/262.png,https://a.espncdn.com/i/teamlogos/soccer/500/257.png,0-0-0,0-0-0
2026-10-28,Scottish Premiership,St Johnstone,Motherwell,,,,ESPN public event API,Waiting for odds,https://site.api.espn.com/apis/site/v2/sports/soccer/sco.1/scoreboard?dates=20260610-20261221&limit=300,,401878352,2026-10-28T19:45Z,ESPN public event API,https://a.espncdn.com/i/teamlogos/soccer/500/267.png,https://a.espncdn.com/i/teamlogos/soccer/500/266.png,0-0-0,0-0-0
2026-10-28,Scottish Premiership,St Mirren,Hibernian,,,,ESPN public event API,Waiting for odds,https://site.api.espn.com/apis/site/v2/sports/soccer/sco.1/scoreboard?dates=20260610-20261221&limit=300,,401878351,2026-10-28T19:45Z,ESPN public event API,https://a.espncdn.com/i/teamlogos/soccer/500/250.png,https://a.espncdn.com/i/teamlogos/soccer/500/258.png,0-0-0,0-0-0
2026-10-28,Serie A,AC Milan,Bologna,,,,ESPN public event API,Waiting for odds,https://site.api.espn.com/apis/site/v2/sports/soccer/ita.1/scoreboard?dates=20260526-20261206&limit=300,,401874993,2026-10-28T18:00Z,ESPN public event API,https://a.espncdn.com/i/teamlogos/soccer/500/103.png,https://a.espncdn.com/i/teamlogos/soccer/500/107.png,0-0-0,0-0-0
2026-10-28,Serie A,AS Roma,Cagliari,,,,ESPN public event API,Waiting for odds,https://site.api.espn.com/apis/site/v2/sports/soccer/ita.1/scoreboard?dates=20260526-20261206&limit=300,,401874780,2026-10-28T18:00Z,ESPN public event API,https://a.espncdn.com/i/teamlogos/soccer/500/104.png,https://a.espncdn.com/i/teamlogos/soccer/500/2925.png,0-0-0,0-0-0
2026-10-28,Serie A,Fiorentina,Atalanta,,,,ESPN public event API,Waiting for odds,https://site.api.espn.com/apis/site/v2/sports/soccer/ita.1/scoreboard?dates=20260526-20261206&limit=300,,401874969,2026-10-28T18:00Z,ESPN public event API,https://a.espncdn.com/i/teamlogos/soccer/500/109.png,https://a.espncdn.com/i/teamlogos/soccer/500/105.png,0-0-0,0-0-0
2026-10-28,Serie A,Frosinone,Lecce,,,,ESPN public event API,Waiting for odds,https://site.api.espn.com/apis/site/v2/sports/soccer/ita.1/scoreboard?dates=20260526-20261206&limit=300,,401874976,2026-10-28T18:00Z,ESPN public event API,https://a.espncdn.com/i/teamlogos/soccer/500/4057.png,https://a.espncdn.com/i/teamlogos/soccer/500/113.png,0-0-0,0-0-0
2026-10-28,Serie A,Genoa,Juventus,,,,ESPN public event API,Waiting for odds,https://site.api.espn.com/apis/site/v2/sports/soccer/ita.1/scoreboard?dates=20260526-20261206&limit=300,,401874988,2026-10-28T18:00Z,ESPN public event API,https://a.espncdn.com/i/teamlogos/soccer/500/3263.png,https://a.espncdn.com/i/teamlogos/soccer/500/111.png,0-0-0,0-0-0
2026-10-28,Serie A,Monza,Napoli,,,,ESPN public event API,Waiting for odds,https://site.api.espn.com/apis/site/v2/sports/soccer/ita.1/scoreboard?dates=20260526-20261206&limit=300,,401874799,2026-10-28T18:00Z,ESPN public event API,https://a.espncdn.com/i/teamlogos/soccer/500/4007.png,https://a.espncdn.com/i/teamlogos/soccer/500/114.png,0-0-0,0-0-0
2026-10-28,Serie A,Parma,Udinese,,,,ESPN public event API,Waiting for odds,https://site.api.espn.com/apis/site/v2/sports/soccer/ita.1/scoreboard?dates=20260526-20261206&limit=300,,401874965,2026-10-28T18:00Z,ESPN public event API,https://a.espncdn.com/i/teamlogos/soccer/500/115.png,https://a.espncdn.com/i/teamlogos/soccer/500/118.png,0-0-0,0-0-0
2026-10-28,Serie A,Sassuolo,Lazio,,,,ESPN public event API,Waiting for odds,https://site.api.espn.com/apis/site/v2/sports/soccer/ita.1/scoreboard?dates=20260526-20261206&limit=300,,401874980,2026-10-28T18:00Z,ESPN public event API,https://a.espncdn.com/i/teamlogos/soccer/500/3997.png,https://a.espncdn.com/i/teamlogos/soccer/500/112.png,0-0-0,0-0-0
2026-10-28,Serie A,Torino,Como,,,,ESPN public event API,Waiting for odds,https://site.api.espn.com/apis/site/v2/sports/soccer/ita.1/scoreboard?dates=20260526-20261206&limit=300,,401874786,2026-10-28T18:00Z,ESPN public event API,https://a.espncdn.com/i/teamlogos/soccer/500/239.png,https://a.espncdn.com/i/teamlogos/soccer/500/2572.png,0-0-0,0-0-0
2026-10-28,Serie A,Venezia,Inter Milan,,,,ESPN public event API,Waiting for odds,https://site.api.espn.com/apis/site/v2/sports/soccer/ita.1/scoreboard?dates=20260526-20261206&limit=300,,401874773,2026-10-28T18:00Z,ESPN public event API,https://a.espncdn.com/i/teamlogos/soccer/500/17530.png,https://a.espncdn.com/i/teamlogos/soccer/500/110.png,0-0-0,0-0-0
2026-10-31,Belgian Pro League,Anderlecht,KVC Westerlo,,,,ESPN public event API,Waiting for odds,https://site.api.espn.com/apis/site/v2/sports/soccer/bel.1/scoreboard?dates=20260610-20261221&limit=300,,401878960,2026-10-31T18:00Z,ESPN public event API,https://a.espncdn.com/i/teamlogos/soccer/500/441.png,https://a.espncdn.com/i/teamlogos/soccer/500/606.png,0-0-0,0-0-0
2026-10-31,Belgian Pro League,Cercle Brugge KSV,Antwerp,,,,ESPN public event API,Waiting for odds,https://site.api.espn.com/apis/site/v2/sports/soccer/bel.1/scoreboard?dates=20260610-20261221&limit=300,,401878959,2026-10-31T18:00Z,ESPN public event API,https://a.espncdn.com/i/teamlogos/soccer/500/3610.png,https://a.espncdn.com/i/teamlogos/soccer/500/17544.png,0-0-0,0-0-0
2026-10-31,Belgian Pro League,KV Mechelen,Racing Genk,,,,ESPN public event API,Waiting for odds,https://site.api.espn.com/apis/site/v2/sports/soccer/bel.1/scoreboard?dates=20260610-20261221&limit=300,,401878958,2026-10-31T18:00Z,ESPN public event API,https://a.espncdn.com/i/teamlogos/soccer/500/7879.png,https://a.espncdn.com/i/teamlogos/soccer/500/938.png,0-0-0,0-0-0
2026-10-31,Belgian Pro League,Lommel SK,KAA Gent,,,,ESPN public event API,Waiting for odds,https://site.api.espn.com/apis/site/v2/sports/soccer/bel.1/scoreboard?dates=20260610-20261221&limit=300,,401878954,2026-10-31T18:00Z,ESPN public event API,,https://a.espncdn.com/i/teamlogos/soccer/500/3611.png,0-0-0,0-0-0
2026-10-31,Belgian Pro League,Royal Charleroi SC,RAAL La Louvière,,,,ESPN public event API,Waiting for odds,https://site.api.espn.com/apis/site/v2/sports/soccer/bel.1/scoreboard?dates=20260610-20261221&limit=300,,401878955,2026-10-31T18:00Z,ESPN public event API,https://a.espncdn.com/i/teamlogos/soccer/500/3616.png,https://a.espncdn.com/i/teamlogos/soccer/500/131235.png,0-0-0,0-0-0
2026-10-31,Belgian Pro League,Sint-Truidense,OH Leuven,,,,ESPN public event API,Waiting for odds,https://site.api.espn.com/apis/site/v2/sports/soccer/bel.1/scoreboard?dates=20260610-20261221&limit=300,,401878952,2026-10-31T18:00Z,ESPN public event API,https://a.espncdn.com/i/teamlogos/soccer/500/936.png,https://a.espncdn.com/i/teamlogos/soccer/500/5579.png,0-0-0,0-0-0
2026-10-31,Belgian Pro League,Standard Liege,KV Kortrijk,,,,ESPN public event API,Waiting for odds,https://site.api.espn.com/apis/site/v2/sports/soccer/bel.1/scoreboard?dates=20260610-20261221&limit=300,,401878953,2026-10-31T18:00Z,ESPN public event API,https://a.espncdn.com/i/teamlogos/soccer/500/559.png,https://a.espncdn.com/i/teamlogos/soccer/500/5786.png,0-0-0,0-0-0
2026-10-31,Belgian Pro League,Waasland-Beveren,Union St.-Gilloise,,,,ESPN public event API,Waiting for odds,https://site.api.espn.com/apis/site/v2/sports/soccer/bel.1/scoreboard?dates=20260610-20261221&limit=300,,401878957,2026-10-31T18:00Z,ESPN public event API,https://a.espncdn.com/i/teamlogos/soccer/500/13450.png,https://a.espncdn.com/i/teamlogos/soccer/500/5807.png,0-0-0,0-0-0
2026-10-31,Belgian Pro League,Zulte-Waregem,Club Brugge,,,,ESPN public event API,Waiting for odds,https://site.api.espn.com/apis/site/v2/sports/soccer/bel.1/scoreboard?dates=20260610-20261221&limit=300,,401878956,2026-10-31T18:00Z,ESPN public event API,https://a.espncdn.com/i/teamlogos/soccer/500/4691.png,https://a.espncdn.com/i/teamlogos/soccer/500/570.png,0-0-0,0-0-0
2026-10-31,EPL,Aston Villa,Fulham,,,,ESPN public event API,Waiting for odds,https://site.api.espn.com/apis/site/v2/sports/soccer/eng.1/scoreboard?dates=20260610-20261221&limit=300,,401879250,2026-10-31T15:00Z,ESPN public event API,https://a.espncdn.com/i/teamlogos/soccer/500/362.png,https://a.espncdn.com/i/teamlogos/soccer/500/370.png,0-0-0,0-0-0
2026-10-31,EPL,Bournemouth,Leeds United,,,,ESPN public event API,Waiting for odds,https://site.api.espn.com/apis/site/v2/sports/soccer/eng.1/scoreboard?dates=20260610-20261221&limit=300,,401879251,2026-10-31T15:00Z,ESPN public event API,https://a.espncdn.com/i/teamlogos/soccer/500/349.png,https://a.espncdn.com/i/teamlogos/soccer/500/357.png,0-0-0,0-0-0
2026-10-31,EPL,Brentford,Nott'm Forest,,,,ESPN public event API,Waiting for odds,https://site.api.espn.com/apis/site/v2/sports/soccer/eng.1/scoreboard?dates=20260610-20261221&limit=300,,401879249,2026-10-31T15:00Z,ESPN public event API,https://a.espncdn.com/i/teamlogos/soccer/500/337.png,https://a.espncdn.com/i/teamlogos/soccer/500/393.png,0-0-0,0-0-0
2026-10-31,EPL,Chelsea,Man United,,,,ESPN public event API,Waiting for odds,https://site.api.espn.com/apis/site/v2/sports/soccer/eng.1/scoreboard?dates=20260610-20261221&limit=300,,401879248,2026-10-31T15:00Z,ESPN public event API,https://a.espncdn.com/i/teamlogos/soccer/500/363.png,https://a.espncdn.com/i/teamlogos/soccer/500/360.png,0-0-0,0-0-0
2026-10-31,EPL,Coventry City,Sunderland,,,,ESPN public event API,Waiting for odds,https://site.api.espn.com/apis/site/v2/sports/soccer/eng.1/scoreboard?dates=20260610-20261221&limit=300,,401879247,2026-10-31T15:00Z,ESPN public event API,https://a.espncdn.com/i/teamlogos/soccer/500/388.png,https://a.espncdn.com/i/teamlogos/soccer/500/366.png,0-0-0,0-0-0
2026-10-31,EPL,Hull City,Ipswich Town,,,,ESPN public event API,Waiting for odds,https://site.api.espn.com/apis/site/v2/sports/soccer/eng.1/scoreboard?dates=20260610-20261221&limit=300,,401878763,2026-10-31T15:00Z,ESPN public event API,https://a.espncdn.com/i/teamlogos/soccer/500/306.png,https://a.espncdn.com/i/teamlogos/soccer/500/373.png,0-0-0,0-0-0
2026-10-31,EPL,Liverpool,Arsenal,,,,ESPN public event API,Waiting for odds,https://site.api.espn.com/apis/site/v2/sports/soccer/eng.1/scoreboard?dates=20260610-20261221&limit=300,,401879246,2026-10-31T15:00Z,ESPN public event API,https://a.espncdn.com/i/teamlogos/soccer/500/364.png,https://a.espncdn.com/i/teamlogos/soccer/500/359.png,0-0-0,0-0-0
2026-10-31,EPL,Man City,Brighton,,,,ESPN public event API,Waiting for odds,https://site.api.espn.com/apis/site/v2/sports/soccer/eng.1/scoreboard?dates=20260610-20261221&limit=300,,401879245,2026-10-31T15:00Z,ESPN public event API,https://a.espncdn.com/i/teamlogos/soccer/500/382.png,https://a.espncdn.com/i/teamlogos/soccer/500/331.png,0-0-0,0-0-0
2026-10-31,EPL,Newcastle United,Everton,,,,ESPN public event API,Waiting for odds,https://site.api.espn.com/apis/site/v2/sports/soccer/eng.1/scoreboard?dates=20260610-20261221&limit=300,,401878762,2026-10-31T15:00Z,ESPN public event API,https://a.espncdn.com/i/teamlogos/soccer/500/361.png,https://a.espncdn.com/i/teamlogos/soccer/500/368.png,0-0-0,0-0-0
2026-10-31,EPL,Tottenham,Crystal Palace,,,,ESPN public event API,Waiting for odds,https://site.api.espn.com/apis/site/v2/sports/soccer/eng.1/scoreboard?dates=20260610-20261221&limit=300,,401878761,2026-10-31T15:00Z,ESPN public event API,https://a.espncdn.com/i/teamlogos/soccer/500/367.png,https://a.espncdn.com/i/teamlogos/soccer/500/384.png,0-0-0,0-0-0
2026-10-31,Eredivisie,Ajax Amsterdam,AZ Alkmaar,,,,ESPN public event API,Waiting for odds,https://site.api.espn.com/apis/site/v2/sports/soccer/ned.1/scoreboard?dates=20260528-20261208&limit=300,,401875562,2026-10-31T20:00Z,ESPN public event API,https://a.espncdn.com/i/teamlogos/soccer/500/139.png,https://a.espncdn.com/i/teamlogos/soccer/500/140.png,0-0-0,0-0-0
2026-10-31,Eredivisie,Feyenoord Rotterdam,Fortuna Sittard,,,,ESPN public event API,Waiting for odds,https://site.api.espn.com/apis/site/v2/sports/soccer/ned.1/scoreboard?dates=20260528-20261208&limit=300,,401875565,2026-10-31T15:30Z,ESPN public event API,https://a.espncdn.com/i/teamlogos/soccer/500/142.png,https://a.espncdn.com/i/teamlogos/soccer/500/143.png,0-0-0,0-0-0
2026-10-31,Eredivisie,Heerenveen,NEC Nijmegen,,,,ESPN public event API,Waiting for odds,https://site.api.espn.com/apis/site/v2/sports/soccer/ned.1/scoreboard?dates=20260528-20261208&limit=300,,401875563,2026-10-31T17:45Z,ESPN public event API,https://a.espncdn.com/i/teamlogos/soccer/500/146.png,https://a.espncdn.com/i/teamlogos/soccer/500/147.png,0-0-0,0-0-0
2026-10-31,Eredivisie,PSV Eindhoven,Willem II,,,,ESPN public event API,Waiting for odds,https://site.api.espn.com/apis/site/v2/sports/soccer/ned.1/scoreboard?dates=20260528-20261208&limit=300,,401875564,2026-10-31T17:45Z,ESPN public event API,https://a.espncdn.com/i/teamlogos/soccer/500/148.png,https://a.espncdn.com/i/teamlogos/soccer/500/156.png,0-0-0,0-0-0
2026-10-31,Eredivisie,SC Cambuur,Go Ahead Eagles,,,,ESPN public event API,Waiting for odds,https://site.api.espn.com/apis/site/v2/sports/soccer/ned.1/scoreboard?dates=20260528-20261208&limit=300,,401875561,2026-10-31T20:00Z,ESPN public event API,https://a.espncdn.com/i/teamlogos/soccer/500/3736.png,https://a.espncdn.com/i/teamlogos/soccer/500/3706.png,0-0-0,0-0-0
2026-10-31,Ligue 1,Le Havre AC,Paris SG,,,,ESPN public event API,Waiting for odds,https://site.api.espn.com/apis/site/v2/sports/soccer/fra.1/scoreboard?dates=20260528-20261208&limit=300,,401876421,2026-10-31T18:00Z,ESPN public event API,https://a.espncdn.com/i/teamlogos/soccer/500/3236.png,https://a.espncdn.com/i/teamlogos/soccer/500/160.png,0-0-0,0-0-0
2026-10-31,Ligue 1,Lille,Lens,,,,ESPN public event API,Waiting for odds,https://site.api.espn.com/apis/site/v2/sports/soccer/fra.1/scoreboard?dates=20260528-20261208&limit=300,,401876420,2026-10-31T18:00Z,ESPN public event API,https://a.espncdn.com/i/teamlogos/soccer/500/166.png,https://a.espncdn.com/i/teamlogos/soccer/500/175.png,0-0-0,0-0-0
2026-10-31,Ligue 1,Lorient,Brest,,,,ESPN public event API,Waiting for odds,https://site.api.espn.com/apis/site/v2/sports/soccer/fra.1/scoreboard?dates=20260528-20261208&limit=300,,401876419,2026-10-31T18:00Z,ESPN public event API,https://a.espncdn.com/i/teamlogos/soccer/500/273.png,https://a.espncdn.com/i/teamlogos/soccer/500/6997.png,0-0-0,0-0-0
2026-10-31,Ligue 1,Lyon,Angers,,,,ESPN public event API,Waiting for odds,https://site.api.espn.com/apis/site/v2/sports/soccer/fra.1/scoreboard?dates=20260528-20261208&limit=300,,401876418,2026-10-31T18:00Z,ESPN public event API,https://a.espncdn.com/i/teamlogos/soccer/500/167.png,https://a.espncdn.com/i/teamlogos/soccer/500/7868.png,0-0-0,0-0-0
2026-10-31,Ligue 1,Marseille,Toulouse,,,,ESPN public event API,Waiting for odds,https://site.api.espn.com/apis/site/v2/sports/soccer/fra.1/scoreboard?dates=20260528-20261208&limit=300,,401876417,2026-10-31T18:00Z,ESPN public event API,https://a.espncdn.com/i/teamlogos/soccer/500/176.png,https://a.espncdn.com/i/teamlogos/soccer/500/179.png,0-0-0,0-0-0
2026-10-31,Ligue 1,Nice,Stade Rennais,,,,ESPN public event API,Waiting for odds,https://site.api.espn.com/apis/site/v2/sports/soccer/fra.1/scoreboard?dates=20260528-20261208&limit=300,,401876416,2026-10-31T18:00Z,ESPN public event API,https://a.espncdn.com/i/teamlogos/soccer/500/2502.png,https://a.espncdn.com/i/teamlogos/soccer/500/169.png,0-0-0,0-0-0
2026-10-31,Ligue 1,Paris FC,AS Monaco,,,,ESPN public event API,Waiting for odds,https://site.api.espn.com/apis/site/v2/sports/soccer/fra.1/scoreboard?dates=20260528-20261208&limit=300,,401876415,2026-10-31T18:00Z,ESPN public event API,https://a.espncdn.com/i/teamlogos/soccer/500/6851.png,https://a.espncdn.com/i/teamlogos/soccer/500/174.png,0-0-0,0-0-0
2026-10-31,Ligue 1,Strasbourg,AJ Auxerre,,,,ESPN public event API,Waiting for odds,https://site.api.espn.com/apis/site/v2/sports/soccer/fra.1/scoreboard?dates=20260528-20261208&limit=300,,401876414,2026-10-31T18:00Z,ESPN public event API,https://a.espncdn.com/i/teamlogos/soccer/500/180.png,https://a.espncdn.com/i/teamlogos/soccer/500/172.png,0-0-0,0-0-0
2026-10-31,Ligue 1,Troyes,Le Mans,,,,ESPN public event API,Waiting for odds,https://site.api.espn.com/apis/site/v2/sports/soccer/fra.1/scoreboard?dates=20260528-20261208&limit=300,,401876413,2026-10-31T18:00Z,ESPN public event API,https://a.espncdn.com/i/teamlogos/soccer/500/170.png,https://a.espncdn.com/i/teamlogos/soccer/500/2697.png,0-0-0,0-0-0
2026-10-31,Scottish Premiership,Dundee United,Heart of Midlothian,,,,ESPN public event API,Waiting for odds,https://site.api.espn.com/apis/site/v2/sports/soccer/sco.1/scoreboard?dates=20260610-20261221&limit=300,,401878350,2026-10-31T15:00Z,ESPN public event API,https://a.espncdn.com/i/teamlogos/soccer/500/264.png,https://a.espncdn.com/i/teamlogos/soccer/500/262.png,0-0-0,0-0-0
2026-10-31,Scottish Premiership,Falkirk,Celtic,,,,ESPN public event API,Waiting for odds,https://site.api.espn.com/apis/site/v2/sports/soccer/sco.1/scoreboard?dates=20260610-20261221&limit=300,,401878349,2026-10-31T15:00Z,ESPN public event API,https://a.espncdn.com/i/teamlogos/soccer/500/254.png,https://a.espncdn.com/i/teamlogos/soccer/500/256.png,0-0-0,0-0-0
2026-10-31,Scottish Premiership,Hibernian,Dundee,,,,ESPN public event API,Waiting for odds,https://site.api.espn.com/apis/site/v2/sports/soccer/sco.1/scoreboard?dates=20260610-20261221&limit=300,,401878348,2026-10-31T15:00Z,ESPN public event API,https://a.espncdn.com/i/teamlogos/soccer/500/258.png,https://a.espncdn.com/i/teamlogos/soccer/500/261.png,0-0-0,0-0-0
2026-10-31,Scottish Premiership,Kilmarnock,St Johnstone,,,,ESPN public event API,Waiting for odds,https://site.api.espn.com/apis/site/v2/sports/soccer/sco.1/scoreboard?dates=20260610-20261221&limit=300,,401878347,2026-10-31T15:00Z,ESPN public event API,https://a.espncdn.com/i/teamlogos/soccer/500/260.png,https://a.espncdn.com/i/teamlogos/soccer/500/267.png,0-0-0,0-0-0
2026-10-31,Scottish Premiership,Motherwell,St Mirren,,,,ESPN public event API,Waiting for odds,https://site.api.espn.com/apis/site/v2/sports/soccer/sco.1/scoreboard?dates=20260610-20261221&limit=300,,401878346,2026-10-31T15:00Z,ESPN public event API,https://a.espncdn.com/i/teamlogos/soccer/500/266.png,https://a.espncdn.com/i/teamlogos/soccer/500/250.png,0-0-0,0-0-0
2026-10-31,Scottish Premiership,Rangers,Aberdeen,,,,ESPN public event API,Waiting for odds,https://site.api.espn.com/apis/site/v2/sports/soccer/sco.1/scoreboard?dates=20260610-20261221&limit=300,,401878345,2026-10-31T15:00Z,ESPN public event API,https://a.espncdn.com/i/teamlogos/soccer/500/257.png,https://a.espncdn.com/i/teamlogos/soccer/500/263.png,0-0-0,0-0-0
2026-11-01,Allsvenskan,BK Häcken,IFK Göteborg,,,,ESPN public event API,Waiting for odds,https://site.api.espn.com/apis/site/v2/sports/soccer/swe.1/scoreboard?dates=20260513-20261123&limit=300,,401842869,2026-11-01T04:00Z,ESPN public event API,https://a.espncdn.com/i/teamlogos/soccer/500/7834.png,https://a.espncdn.com/i/teamlogos/soccer/500/2556.png,4-5-0,1-4-4
2026-11-01,Allsvenskan,Djurgården,Degerfors IF,,,,ESPN public event API,Waiting for odds,https://site.api.espn.com/apis/site/v2/sports/soccer/swe.1/scoreboard?dates=20260513-20261123&limit=300,,401842872,2026-11-01T04:00Z,ESPN public event API,https://a.espncdn.com/i/teamlogos/soccer/500/2339.png,https://a.espncdn.com/i/teamlogos/soccer/500/20856.png,4-1-4,2-3-4
2026-11-01,Allsvenskan,GAIS,AIK,,,,ESPN public event API,Waiting for odds,https://site.api.espn.com/apis/site/v2/sports/soccer/swe.1/scoreboard?dates=20260513-20261123&limit=300,,401842870,2026-11-01T04:00Z,ESPN public event API,https://a.espncdn.com/i/teamlogos/soccer/500/8222.png,https://a.espncdn.com/i/teamlogos/soccer/500/994.png,3-3-4,3-3-3
2026-11-01,Allsvenskan,IF Elfsborg,Örgryte IS,,,,ESPN public event API,Waiting for odds,https://site.api.espn.com/apis/site/v2/sports/soccer/swe.1/scoreboard?dates=20260513-20261123&limit=300,,401842871,2026-11-01T04:00Z,ESPN public event API,https://a.espncdn.com/i/teamlogos/soccer/500/529.png,https://a.espncdn.com/i/teamlogos/soccer/500/131552.png,4-5-1,1-2-6
2026-11-01,Allsvenskan,IK Sirius,Halmstads BK,,,,ESPN public event API,Waiting for odds,https://site.api.espn.com/apis/site/v2/sports/soccer/swe.1/scoreboard?dates=20260513-20261123&limit=300,,401842866,2026-11-01T04:00Z,ESPN public event API,https://a.espncdn.com/i/teamlogos/soccer/500/8547.png,https://a.espncdn.com/i/teamlogos/soccer/500/3017.png,8-1-0,1-3-5
2026-11-01,Allsvenskan,Malmö FF,Hammarby IF,,,,ESPN public event API,Waiting for odds,https://site.api.espn.com/apis/site/v2/sports/soccer/swe.1/scoreboard?dates=20260513-20261123&limit=300,,401842868,2026-11-01T04:00Z,ESPN public event API,https://a.espncdn.com/i/teamlogos/soccer/500/2720.png,https://a.espncdn.com/i/teamlogos/soccer/500/2495.png,3-1-5,5-2-3
2026-11-01,Allsvenskan,Mjällby AIF,Kalmar FF,,,,ESPN public event API,Waiting for odds,https://site.api.espn.com/apis/site/v2/sports/soccer/swe.1/scoreboard?dates=20260513-20261123&limit=300,,401842867,2026-11-01T04:00Z,ESPN public event API,https://a.espncdn.com/i/teamlogos/soccer/500/20301.png,https://a.espncdn.com/i/teamlogos/soccer/500/3052.png,4-3-3,3-1-5
2026-11-01,Allsvenskan,Västerås SK,IF Brommapojkarna,,,,ESPN public event API,Waiting for odds,https://site.api.espn.com/apis/site/v2/sports/soccer/swe.1/scoreboard?dates=20260513-20261123&limit=300,,401842873,2026-11-01T04:00Z,ESPN public event API,https://a.espncdn.com/i/teamlogos/soccer/500/22163.png,https://a.espncdn.com/i/teamlogos/soccer/500/8221.png,3-3-3,4-2-3
2026-11-01,Danish Superliga,Brøndby IF,AGF,,,,ESPN public event API,Waiting for odds,https://site.api.espn.com/apis/site/v2/sports/soccer/den.1/scoreboard?dates=20260521-20261201&limit=300,,401874544,2026-11-01T20:00Z,ESPN public event API,https://a.espncdn.com/i/teamlogos/soccer/500/575.png,https://a.espncdn.com/i/teamlogos/soccer/500/7853.png,,
2026-11-01,Danish Superliga,FC Nordsjælland,FC Midtjylland,,,,ESPN public event API,Waiting for odds,https://site.api.espn.com/apis/site/v2/sports/soccer/den.1/scoreboard?dates=20260521-20261201&limit=300,,401874519,2026-11-01T20:00Z,ESPN public event API,https://a.espncdn.com/i/teamlogos/soccer/500/3101.png,https://a.espncdn.com/i/teamlogos/soccer/500/572.png,,
2026-11-01,Danish Superliga,Lyngby Boldklub,Randers FC,,,,ESPN public event API,Waiting for odds,https://site.api.espn.com/apis/site/v2/sports/soccer/den.1/scoreboard?dates=20260521-20261201&limit=300,,401874738,2026-11-01T20:00Z,ESPN public event API,https://a.espncdn.com/i/teamlogos/soccer/500/7860.png,https://a.espncdn.com/i/teamlogos/soccer/500/3132.png,,
2026-11-01,Danish Superliga,Odense Boldklub,Silkeborg IF,,,,ESPN public event API,Waiting for odds,https://site.api.espn.com/apis/site/v2/sports/soccer/den.1/scoreboard?dates=20260521-20261201&limit=300,,401874571,2026-11-01T20:00Z,ESPN public event API,https://a.espncdn.com/i/teamlogos/soccer/500/11550.png,https://a.espncdn.com/i/teamlogos/soccer/500/607.png,,
2026-11-01,Danish Superliga,Sønderjyske Fodbold,F.C. København,,,,ESPN public event API,Waiting for odds,https://site.api.espn.com/apis/site/v2/sports/soccer/den.1/scoreboard?dates=20260521-20261201&limit=300,,401874494,2026-11-01T20:00Z,ESPN public event API,https://a.espncdn.com/i/teamlogos/soccer/500/8118.png,https://a.espncdn.com/i/teamlogos/soccer/500/909.png,,
2026-11-01,Danish Superliga,Viborg FF,AC Horsens,,,,ESPN public event API,Waiting for odds,https://site.api.espn.com/apis/site/v2/sports/soccer/den.1/scoreboard?dates=20260521-20261201&limit=300,,401874491,2026-11-01T20:00Z,ESPN public event API,https://a.espncdn.com/i/teamlogos/soccer/500/3153.png,https://a.espncdn.com/i/teamlogos/soccer/500/3585.png,,
2026-11-01,Eliteserien,Aalesund,Sandefjord,,,,ESPN public event API,Waiting for odds,https://site.api.espn.com/apis/site/v2/sports/soccer/nor.1/scoreboard?dates=20260513-20261123&limit=300,,401843467,2026-11-01T16:00Z,ESPN public event API,https://a.espncdn.com/i/teamlogos/soccer/500/3278.png,https://a.espncdn.com/i/teamlogos/soccer/500/3279.png,2-4-4,4-2-4
2026-11-01,Eliteserien,Bodo/Glimt,Viking FK,,,,ESPN public event API,Waiting for odds,https://site.api.espn.com/apis/site/v2/sports/soccer/nor.1/scoreboard?dates=20260513-20261123&limit=300,,401843468,2026-11-01T16:00Z,ESPN public event API,https://a.espncdn.com/i/teamlogos/soccer/500/2980.png,https://a.espncdn.com/i/teamlogos/soccer/500/510.png,7-1-2,9-0-1
2026-11-01,Eliteserien,Fredrikstad,Rosenborg,,,,ESPN public event API,Waiting for odds,https://site.api.espn.com/apis/site/v2/sports/soccer/nor.1/scoreboard?dates=20260513-20261123&limit=300,,401843473,2026-11-01T16:00Z,ESPN public event API,https://a.espncdn.com/i/teamlogos/soccer/500/3039.png,https://a.espncdn.com/i/teamlogos/soccer/500/438.png,3-2-5,2-2-6
2026-11-01,Eliteserien,IK Start,Lillestrom,,,,ESPN public event API,Waiting for odds,https://site.api.espn.com/apis/site/v2/sports/soccer/nor.1/scoreboard?dates=20260513-20261123&limit=300,,401843470,2026-11-01T16:00Z,ESPN public event API,,https://a.espncdn.com/i/teamlogos/soccer/500/987.png,1-4-6,6-1-4
2026-11-01,Eliteserien,KFUM Oslo,Hamarkameratene,,,,ESPN public event API,Waiting for odds,https://site.api.espn.com/apis/site/v2/sports/soccer/nor.1/scoreboard?dates=20260513-20261123&limit=300,,401843472,2026-11-01T16:00Z,ESPN public event API,https://a.espncdn.com/i/teamlogos/soccer/500/22165.png,https://a.espncdn.com/i/teamlogos/soccer/500/21380.png,3-2-5,5-1-3
2026-11-01,Eliteserien,Sarpsborg FK,Kristiansund BK,,,,ESPN public event API,Waiting for odds,https://site.api.espn.com/apis/site/v2/sports/soccer/nor.1/scoreboard?dates=20260513-20261123&limit=300,,401843471,2026-11-01T16:00Z,ESPN public event API,https://a.espncdn.com/i/teamlogos/soccer/500/5002.png,https://a.espncdn.com/i/teamlogos/soccer/500/6672.png,3-2-5,3-2-5
2026-11-01,Eliteserien,SK Brann,Molde,,,,ESPN public event API,Waiting for odds,https://site.api.espn.com/apis/site/v2/sports/soccer/nor.1/scoreboard?dates=20260513-20261123&limit=300,,401843474,2026-11-01T16:00Z,ESPN public event API,https://a.espncdn.com/i/teamlogos/soccer/500/620.png,https://a.espncdn.com/i/teamlogos/soccer/500/2715.png,4-1-6,5-1-4
2026-11-01,Eliteserien,Vålerenga,Tromso,,,,ESPN public event API,Waiting for odds,https://site.api.espn.com/apis/site/v2/sports/soccer/nor.1/scoreboard?dates=20260513-20261123&limit=300,,401843469,2026-11-01T16:00Z,ESPN public event API,https://a.espncdn.com/i/teamlogos/soccer/500/2791.png,https://a.espncdn.com/i/teamlogos/soccer/500/5270.png,3-2-5,7-3-2
2026-11-01,Eredivisie,Excelsior,FC Twente,,,,ESPN public event API,Waiting for odds,https://site.api.espn.com/apis/site/v2/sports/soccer/ned.1/scoreboard?dates=20260528-20261208&limit=300,,401875559,2026-11-01T13:30Z,ESPN public event API,https://a.espncdn.com/i/teamlogos/soccer/500/2566.png,https://a.espncdn.com/i/teamlogos/soccer/500/152.png,0-0-0,0-0-0
2026-11-01,Eredivisie,FC Groningen,Sparta Rotterdam,,,,ESPN public event API,Waiting for odds,https://site.api.espn.com/apis/site/v2/sports/soccer/ned.1/scoreboard?dates=20260528-20261208&limit=300,,401875557,2026-11-01T15:45Z,ESPN public event API,https://a.espncdn.com/i/teamlogos/soccer/500/145.png,https://a.espncdn.com/i/teamlogos/soccer/500/151.png,0-0-0,0-0-0
2026-11-01,Eredivisie,PEC Zwolle,ADO Den Haag,,,,ESPN public event API,Waiting for odds,https://site.api.espn.com/apis/site/v2/sports/soccer/ned.1/scoreboard?dates=20260528-20261208&limit=300,,401875560,2026-11-01T11:15Z,ESPN public event API,https://a.espncdn.com/i/teamlogos/soccer/500/2565.png,https://a.espncdn.com/i/teamlogos/soccer/500/2726.png,0-0-0,0-0-0
2026-11-01,Eredivisie,Telstar,FC Utrecht,,,,ESPN public event API,Waiting for odds,https://site.api.espn.com/apis/site/v2/sports/soccer/ned.1/scoreboard?dates=20260528-20261208&limit=300,,401875558,2026-11-01T13:30Z,ESPN public event API,https://a.espncdn.com/i/teamlogos/soccer/500/3735.png,https://a.espncdn.com/i/teamlogos/soccer/500/153.png,0-0-0,0-0-0
2026-11-01,Serie A,AC Milan,Inter Milan,,,,ESPN public event API,Waiting for odds,https://site.api.espn.com/apis/site/v2/sports/soccer/ita.1/scoreboard?dates=20260526-20261206&limit=300,,401874795,2026-11-01T20:00Z,ESPN public event API,https://a.espncdn.com/i/teamlogos/soccer/500/103.png,https://a.espncdn.com/i/teamlogos/soccer/500/110.png,0-0-0,0-0-0
2026-11-01,Serie A,Atalanta,Parma,,,,ESPN public event API,Waiting for odds,https://site.api.espn.com/apis/site/v2/sports/soccer/ita.1/scoreboard?dates=20260526-20261206&limit=300,,401874971,2026-11-01T20:00Z,ESPN public event API,https://a.espncdn.com/i/teamlogos/soccer/500/105.png,https://a.espncdn.com/i/teamlogos/soccer/500/115.png,0-0-0,0-0-0
2026-11-01,Serie A,Bologna,Monza,,,,ESPN public event API,Waiting for odds,https://site.api.espn.com/apis/site/v2/sports/soccer/ita.1/scoreboard?dates=20260526-20261206&limit=300,,401874798,2026-11-01T20:00Z,ESPN public event API,https://a.espncdn.com/i/teamlogos/soccer/500/107.png,https://a.espncdn.com/i/teamlogos/soccer/500/4007.png,0-0-0,0-0-0
2026-11-01,Serie A,Como,Venezia,,,,ESPN public event API,Waiting for odds,https://site.api.espn.com/apis/site/v2/sports/soccer/ita.1/scoreboard?dates=20260526-20261206&limit=300,,401875002,2026-11-01T20:00Z,ESPN public event API,https://a.espncdn.com/i/teamlogos/soccer/500/2572.png,https://a.espncdn.com/i/teamlogos/soccer/500/17530.png,0-0-0,0-0-0
2026-11-01,Serie A,Frosinone,Torino,,,,ESPN public event API,Waiting for odds,https://site.api.espn.com/apis/site/v2/sports/soccer/ita.1/scoreboard?dates=20260526-20261206&limit=300,,401874782,2026-11-01T20:00Z,ESPN public event API,https://a.espncdn.com/i/teamlogos/soccer/500/4057.png,https://a.espncdn.com/i/teamlogos/soccer/500/239.png,0-0-0,0-0-0
2026-11-01,Serie A,Juventus,Napoli,,,,ESPN public event API,Waiting for odds,https://site.api.espn.com/apis/site/v2/sports/soccer/ita.1/scoreboard?dates=20260526-20261206&limit=300,,401874949,2026-11-01T20:00Z,ESPN public event API,https://a.espncdn.com/i/teamlogos/soccer/500/111.png,https://a.espncdn.com/i/teamlogos/soccer/500/114.png,0-0-0,0-0-0
2026-11-01,Serie A,Lazio,Cagliari,,,,ESPN public event API,Waiting for odds,https://site.api.espn.com/apis/site/v2/sports/soccer/ita.1/scoreboard?dates=20260526-20261206&limit=300,,401874983,2026-11-01T20:00Z,ESPN public event API,https://a.espncdn.com/i/teamlogos/soccer/500/112.png,https://a.espncdn.com/i/teamlogos/soccer/500/2925.png,0-0-0,0-0-0
2026-11-01,Serie A,Lecce,Genoa,,,,ESPN public event API,Waiting for odds,https://site.api.espn.com/apis/site/v2/sports/soccer/ita.1/scoreboard?dates=20260526-20261206&limit=300,,401874968,2026-11-01T20:00Z,ESPN public event API,https://a.espncdn.com/i/teamlogos/soccer/500/113.png,https://a.espncdn.com/i/teamlogos/soccer/500/3263.png,0-0-0,0-0-0
2026-11-01,Serie A,Sassuolo,Fiorentina,,,,ESPN public event API,Waiting for odds,https://site.api.espn.com/apis/site/v2/sports/soccer/ita.1/scoreboard?dates=20260526-20261206&limit=300,,401874963,2026-11-01T20:00Z,ESPN public event API,https://a.espncdn.com/i/teamlogos/soccer/500/3997.png,https://a.espncdn.com/i/teamlogos/soccer/500/109.png,0-0-0,0-0-0
2026-11-01,Serie A,Udinese,AS Roma,,,,ESPN public event API,Waiting for odds,https://site.api.espn.com/apis/site/v2/sports/soccer/ita.1/scoreboard?dates=20260526-20261206&limit=300,,401874990,2026-11-01T20:00Z,ESPN public event API,https://a.espncdn.com/i/teamlogos/soccer/500/118.png,https://a.espncdn.com/i/teamlogos/soccer/500/104.png,0-0-0,0-0-0
2026-11-06,Eredivisie,Willem II,PEC Zwolle,,,,ESPN public event API,Waiting for odds,https://site.api.espn.com/apis/site/v2/sports/soccer/ned.1/scoreboard?dates=20260528-20261208&limit=300,,401875556,2026-11-06T19:00Z,ESPN public event API,https://a.espncdn.com/i/teamlogos/soccer/500/156.png,https://a.espncdn.com/i/teamlogos/soccer/500/2565.png,0-0-0,0-0-0
2026-11-07,Belgian Pro League,Antwerp,Lommel SK,,,,ESPN public event API,Waiting for odds,https://site.api.espn.com/apis/site/v2/sports/soccer/bel.1/scoreboard?dates=20260610-20261221&limit=300,,401878950,2026-11-07T20:00Z,ESPN public event API,https://a.espncdn.com/i/teamlogos/soccer/500/17544.png,,0-0-0,0-0-0
2026-11-07,Belgian Pro League,Club Brugge,Anderlecht,,,,ESPN public event API,Waiting for odds,https://site.api.espn.com/apis/site/v2/sports/soccer/bel.1/scoreboard?dates=20260610-20261221&limit=300,,401878946,2026-11-07T20:00Z,ESPN public event API,https://a.espncdn.com/i/teamlogos/soccer/500/570.png,https://a.espncdn.com/i/teamlogos/soccer/500/441.png,0-0-0,0-0-0
2026-11-07,Belgian Pro League,KAA Gent,KV Kortrijk,,,,ESPN public event API,Waiting for odds,https://site.api.espn.com/apis/site/v2/sports/soccer/bel.1/scoreboard?dates=20260610-20261221&limit=300,,401878945,2026-11-07T20:00Z,ESPN public event API,https://a.espncdn.com/i/teamlogos/soccer/500/3611.png,https://a.espncdn.com/i/teamlogos/soccer/500/5786.png,0-0-0,0-0-0
2026-11-07,Belgian Pro League,KVC Westerlo,Royal Charleroi SC,,,,ESPN public event API,Waiting for odds,https://site.api.espn.com/apis/site/v2/sports/soccer/bel.1/scoreboard?dates=20260610-20261221&limit=300,,401878947,2026-11-07T20:00Z,ESPN public event API,https://a.espncdn.com/i/teamlogos/soccer/500/606.png,https://a.espncdn.com/i/teamlogos/soccer/500/3616.png,0-0-0,0-0-0
2026-11-07,Belgian Pro League,OH Leuven,KV Mechelen,,,,ESPN public event API,Waiting for odds,https://site.api.espn.com/apis/site/v2/sports/soccer/bel.1/scoreboard?dates=20260610-20261221&limit=300,,401878949,2026-11-07T20:00Z,ESPN public event API,https://a.espncdn.com/i/teamlogos/soccer/500/5579.png,https://a.espncdn.com/i/teamlogos/soccer/500/7879.png,0-0-0,0-0-0
2026-11-07,Belgian Pro League,RAAL La Louvière,Cercle Brugge KSV,,,,ESPN public event API,Waiting for odds,https://site.api.espn.com/apis/site/v2/sports/soccer/bel.1/scoreboard?dates=20260610-20261221&limit=300,,401878948,2026-11-07T20:00Z,ESPN public event API,https://a.espncdn.com/i/teamlogos/soccer/500/131235.png,https://a.espncdn.com/i/teamlogos/soccer/500/3610.png,0-0-0,0-0-0
2026-11-07,Belgian Pro League,Sint-Truidense,Zulte-Waregem,,,,ESPN public event API,Waiting for odds,https://site.api.espn.com/apis/site/v2/sports/soccer/bel.1/scoreboard?dates=20260610-20261221&limit=300,,401878944,2026-11-07T20:00Z,ESPN public event API,https://a.espncdn.com/i/teamlogos/soccer/500/936.png,https://a.espncdn.com/i/teamlogos/soccer/500/4691.png,0-0-0,0-0-0
2026-11-07,Belgian Pro League,Standard Liege,Waasland-Beveren,,,,ESPN public event API,Waiting for odds,https://site.api.espn.com/apis/site/v2/sports/soccer/bel.1/scoreboard?dates=20260610-20261221&limit=300,,401878951,2026-11-07T20:00Z,ESPN public event API,https://a.espncdn.com/i/teamlogos/soccer/500/559.png,https://a.espncdn.com/i/teamlogos/soccer/500/13450.png,0-0-0,0-0-0
2026-11-07,Belgian Pro League,Union St.-Gilloise,Racing Genk,,,,ESPN public event API,Waiting for odds,https://site.api.espn.com/apis/site/v2/sports/soccer/bel.1/scoreboard?dates=20260610-20261221&limit=300,,401878943,2026-11-07T20:00Z,ESPN public event API,https://a.espncdn.com/i/teamlogos/soccer/500/5807.png,https://a.espncdn.com/i/teamlogos/soccer/500/938.png,0-0-0,0-0-0
2026-11-07,EPL,Arsenal,Hull City,,,,ESPN public event API,Waiting for odds,https://site.api.espn.com/apis/site/v2/sports/soccer/eng.1/scoreboard?dates=20260610-20261221&limit=300,,401878760,2026-11-07T15:00Z,ESPN public event API,https://a.espncdn.com/i/teamlogos/soccer/500/359.png,https://a.espncdn.com/i/teamlogos/soccer/500/306.png,0-0-0,0-0-0
2026-11-07,EPL,Brighton,Brentford,,,,ESPN public event API,Waiting for odds,https://site.api.espn.com/apis/site/v2/sports/soccer/eng.1/scoreboard?dates=20260610-20261221&limit=300,,401879244,2026-11-07T15:00Z,ESPN public event API,https://a.espncdn.com/i/teamlogos/soccer/500/331.png,https://a.espncdn.com/i/teamlogos/soccer/500/337.png,0-0-0,0-0-0
2026-11-07,EPL,Crystal Palace,Liverpool,,,,ESPN public event API,Waiting for odds,https://site.api.espn.com/apis/site/v2/sports/soccer/eng.1/scoreboard?dates=20260610-20261221&limit=300,,401879243,2026-11-07T15:00Z,ESPN public event API,https://a.espncdn.com/i/teamlogos/soccer/500/384.png,https://a.espncdn.com/i/teamlogos/soccer/500/364.png,0-0-0,0-0-0
2026-11-07,EPL,Everton,Coventry City,,,,ESPN public event API,Waiting for odds,https://site.api.espn.com/apis/site/v2/sports/soccer/eng.1/scoreboard?dates=20260610-20261221&limit=300,,401879242,2026-11-07T15:00Z,ESPN public event API,https://a.espncdn.com/i/teamlogos/soccer/500/368.png,https://a.espncdn.com/i/teamlogos/soccer/500/388.png,0-0-0,0-0-0
2026-11-07,EPL,Fulham,Newcastle United,,,,ESPN public event API,Waiting for odds,https://site.api.espn.com/apis/site/v2/sports/soccer/eng.1/scoreboard?dates=20260610-20261221&limit=300,,401879241,2026-11-07T15:00Z,ESPN public event API,https://a.espncdn.com/i/teamlogos/soccer/500/370.png,https://a.espncdn.com/i/teamlogos/soccer/500/361.png,0-0-0,0-0-0
2026-11-07,EPL,Ipswich Town,Bournemouth,,,,ESPN public event API,Waiting for odds,https://site.api.espn.com/apis/site/v2/sports/soccer/eng.1/scoreboard?dates=20260610-20261221&limit=300,,401878759,2026-11-07T15:00Z,ESPN public event API,https://a.espncdn.com/i/teamlogos/soccer/500/373.png,https://a.espncdn.com/i/teamlogos/soccer/500/349.png,0-0-0,0-0-0
2026-11-07,EPL,Leeds United,Tottenham,,,,ESPN public event API,Waiting for odds,https://site.api.espn.com/apis/site/v2/sports/soccer/eng.1/scoreboard?dates=20260610-20261221&limit=300,,401878758,2026-11-07T15:00Z,ESPN public event API,https://a.espncdn.com/i/teamlogos/soccer/500/357.png,https://a.espncdn.com/i/teamlogos/soccer/500/367.png,0-0-0,0-0-0
2026-11-07,EPL,Man United,Aston Villa,,,,ESPN public event API,Waiting for odds,https://site.api.espn.com/apis/site/v2/sports/soccer/eng.1/scoreboard?dates=20260610-20261221&limit=300,,401879240,2026-11-07T15:00Z,ESPN public event API,https://a.espncdn.com/i/teamlogos/soccer/500/360.png,https://a.espncdn.com/i/teamlogos/soccer/500/362.png,0-0-0,0-0-0
2026-11-07,EPL,Nott'm Forest,Man City,,,,ESPN public event API,Waiting for odds,https://site.api.espn.com/apis/site/v2/sports/soccer/eng.1/scoreboard?dates=20260610-20261221&limit=300,,401878757,2026-11-07T15:00Z,ESPN public event API,https://a.espncdn.com/i/teamlogos/soccer/500/393.png,https://a.espncdn.com/i/teamlogos/soccer/500/382.png,0-0-0,0-0-0
2026-11-07,EPL,Sunderland,Chelsea,,,,ESPN public event API,Waiting for odds,https://site.api.espn.com/apis/site/v2/sports/soccer/eng.1/scoreboard?dates=20260610-20261221&limit=300,,401879239,2026-11-07T15:00Z,ESPN public event API,https://a.espncdn.com/i/teamlogos/soccer/500/366.png,https://a.espncdn.com/i/teamlogos/soccer/500/363.png,0-0-0,0-0-0
2026-11-07,Eredivisie,ADO Den Haag,Sparta Rotterdam,,,,ESPN public event API,Waiting for odds,https://site.api.espn.com/apis/site/v2/sports/soccer/ned.1/scoreboard?dates=20260528-20261208&limit=300,,401875552,2026-11-07T20:00Z,ESPN public event API,https://a.espncdn.com/i/teamlogos/soccer/500/2726.png,https://a.espncdn.com/i/teamlogos/soccer/500/151.png,0-0-0,0-0-0
2026-11-07,Eredivisie,Excelsior,Go Ahead Eagles,,,,ESPN public event API,Waiting for odds,https://site.api.espn.com/apis/site/v2/sports/soccer/ned.1/scoreboard?dates=20260528-20261208&limit=300,,401875554,2026-11-07T17:45Z,ESPN public event API,https://a.espncdn.com/i/teamlogos/soccer/500/2566.png,https://a.espncdn.com/i/teamlogos/soccer/500/3706.png,0-0-0,0-0-0
2026-11-07,Eredivisie,Fortuna Sittard,Telstar,,,,ESPN public event API,Waiting for odds,https://site.api.espn.com/apis/site/v2/sports/soccer/ned.1/scoreboard?dates=20260528-20261208&limit=300,,401875555,2026-11-07T15:30Z,ESPN public event API,https://a.espncdn.com/i/teamlogos/soccer/500/143.png,https://a.espncdn.com/i/teamlogos/soccer/500/3735.png,0-0-0,0-0-0
2026-11-07,Eredivisie,SC Cambuur,PSV Eindhoven,,,,ESPN public event API,Waiting for odds,https://site.api.espn.com/apis/site/v2/sports/soccer/ned.1/scoreboard?dates=20260528-20261208&limit=300,,401875553,2026-11-07T19:00Z,ESPN public event API,https://a.espncdn.com/i/teamlogos/soccer/500/3736.png,https://a.espncdn.com/i/teamlogos/soccer/500/148.png,0-0-0,0-0-0
2026-11-07,Ligue 1,AJ Auxerre,Paris FC,,,,ESPN public event API,Waiting for odds,https://site.api.espn.com/apis/site/v2/sports/soccer/fra.1/scoreboard?dates=20260528-20261208&limit=300,,401876411,2026-11-07T20:00Z,ESPN public event API,https://a.espncdn.com/i/teamlogos/soccer/500/172.png,https://a.espncdn.com/i/teamlogos/soccer/500/6851.png,0-0-0,0-0-0
2026-11-07,Ligue 1,Angers,Nice,,,,ESPN public event API,Waiting for odds,https://site.api.espn.com/apis/site/v2/sports/soccer/fra.1/scoreboard?dates=20260528-20261208&limit=300,,401876412,2026-11-07T20:00Z,ESPN public event API,https://a.espncdn.com/i/teamlogos/soccer/500/7868.png,https://a.espncdn.com/i/teamlogos/soccer/500/2502.png,0-0-0,0-0-0
2026-11-07,Ligue 1,Brest,Lyon,,,,ESPN public event API,Waiting for odds,https://site.api.espn.com/apis/site/v2/sports/soccer/fra.1/scoreboard?dates=20260528-20261208&limit=300,,401876410,2026-11-07T20:00Z,ESPN public event API,https://a.espncdn.com/i/teamlogos/soccer/500/6997.png,https://a.espncdn.com/i/teamlogos/soccer/500/167.png,0-0-0,0-0-0
2026-11-07,Ligue 1,Le Havre AC,Lorient,,,,ESPN public event API,Waiting for odds,https://site.api.espn.com/apis/site/v2/sports/soccer/fra.1/scoreboard?dates=20260528-20261208&limit=300,,401876409,2026-11-07T20:00Z,ESPN public event API,https://a.espncdn.com/i/teamlogos/soccer/500/3236.png,https://a.espncdn.com/i/teamlogos/soccer/500/273.png,0-0-0,0-0-0
2026-11-07,Ligue 1,Le Mans,AS Monaco,,,,ESPN public event API,Waiting for odds,https://site.api.espn.com/apis/site/v2/sports/soccer/fra.1/scoreboard?dates=20260528-20261208&limit=300,,401876408,2026-11-07T20:00Z,ESPN public event API,https://a.espncdn.com/i/teamlogos/soccer/500/2697.png,https://a.espncdn.com/i/teamlogos/soccer/500/174.png,0-0-0,0-0-0
2026-11-07,Ligue 1,Lens,Marseille,,,,ESPN public event API,Waiting for odds,https://site.api.espn.com/apis/site/v2/sports/soccer/fra.1/scoreboard?dates=20260528-20261208&limit=300,,401876404,2026-11-07T19:45Z,ESPN public event API,https://a.espncdn.com/i/teamlogos/soccer/500/175.png,https://a.espncdn.com/i/teamlogos/soccer/500/176.png,0-0-0,0-0-0
2026-11-07,Ligue 1,Paris SG,Troyes,,,,ESPN public event API,Waiting for odds,https://site.api.espn.com/apis/site/v2/sports/soccer/fra.1/scoreboard?dates=20260528-20261208&limit=300,,401876407,2026-11-07T20:00Z,ESPN public event API,https://a.espncdn.com/i/teamlogos/soccer/500/160.png,https://a.espncdn.com/i/teamlogos/soccer/500/170.png,0-0-0,0-0-0
2026-11-07,Ligue 1,Stade Rennais,Lille,,,,ESPN public event API,Waiting for odds,https://site.api.espn.com/apis/site/v2/sports/soccer/fra.1/scoreboard?dates=20260528-20261208&limit=300,,401876406,2026-11-07T20:00Z,ESPN public event API,https://a.espncdn.com/i/teamlogos/soccer/500/169.png,https://a.espncdn.com/i/teamlogos/soccer/500/166.png,0-0-0,0-0-0
2026-11-07,Ligue 1,Toulouse,Strasbourg,,,,ESPN public event API,Waiting for odds,https://site.api.espn.com/apis/site/v2/sports/soccer/fra.1/scoreboard?dates=20260528-20261208&limit=300,,401876405,2026-11-07T20:00Z,ESPN public event API,https://a.espncdn.com/i/teamlogos/soccer/500/179.png,https://a.espncdn.com/i/teamlogos/soccer/500/180.png,0-0-0,0-0-0
2026-11-07,Scottish Premiership,Aberdeen,Hibernian,,,,ESPN public event API,Waiting for odds,https://site.api.espn.com/apis/site/v2/sports/soccer/sco.1/scoreboard?dates=20260610-20261221&limit=300,,401878344,2026-11-07T15:00Z,ESPN public event API,https://a.espncdn.com/i/teamlogos/soccer/500/263.png,https://a.espncdn.com/i/teamlogos/soccer/500/258.png,0-0-0,0-0-0
2026-11-07,Scottish Premiership,Celtic,Kilmarnock,,,,ESPN public event API,Waiting for odds,https://site.api.espn.com/apis/site/v2/sports/soccer/sco.1/scoreboard?dates=20260610-20261221&limit=300,,401878343,2026-11-07T15:00Z,ESPN public event API,https://a.espncdn.com/i/teamlogos/soccer/500/256.png,https://a.espncdn.com/i/teamlogos/soccer/500/260.png,0-0-0,0-0-0
2026-11-07,Scottish Premiership,Dundee United,Motherwell,,,,ESPN public event API,Waiting for odds,https://site.api.espn.com/apis/site/v2/sports/soccer/sco.1/scoreboard?dates=20260610-20261221&limit=300,,401878342,2026-11-07T15:00Z,ESPN public event API,https://a.espncdn.com/i/teamlogos/soccer/500/264.png,https://a.espncdn.com/i/teamlogos/soccer/500/266.png,0-0-0,0-0-0
2026-11-07,Scottish Premiership,St Johnstone,Dundee,,,,ESPN public event API,Waiting for odds,https://site.api.espn.com/apis/site/v2/sports/soccer/sco.1/scoreboard?dates=20260610-20261221&limit=300,,401878341,2026-11-07T15:00Z,ESPN public event API,https://a.espncdn.com/i/teamlogos/soccer/500/267.png,https://a.espncdn.com/i/teamlogos/soccer/500/261.png,0-0-0,0-0-0
2026-11-07,Scottish Premiership,St Mirren,Rangers,,,,ESPN public event API,Waiting for odds,https://site.api.espn.com/apis/site/v2/sports/soccer/sco.1/scoreboard?dates=20260610-20261221&limit=300,,401878340,2026-11-07T15:00Z,ESPN public event API,https://a.espncdn.com/i/teamlogos/soccer/500/250.png,https://a.espncdn.com/i/teamlogos/soccer/500/257.png,0-0-0,0-0-0
2026-11-08,Allsvenskan,AIK,BK Häcken,,,,ESPN public event API,Waiting for odds,https://site.api.espn.com/apis/site/v2/sports/soccer/swe.1/scoreboard?dates=20260513-20261123&limit=300,,401842880,2026-11-08T05:00Z,ESPN public event API,https://a.espncdn.com/i/teamlogos/soccer/500/994.png,https://a.espncdn.com/i/teamlogos/soccer/500/7834.png,3-3-3,4-5-0
2026-11-08,Allsvenskan,Degerfors IF,GAIS,,,,ESPN public event API,Waiting for odds,https://site.api.espn.com/apis/site/v2/sports/soccer/swe.1/scoreboard?dates=20260513-20261123&limit=300,,401842878,2026-11-08T05:00Z,ESPN public event API,https://a.espncdn.com/i/teamlogos/soccer/500/20856.png,https://a.espncdn.com/i/teamlogos/soccer/500/8222.png,2-3-4,3-3-4
2026-11-08,Allsvenskan,Halmstads BK,Djurgården,,,,ESPN public event API,Waiting for odds,https://site.api.espn.com/apis/site/v2/sports/soccer/swe.1/scoreboard?dates=20260513-20261123&limit=300,,401842877,2026-11-08T05:00Z,ESPN public event API,https://a.espncdn.com/i/teamlogos/soccer/500/3017.png,https://a.espncdn.com/i/teamlogos/soccer/500/2339.png,1-3-5,4-1-4
2026-11-08,Allsvenskan,Hammarby IF,IF Elfsborg,,,,ESPN public event API,Waiting for odds,https://site.api.espn.com/apis/site/v2/sports/soccer/swe.1/scoreboard?dates=20260513-20261123&limit=300,,401842876,2026-11-08T05:00Z,ESPN public event API,https://a.espncdn.com/i/teamlogos/soccer/500/2495.png,https://a.espncdn.com/i/teamlogos/soccer/500/529.png,5-2-3,4-5-1
2026-11-08,Allsvenskan,IF Brommapojkarna,Mjällby AIF,,,,ESPN public event API,Waiting for odds,https://site.api.espn.com/apis/site/v2/sports/soccer/swe.1/scoreboard?dates=20260513-20261123&limit=300,,401842879,2026-11-08T05:00Z,ESPN public event API,https://a.espncdn.com/i/teamlogos/soccer/500/8221.png,https://a.espncdn.com/i/teamlogos/soccer/500/20301.png,4-2-3,4-3-3
2026-11-08,Allsvenskan,IFK Göteborg,Malmö FF,,,,ESPN public event API,Waiting for odds,https://site.api.espn.com/apis/site/v2/sports/soccer/swe.1/scoreboard?dates=20260513-20261123&limit=300,,401842875,2026-11-08T05:00Z,ESPN public event API,https://a.espncdn.com/i/teamlogos/soccer/500/2556.png,https://a.espncdn.com/i/teamlogos/soccer/500/2720.png,1-4-4,3-1-5
2026-11-08,Allsvenskan,Kalmar FF,IK Sirius,,,,ESPN public event API,Waiting for odds,https://site.api.espn.com/apis/site/v2/sports/soccer/swe.1/scoreboard?dates=20260513-20261123&limit=300,,401842874,2026-11-08T05:00Z,ESPN public event API,https://a.espncdn.com/i/teamlogos/soccer/500/3052.png,https://a.espncdn.com/i/teamlogos/soccer/500/8547.png,3-1-5,8-1-0
2026-11-08,Allsvenskan,Örgryte IS,Västerås SK,,,,ESPN public event API,Waiting for odds,https://site.api.espn.com/apis/site/v2/sports/soccer/swe.1/scoreboard?dates=20260513-20261123&limit=300,,401842881,2026-11-08T05:00Z,ESPN public event API,https://a.espncdn.com/i/teamlogos/soccer/500/131552.png,https://a.espncdn.com/i/teamlogos/soccer/500/22163.png,1-2-6,3-3-3
2026-11-08,Danish Superliga,AGF,AC Horsens,,,,ESPN public event API,Waiting for odds,https://site.api.espn.com/apis/site/v2/sports/soccer/den.1/scoreboard?dates=20260521-20261201&limit=300,,401874570,2026-11-08T20:00Z,ESPN public event API,https://a.espncdn.com/i/teamlogos/soccer/500/7853.png,https://a.espncdn.com/i/teamlogos/soccer/500/3585.png,,
2026-11-08,Danish Superliga,F.C. København,Brøndby IF,,,,ESPN public event API,Waiting for odds,https://site.api.espn.com/apis/site/v2/sports/soccer/den.1/scoreboard?dates=20260521-20261201&limit=300,,401874488,2026-11-08T20:00Z,ESPN public event API,https://a.espncdn.com/i/teamlogos/soccer/500/909.png,https://a.espncdn.com/i/teamlogos/soccer/500/575.png,,
2026-11-08,Danish Superliga,FC Midtjylland,Sønderjyske Fodbold,,,,ESPN public event API,Waiting for odds,https://site.api.espn.com/apis/site/v2/sports/soccer/den.1/scoreboard?dates=20260521-20261201&limit=300,,401874556,2026-11-08T20:00Z,ESPN public event API,https://a.espncdn.com/i/teamlogos/soccer/500/572.png,https://a.espncdn.com/i/teamlogos/soccer/500/8118.png,,
2026-11-08,Danish Superliga,Odense Boldklub,Viborg FF,,,,ESPN public event API,Waiting for odds,https://site.api.espn.com/apis/site/v2/sports/soccer/den.1/scoreboard?dates=20260521-20261201&limit=300,,401874499,2026-11-08T20:00Z,ESPN public event API,https://a.espncdn.com/i/teamlogos/soccer/500/11550.png,https://a.espncdn.com/i/teamlogos/soccer/500/3153.png,,
2026-11-08,Danish Superliga,Randers FC,FC Nordsjælland,,,,ESPN public event API,Waiting for odds,https://site.api.espn.com/apis/site/v2/sports/soccer/den.1/scoreboard?dates=20260521-20261201&limit=300,,401874562,2026-11-08T20:00Z,ESPN public event API,https://a.espncdn.com/i/teamlogos/soccer/500/3132.png,https://a.espncdn.com/i/teamlogos/soccer/500/3101.png,,
2026-11-08,Danish Superliga,Silkeborg IF,Lyngby Boldklub,,,,ESPN public event API,Waiting for odds,https://site.api.espn.com/apis/site/v2/sports/soccer/den.1/scoreboard?dates=20260521-20261201&limit=300,,401874537,2026-11-08T20:00Z,ESPN public event API,https://a.espncdn.com/i/teamlogos/soccer/500/607.png,https://a.espncdn.com/i/teamlogos/soccer/500/7860.png,,
2026-11-08,Eliteserien,Fredrikstad,SK Brann,,,,ESPN public event API,Waiting for odds,https://site.api.espn.com/apis/site/v2/sports/soccer/nor.1/scoreboard?dates=20260513-20261123&limit=300,,401843475,2026-11-08T16:00Z,ESPN public event API,https://a.espncdn.com/i/teamlogos/soccer/500/3039.png,https://a.espncdn.com/i/teamlogos/soccer/500/620.png,3-2-5,4-1-6
2026-11-08,Eliteserien,Hamarkameratene,Sarpsborg FK,,,,ESPN public event API,Waiting for odds,https://site.api.espn.com/apis/site/v2/sports/soccer/nor.1/scoreboard?dates=20260513-20261123&limit=300,,401843481,2026-11-08T16:00Z,ESPN public event API,https://a.espncdn.com/i/teamlogos/soccer/500/21380.png,https://a.espncdn.com/i/teamlogos/soccer/500/5002.png,5-1-3,3-2-5
2026-11-08,Eliteserien,Kristiansund BK,Vålerenga,,,,ESPN public event API,Waiting for odds,https://site.api.espn.com/apis/site/v2/sports/soccer/nor.1/scoreboard?dates=20260513-20261123&limit=300,,401843480,2026-11-08T16:00Z,ESPN public event API,https://a.espncdn.com/i/teamlogos/soccer/500/6672.png,https://a.espncdn.com/i/teamlogos/soccer/500/2791.png,3-2-5,3-2-5
2026-11-08,Eliteserien,Lillestrom,Aalesund,,,,ESPN public event API,Waiting for odds,https://site.api.espn.com/apis/site/v2/sports/soccer/nor.1/scoreboard?dates=20260513-20261123&limit=300,,401843479,2026-11-08T16:00Z,ESPN public event API,https://a.espncdn.com/i/teamlogos/soccer/500/987.png,https://a.espncdn.com/i/teamlogos/soccer/500/3278.png,6-1-4,2-4-4
2026-11-08,Eliteserien,Rosenborg,IK Start,,,,ESPN public event API,Waiting for odds,https://site.api.espn.com/apis/site/v2/sports/soccer/nor.1/scoreboard?dates=20260513-20261123&limit=300,,401843478,2026-11-08T16:00Z,ESPN public event API,https://a.espncdn.com/i/teamlogos/soccer/500/438.png,,2-2-6,1-4-6
2026-11-08,Eliteserien,Sandefjord,Molde,,,,ESPN public event API,Waiting for odds,https://site.api.espn.com/apis/site/v2/sports/soccer/nor.1/scoreboard?dates=20260513-20261123&limit=300,,401843477,2026-11-08T16:00Z,ESPN public event API,https://a.espncdn.com/i/teamlogos/soccer/500/3279.png,https://a.espncdn.com/i/teamlogos/soccer/500/2715.png,4-2-4,5-1-4
2026-11-08,Eliteserien,Tromso,Bodo/Glimt,,,,ESPN public event API,Waiting for odds,https://site.api.espn.com/apis/site/v2/sports/soccer/nor.1/scoreboard?dates=20260513-20261123&limit=300,,401843476,2026-11-08T16:00Z,ESPN public event API,https://a.espncdn.com/i/teamlogos/soccer/500/5270.png,https://a.espncdn.com/i/teamlogos/soccer/500/2980.png,7-3-2,7-1-2
2026-11-08,Eliteserien,Viking FK,KFUM Oslo,,,,ESPN public event API,Waiting for odds,https://site.api.espn.com/apis/site/v2/sports/soccer/nor.1/scoreboard?dates=20260513-20261123&limit=300,,401843482,2026-11-08T16:00Z,ESPN public event API,https://a.espncdn.com/i/teamlogos/soccer/500/510.png,https://a.espncdn.com/i/teamlogos/soccer/500/22165.png,9-0-1,3-2-5
2026-11-08,Eredivisie,AZ Alkmaar,FC Groningen,,,,ESPN public event API,Waiting for odds,https://site.api.espn.com/apis/site/v2/sports/soccer/ned.1/scoreboard?dates=20260528-20261208&limit=300,,401875548,2026-11-08T15:45Z,ESPN public event API,https://a.espncdn.com/i/teamlogos/soccer/500/140.png,https://a.espncdn.com/i/teamlogos/soccer/500/145.png,0-0-0,0-0-0
2026-11-08,Eredivisie,FC Twente,Ajax Amsterdam,,,,ESPN public event API,Waiting for odds,https://site.api.espn.com/apis/site/v2/sports/soccer/ned.1/scoreboard?dates=20260528-20261208&limit=300,,401875550,2026-11-08T13:30Z,ESPN public event API,https://a.espncdn.com/i/teamlogos/soccer/500/152.png,https://a.espncdn.com/i/teamlogos/soccer/500/139.png,0-0-0,0-0-0
2026-11-08,Eredivisie,FC Utrecht,NEC Nijmegen,,,,ESPN public event API,Waiting for odds,https://site.api.espn.com/apis/site/v2/sports/soccer/ned.1/scoreboard?dates=20260528-20261208&limit=300,,401875549,2026-11-08T13:30Z,ESPN public event API,https://a.espncdn.com/i/teamlogos/soccer/500/153.png,https://a.espncdn.com/i/teamlogos/soccer/500/147.png,0-0-0,0-0-0
2026-11-08,Eredivisie,Heerenveen,Feyenoord Rotterdam,,,,ESPN public event API,Waiting for odds,https://site.api.espn.com/apis/site/v2/sports/soccer/ned.1/scoreboard?dates=20260528-20261208&limit=300,,401875551,2026-11-08T11:15Z,ESPN public event API,https://a.espncdn.com/i/teamlogos/soccer/500/146.png,https://a.espncdn.com/i/teamlogos/soccer/500/142.png,0-0-0,0-0-0
2026-11-08,Scottish Premiership,Heart of Midlothian,Falkirk,,,,ESPN public event API,Waiting for odds,https://site.api.espn.com/apis/site/v2/sports/soccer/sco.1/scoreboard?dates=20260610-20261221&limit=300,,401878339,2026-11-08T15:00Z,ESPN public event API,https://a.espncdn.com/i/teamlogos/soccer/500/262.png,https://a.espncdn.com/i/teamlogos/soccer/500/254.png,0-0-0,0-0-0
2026-11-08,Serie A,AS Roma,Sassuolo,,,,ESPN public event API,Waiting for odds,https://site.api.espn.com/apis/site/v2/sports/soccer/ita.1/scoreboard?dates=20260526-20261206&limit=300,,401874803,2026-11-08T20:00Z,ESPN public event API,https://a.espncdn.com/i/teamlogos/soccer/500/104.png,https://a.espncdn.com/i/teamlogos/soccer/500/3997.png,0-0-0,0-0-0
2026-11-08,Serie A,Cagliari,Frosinone,,,,ESPN public event API,Waiting for odds,https://site.api.espn.com/apis/site/v2/sports/soccer/ita.1/scoreboard?dates=20260526-20261206&limit=300,,401874791,2026-11-08T20:00Z,ESPN public event API,https://a.espncdn.com/i/teamlogos/soccer/500/2925.png,https://a.espncdn.com/i/teamlogos/soccer/500/4057.png,0-0-0,0-0-0
2026-11-08,Serie A,Fiorentina,Juventus,,,,ESPN public event API,Waiting for odds,https://site.api.espn.com/apis/site/v2/sports/soccer/ita.1/scoreboard?dates=20260526-20261206&limit=300,,401875003,2026-11-08T20:00Z,ESPN public event API,https://a.espncdn.com/i/teamlogos/soccer/500/109.png,https://a.espncdn.com/i/teamlogos/soccer/500/111.png,0-0-0,0-0-0
2026-11-08,Serie A,Genoa,AC Milan,,,,ESPN public event API,Waiting for odds,https://site.api.espn.com/apis/site/v2/sports/soccer/ita.1/scoreboard?dates=20260526-20261206&limit=300,,401875018,2026-11-08T20:00Z,ESPN public event API,https://a.espncdn.com/i/teamlogos/soccer/500/3263.png,https://a.espncdn.com/i/teamlogos/soccer/500/103.png,0-0-0,0-0-0
2026-11-08,Serie A,Inter Milan,Como,,,,ESPN public event API,Waiting for odds,https://site.api.espn.com/apis/site/v2/sports/soccer/ita.1/scoreboard?dates=20260526-20261206&limit=300,,401874808,2026-11-08T20:00Z,ESPN public event API,https://a.espncdn.com/i/teamlogos/soccer/500/110.png,https://a.espncdn.com/i/teamlogos/soccer/500/2572.png,0-0-0,0-0-0
2026-11-08,Serie A,Monza,Atalanta,,,,ESPN public event API,Waiting for odds,https://site.api.espn.com/apis/site/v2/sports/soccer/ita.1/scoreboard?dates=20260526-20261206&limit=300,,401874800,2026-11-08T20:00Z,ESPN public event API,https://a.espncdn.com/i/teamlogos/soccer/500/4007.png,https://a.espncdn.com/i/teamlogos/soccer/500/105.png,0-0-0,0-0-0
2026-11-08,Serie A,Napoli,Lazio,,,,ESPN public event API,Waiting for odds,https://site.api.espn.com/apis/site/v2/sports/soccer/ita.1/scoreboard?dates=20260526-20261206&limit=300,,401874810,2026-11-08T20:00Z,ESPN public event API,https://a.espncdn.com/i/teamlogos/soccer/500/114.png,https://a.espncdn.com/i/teamlogos/soccer/500/112.png,0-0-0,0-0-0
2026-11-08,Serie A,Parma,Bologna,,,,ESPN public event API,Waiting for odds,https://site.api.espn.com/apis/site/v2/sports/soccer/ita.1/scoreboard?dates=20260526-20261206&limit=300,,401874974,2026-11-08T20:00Z,ESPN public event API,https://a.espncdn.com/i/teamlogos/soccer/500/115.png,https://a.espncdn.com/i/teamlogos/soccer/500/107.png,0-0-0,0-0-0
2026-11-08,Serie A,Torino,Lecce,,,,ESPN public event API,Waiting for odds,https://site.api.espn.com/apis/site/v2/sports/soccer/ita.1/scoreboard?dates=20260526-20261206&limit=300,,401874811,2026-11-08T20:00Z,ESPN public event API,https://a.espncdn.com/i/teamlogos/soccer/500/239.png,https://a.espncdn.com/i/teamlogos/soccer/500/113.png,0-0-0,0-0-0
2026-11-08,Serie A,Venezia,Udinese,,,,ESPN public event API,Waiting for odds,https://site.api.espn.com/apis/site/v2/sports/soccer/ita.1/scoreboard?dates=20260526-20261206&limit=300,,401874815,2026-11-08T20:00Z,ESPN public event API,https://a.espncdn.com/i/teamlogos/soccer/500/17530.png,https://a.espncdn.com/i/teamlogos/soccer/500/118.png,0-0-0,0-0-0
2026-11-21,Belgian Pro League,Anderlecht,OH Leuven,,,,ESPN public event API,Waiting for odds,https://site.api.espn.com/apis/site/v2/sports/soccer/bel.1/scoreboard?dates=20260610-20261221&limit=300,,401878941,2026-11-21T20:00Z,ESPN public event API,https://a.espncdn.com/i/teamlogos/soccer/500/441.png,https://a.espncdn.com/i/teamlogos/soccer/500/5579.png,0-0-0,0-0-0
2026-11-21,Belgian Pro League,Cercle Brugge KSV,KVC Westerlo,,,,ESPN public event API,Waiting for odds,https://site.api.espn.com/apis/site/v2/sports/soccer/bel.1/scoreboard?dates=20260610-20261221&limit=300,,401878937,2026-11-21T20:00Z,ESPN public event API,https://a.espncdn.com/i/teamlogos/soccer/500/3610.png,https://a.espncdn.com/i/teamlogos/soccer/500/606.png,0-0-0,0-0-0
2026-11-21,Belgian Pro League,KV Kortrijk,Union St.-Gilloise,,,,ESPN public event API,Waiting for odds,https://site.api.espn.com/apis/site/v2/sports/soccer/bel.1/scoreboard?dates=20260610-20261221&limit=300,,401878936,2026-11-21T20:00Z,ESPN public event API,https://a.espncdn.com/i/teamlogos/soccer/500/5786.png,https://a.espncdn.com/i/teamlogos/soccer/500/5807.png,0-0-0,0-0-0
2026-11-21,Belgian Pro League,KV Mechelen,Club Brugge,,,,ESPN public event API,Waiting for odds,https://site.api.espn.com/apis/site/v2/sports/soccer/bel.1/scoreboard?dates=20260610-20261221&limit=300,,401878935,2026-11-21T20:00Z,ESPN public event API,https://a.espncdn.com/i/teamlogos/soccer/500/7879.png,https://a.espncdn.com/i/teamlogos/soccer/500/570.png,0-0-0,0-0-0
2026-11-21,Belgian Pro League,Lommel SK,Standard Liege,,,,ESPN public event API,Waiting for odds,https://site.api.espn.com/apis/site/v2/sports/soccer/bel.1/scoreboard?dates=20260610-20261221&limit=300,,401878934,2026-11-21T20:00Z,ESPN public event API,,https://a.espncdn.com/i/teamlogos/soccer/500/559.png,0-0-0,0-0-0
2026-11-21,Belgian Pro League,Racing Genk,RAAL La Louvière,,,,ESPN public event API,Waiting for odds,https://site.api.espn.com/apis/site/v2/sports/soccer/bel.1/scoreboard?dates=20260610-20261221&limit=300,,401878939,2026-11-21T20:00Z,ESPN public event API,https://a.espncdn.com/i/teamlogos/soccer/500/938.png,https://a.espncdn.com/i/teamlogos/soccer/500/131235.png,0-0-0,0-0-0
2026-11-21,Belgian Pro League,Royal Charleroi SC,Sint-Truidense,,,,ESPN public event API,Waiting for odds,https://site.api.espn.com/apis/site/v2/sports/soccer/bel.1/scoreboard?dates=20260610-20261221&limit=300,,401878940,2026-11-21T20:00Z,ESPN public event API,https://a.espncdn.com/i/teamlogos/soccer/500/3616.png,https://a.espncdn.com/i/teamlogos/soccer/500/936.png,0-0-0,0-0-0
2026-11-21,Belgian Pro League,Waasland-Beveren,KAA Gent,,,,ESPN public event API,Waiting for odds,https://site.api.espn.com/apis/site/v2/sports/soccer/bel.1/scoreboard?dates=20260610-20261221&limit=300,,401878942,2026-11-21T20:00Z,ESPN public event API,https://a.espncdn.com/i/teamlogos/soccer/500/13450.png,https://a.espncdn.com/i/teamlogos/soccer/500/3611.png,0-0-0,0-0-0
2026-11-21,Belgian Pro League,Zulte-Waregem,Antwerp,,,,ESPN public event API,Waiting for odds,https://site.api.espn.com/apis/site/v2/sports/soccer/bel.1/scoreboard?dates=20260610-20261221&limit=300,,401878938,2026-11-21T20:00Z,ESPN public event API,https://a.espncdn.com/i/teamlogos/soccer/500/4691.png,https://a.espncdn.com/i/teamlogos/soccer/500/17544.png,0-0-0,0-0-0
2026-11-21,EPL,Aston Villa,Sunderland,,,,ESPN public event API,Waiting for odds,https://site.api.espn.com/apis/site/v2/sports/soccer/eng.1/scoreboard?dates=20260610-20261221&limit=300,,401878756,2026-11-21T15:00Z,ESPN public event API,https://a.espncdn.com/i/teamlogos/soccer/500/362.png,https://a.espncdn.com/i/teamlogos/soccer/500/366.png,0-0-0,0-0-0
2026-11-21,EPL,Bournemouth,Nott'm Forest,,,,ESPN public event API,Waiting for odds,https://site.api.espn.com/apis/site/v2/sports/soccer/eng.1/scoreboard?dates=20260610-20261221&limit=300,,401879238,2026-11-21T15:00Z,ESPN public event API,https://a.espncdn.com/i/teamlogos/soccer/500/349.png,https://a.espncdn.com/i/teamlogos/soccer/500/393.png,0-0-0,0-0-0
2026-11-21,EPL,Brentford,Everton,,,,ESPN public event API,Waiting for odds,https://site.api.espn.com/apis/site/v2/sports/soccer/eng.1/scoreboard?dates=20260610-20261221&limit=300,,401879237,2026-11-21T15:00Z,ESPN public event API,https://a.espncdn.com/i/teamlogos/soccer/500/337.png,https://a.espncdn.com/i/teamlogos/soccer/500/368.png,0-0-0,0-0-0
2026-11-21,EPL,Chelsea,Leeds United,,,,ESPN public event API,Waiting for odds,https://site.api.espn.com/apis/site/v2/sports/soccer/eng.1/scoreboard?dates=20260610-20261221&limit=300,,401879236,2026-11-21T15:00Z,ESPN public event API,https://a.espncdn.com/i/teamlogos/soccer/500/363.png,https://a.espncdn.com/i/teamlogos/soccer/500/357.png,0-0-0,0-0-0
2026-11-21,EPL,Coventry City,Crystal Palace,,,,ESPN public event API,Waiting for odds,https://site.api.espn.com/apis/site/v2/sports/soccer/eng.1/scoreboard?dates=20260610-20261221&limit=300,,401879235,2026-11-21T15:00Z,ESPN public event API,https://a.espncdn.com/i/teamlogos/soccer/500/388.png,https://a.espncdn.com/i/teamlogos/soccer/500/384.png,0-0-0,0-0-0
2026-11-21,EPL,Hull City,Brighton,,,,ESPN public event API,Waiting for odds,https://site.api.espn.com/apis/site/v2/sports/soccer/eng.1/scoreboard?dates=20260610-20261221&limit=300,,401879234,2026-11-21T15:00Z,ESPN public event API,https://a.espncdn.com/i/teamlogos/soccer/500/306.png,https://a.espncdn.com/i/teamlogos/soccer/500/331.png,0-0-0,0-0-0
2026-11-21,EPL,Liverpool,Man United,,,,ESPN public event API,Waiting for odds,https://site.api.espn.com/apis/site/v2/sports/soccer/eng.1/scoreboard?dates=20260610-20261221&limit=300,,401878755,2026-11-21T15:00Z,ESPN public event API,https://a.espncdn.com/i/teamlogos/soccer/500/364.png,https://a.espncdn.com/i/teamlogos/soccer/500/360.png,0-0-0,0-0-0
2026-11-21,EPL,Man City,Fulham,,,,ESPN public event API,Waiting for odds,https://site.api.espn.com/apis/site/v2/sports/soccer/eng.1/scoreboard?dates=20260610-20261221&limit=300,,401879233,2026-11-21T15:00Z,ESPN public event API,https://a.espncdn.com/i/teamlogos/soccer/500/382.png,https://a.espncdn.com/i/teamlogos/soccer/500/370.png,0-0-0,0-0-0
2026-11-21,EPL,Newcastle United,Arsenal,,,,ESPN public event API,Waiting for odds,https://site.api.espn.com/apis/site/v2/sports/soccer/eng.1/scoreboard?dates=20260610-20261221&limit=300,,401879232,2026-11-21T15:00Z,ESPN public event API,https://a.espncdn.com/i/teamlogos/soccer/500/361.png,https://a.espncdn.com/i/teamlogos/soccer/500/359.png,0-0-0,0-0-0
2026-11-21,EPL,Tottenham,Ipswich Town,,,,ESPN public event API,Waiting for odds,https://site.api.espn.com/apis/site/v2/sports/soccer/eng.1/scoreboard?dates=20260610-20261221&limit=300,,401878754,2026-11-21T15:00Z,ESPN public event API,https://a.espncdn.com/i/teamlogos/soccer/500/367.png,https://a.espncdn.com/i/teamlogos/soccer/500/373.png,0-0-0,0-0-0
2026-11-21,Eredivisie,Ajax Amsterdam,ADO Den Haag,,,,ESPN public event API,Waiting for odds,https://site.api.espn.com/apis/site/v2/sports/soccer/ned.1/scoreboard?dates=20260528-20261208&limit=300,,401875547,2026-11-21T20:00Z,ESPN public event API,https://a.espncdn.com/i/teamlogos/soccer/500/139.png,https://a.espncdn.com/i/teamlogos/soccer/500/2726.png,0-0-0,0-0-0
2026-11-21,Eredivisie,FC Groningen,Heerenveen,,,,ESPN public event API,Waiting for odds,https://site.api.espn.com/apis/site/v2/sports/soccer/ned.1/scoreboard?dates=20260528-20261208&limit=300,,401875546,2026-11-21T20:00Z,ESPN public event API,https://a.espncdn.com/i/teamlogos/soccer/500/145.png,https://a.espncdn.com/i/teamlogos/soccer/500/146.png,0-0-0,0-0-0
2026-11-21,Eredivisie,FC Twente,Willem II,,,,ESPN public event API,Waiting for odds,https://site.api.espn.com/apis/site/v2/sports/soccer/ned.1/scoreboard?dates=20260528-20261208&limit=300,,401875545,2026-11-21T20:00Z,ESPN public event API,https://a.espncdn.com/i/teamlogos/soccer/500/152.png,https://a.espncdn.com/i/teamlogos/soccer/500/156.png,0-0-0,0-0-0
2026-11-21,Eredivisie,FC Utrecht,SC Cambuur,,,,ESPN public event API,Waiting for odds,https://site.api.espn.com/apis/site/v2/sports/soccer/ned.1/scoreboard?dates=20260528-20261208&limit=300,,401875544,2026-11-21T20:00Z,ESPN public event API,https://a.espncdn.com/i/teamlogos/soccer/500/153.png,https://a.espncdn.com/i/teamlogos/soccer/500/3736.png,0-0-0,0-0-0
2026-11-21,Eredivisie,Feyenoord Rotterdam,Excelsior,,,,ESPN public event API,Waiting for odds,https://site.api.espn.com/apis/site/v2/sports/soccer/ned.1/scoreboard?dates=20260528-20261208&limit=300,,401875543,2026-11-21T20:00Z,ESPN public event API,https://a.espncdn.com/i/teamlogos/soccer/500/142.png,https://a.espncdn.com/i/teamlogos/soccer/500/2566.png,0-0-0,0-0-0
2026-11-21,Eredivisie,Go Ahead Eagles,Fortuna Sittard,,,,ESPN public event API,Waiting for odds,https://site.api.espn.com/apis/site/v2/sports/soccer/ned.1/scoreboard?dates=20260528-20261208&limit=300,,401875542,2026-11-21T20:00Z,ESPN public event API,https://a.espncdn.com/i/teamlogos/soccer/500/3706.png,https://a.espncdn.com/i/teamlogos/soccer/500/143.png,0-0-0,0-0-0
2026-11-21,Eredivisie,NEC Nijmegen,PSV Eindhoven,,,,ESPN public event API,Waiting for odds,https://site.api.espn.com/apis/site/v2/sports/soccer/ned.1/scoreboard?dates=20260528-20261208&limit=300,,401875541,2026-11-21T20:00Z,ESPN public event API,https://a.espncdn.com/i/teamlogos/soccer/500/147.png,https://a.espncdn.com/i/teamlogos/soccer/500/148.png,0-0-0,0-0-0
2026-11-21,Eredivisie,Sparta Rotterdam,AZ Alkmaar,,,,ESPN public event API,Waiting for odds,https://site.api.espn.com/apis/site/v2/sports/soccer/ned.1/scoreboard?dates=20260528-20261208&limit=300,,401875540,2026-11-21T20:00Z,ESPN public event API,https://a.espncdn.com/i/teamlogos/soccer/500/151.png,https://a.espncdn.com/i/teamlogos/soccer/500/140.png,0-0-0,0-0-0
2026-11-21,Eredivisie,Telstar,PEC Zwolle,,,,ESPN public event API,Waiting for odds,https://site.api.espn.com/apis/site/v2/sports/soccer/ned.1/scoreboard?dates=20260528-20261208&limit=300,,401875539,2026-11-21T20:00Z,ESPN public event API,https://a.espncdn.com/i/teamlogos/soccer/500/3735.png,https://a.espncdn.com/i/teamlogos/soccer/500/2565.png,0-0-0,0-0-0
2026-11-21,Ligue 1,AS Monaco,AJ Auxerre,,,,ESPN public event API,Waiting for odds,https://site.api.espn.com/apis/site/v2/sports/soccer/fra.1/scoreboard?dates=20260528-20261208&limit=300,,401876399,2026-11-21T20:00Z,ESPN public event API,https://a.espncdn.com/i/teamlogos/soccer/500/174.png,https://a.espncdn.com/i/teamlogos/soccer/500/172.png,0-0-0,0-0-0
2026-11-21,Ligue 1,Lens,Toulouse,,,,ESPN public event API,Waiting for odds,https://site.api.espn.com/apis/site/v2/sports/soccer/fra.1/scoreboard?dates=20260528-20261208&limit=300,,401876403,2026-11-21T20:00Z,ESPN public event API,https://a.espncdn.com/i/teamlogos/soccer/500/175.png,https://a.espncdn.com/i/teamlogos/soccer/500/179.png,0-0-0,0-0-0
2026-11-21,Ligue 1,Lille,Lyon,,,,ESPN public event API,Waiting for odds,https://site.api.espn.com/apis/site/v2/sports/soccer/fra.1/scoreboard?dates=20260528-20261208&limit=300,,401876402,2026-11-21T20:00Z,ESPN public event API,https://a.espncdn.com/i/teamlogos/soccer/500/166.png,https://a.espncdn.com/i/teamlogos/soccer/500/167.png,0-0-0,0-0-0
2026-11-21,Ligue 1,Lorient,Stade Rennais,,,,ESPN public event API,Waiting for odds,https://site.api.espn.com/apis/site/v2/sports/soccer/fra.1/scoreboard?dates=20260528-20261208&limit=300,,401876401,2026-11-21T20:00Z,ESPN public event API,https://a.espncdn.com/i/teamlogos/soccer/500/273.png,https://a.espncdn.com/i/teamlogos/soccer/500/169.png,0-0-0,0-0-0
2026-11-21,Ligue 1,Marseille,Le Mans,,,,ESPN public event API,Waiting for odds,https://site.api.espn.com/apis/site/v2/sports/soccer/fra.1/scoreboard?dates=20260528-20261208&limit=300,,401876400,2026-11-21T20:00Z,ESPN public event API,https://a.espncdn.com/i/teamlogos/soccer/500/176.png,https://a.espncdn.com/i/teamlogos/soccer/500/2697.png,0-0-0,0-0-0
2026-11-21,Ligue 1,Nice,Paris SG,,,,ESPN public event API,Waiting for odds,https://site.api.espn.com/apis/site/v2/sports/soccer/fra.1/scoreboard?dates=20260528-20261208&limit=300,,401876398,2026-11-21T20:00Z,ESPN public event API,https://a.espncdn.com/i/teamlogos/soccer/500/2502.png,https://a.espncdn.com/i/teamlogos/soccer/500/160.png,0-0-0,0-0-0
2026-11-21,Ligue 1,Paris FC,Angers,,,,ESPN public event API,Waiting for odds,https://site.api.espn.com/apis/site/v2/sports/soccer/fra.1/scoreboard?dates=20260528-20261208&limit=300,,401876397,2026-11-21T20:00Z,ESPN public event API,https://a.espncdn.com/i/teamlogos/soccer/500/6851.png,https://a.espncdn.com/i/teamlogos/soccer/500/7868.png,0-0-0,0-0-0
2026-11-21,Ligue 1,Strasbourg,Brest,,,,ESPN public event API,Waiting for odds,https://site.api.espn.com/apis/site/v2/sports/soccer/fra.1/scoreboard?dates=20260528-20261208&limit=300,,401876396,2026-11-21T20:00Z,ESPN public event API,https://a.espncdn.com/i/teamlogos/soccer/500/180.png,https://a.espncdn.com/i/teamlogos/soccer/500/6997.png,0-0-0,0-0-0
2026-11-21,Ligue 1,Troyes,Le Havre AC,,,,ESPN public event API,Waiting for odds,https://site.api.espn.com/apis/site/v2/sports/soccer/fra.1/scoreboard?dates=20260528-20261208&limit=300,,401876395,2026-11-21T20:00Z,ESPN public event API,https://a.espncdn.com/i/teamlogos/soccer/500/170.png,https://a.espncdn.com/i/teamlogos/soccer/500/3236.png,0-0-0,0-0-0
2026-11-21,Scottish Premiership,Celtic,St Mirren,,,,ESPN public event API,Waiting for odds,https://site.api.espn.com/apis/site/v2/sports/soccer/sco.1/scoreboard?dates=20260610-20261221&limit=300,,401878338,2026-11-21T15:00Z,ESPN public event API,https://a.espncdn.com/i/teamlogos/soccer/500/256.png,https://a.espncdn.com/i/teamlogos/soccer/500/250.png,0-0-0,0-0-0
2026-11-21,Scottish Premiership,Dundee,Heart of Midlothian,,,,ESPN public event API,Waiting for odds,https://site.api.espn.com/apis/site/v2/sports/soccer/sco.1/scoreboard?dates=20260610-20261221&limit=300,,401878337,2026-11-21T15:00Z,ESPN public event API,https://a.espncdn.com/i/teamlogos/soccer/500/261.png,https://a.espncdn.com/i/teamlogos/soccer/500/262.png,0-0-0,0-0-0
2026-11-21,Scottish Premiership,Falkirk,St Johnstone,,,,ESPN public event API,Waiting for odds,https://site.api.espn.com/apis/site/v2/sports/soccer/sco.1/scoreboard?dates=20260610-20261221&limit=300,,401878336,2026-11-21T15:00Z,ESPN public event API,https://a.espncdn.com/i/teamlogos/soccer/500/254.png,https://a.espncdn.com/i/teamlogos/soccer/500/267.png,0-0-0,0-0-0
2026-11-21,Scottish Premiership,Hibernian,Dundee United,,,,ESPN public event API,Waiting for odds,https://site.api.espn.com/apis/site/v2/sports/soccer/sco.1/scoreboard?dates=20260610-20261221&limit=300,,401878335,2026-11-21T15:00Z,ESPN public event API,https://a.espncdn.com/i/teamlogos/soccer/500/258.png,https://a.espncdn.com/i/teamlogos/soccer/500/264.png,0-0-0,0-0-0
2026-11-21,Scottish Premiership,Kilmarnock,Aberdeen,,,,ESPN public event API,Waiting for odds,https://site.api.espn.com/apis/site/v2/sports/soccer/sco.1/scoreboard?dates=20260610-20261221&limit=300,,401878334,2026-11-21T15:00Z,ESPN public event API,https://a.espncdn.com/i/teamlogos/soccer/500/260.png,https://a.espncdn.com/i/teamlogos/soccer/500/263.png,0-0-0,0-0-0
2026-11-21,Scottish Premiership,Motherwell,Rangers,,,,ESPN public event API,Waiting for odds,https://site.api.espn.com/apis/site/v2/sports/soccer/sco.1/scoreboard?dates=20260610-20261221&limit=300,,401878333,2026-11-21T15:00Z,ESPN public event API,https://a.espncdn.com/i/teamlogos/soccer/500/266.png,https://a.espncdn.com/i/teamlogos/soccer/500/257.png,0-0-0,0-0-0
2026-11-22,Allsvenskan,AIK,Degerfors IF,,,,ESPN public event API,Waiting for odds,https://site.api.espn.com/apis/site/v2/sports/soccer/swe.1/scoreboard?dates=20260513-20261123&limit=300,,401842882,2026-11-22T05:00Z,ESPN public event API,https://a.espncdn.com/i/teamlogos/soccer/500/994.png,https://a.espncdn.com/i/teamlogos/soccer/500/20856.png,3-3-3,2-3-4
2026-11-22,Allsvenskan,BK Häcken,IF Elfsborg,,,,ESPN public event API,Waiting for odds,https://site.api.espn.com/apis/site/v2/sports/soccer/swe.1/scoreboard?dates=20260513-20261123&limit=300,,401842887,2026-11-22T05:00Z,ESPN public event API,https://a.espncdn.com/i/teamlogos/soccer/500/7834.png,https://a.espncdn.com/i/teamlogos/soccer/500/529.png,4-5-0,4-5-1
2026-11-22,Allsvenskan,GAIS,Västerås SK,,,,ESPN public event API,Waiting for odds,https://site.api.espn.com/apis/site/v2/sports/soccer/swe.1/scoreboard?dates=20260513-20261123&limit=300,,401842889,2026-11-22T05:00Z,ESPN public event API,https://a.espncdn.com/i/teamlogos/soccer/500/8222.png,https://a.espncdn.com/i/teamlogos/soccer/500/22163.png,3-3-4,3-3-3
2026-11-22,Allsvenskan,Hammarby IF,IFK Göteborg,,,,ESPN public event API,Waiting for odds,https://site.api.espn.com/apis/site/v2/sports/soccer/swe.1/scoreboard?dates=20260513-20261123&limit=300,,401842888,2026-11-22T05:00Z,ESPN public event API,https://a.espncdn.com/i/teamlogos/soccer/500/2495.png,https://a.espncdn.com/i/teamlogos/soccer/500/2556.png,5-2-3,1-4-4
2026-11-22,Allsvenskan,IF Brommapojkarna,Halmstads BK,,,,ESPN public event API,Waiting for odds,https://site.api.espn.com/apis/site/v2/sports/soccer/swe.1/scoreboard?dates=20260513-20261123&limit=300,,401842883,2026-11-22T05:00Z,ESPN public event API,https://a.espncdn.com/i/teamlogos/soccer/500/8221.png,https://a.espncdn.com/i/teamlogos/soccer/500/3017.png,4-2-3,1-3-5
2026-11-22,Allsvenskan,IK Sirius,Djurgården,,,,ESPN public event API,Waiting for odds,https://site.api.espn.com/apis/site/v2/sports/soccer/swe.1/scoreboard?dates=20260513-20261123&limit=300,,401842885,2026-11-22T05:00Z,ESPN public event API,https://a.espncdn.com/i/teamlogos/soccer/500/8547.png,https://a.espncdn.com/i/teamlogos/soccer/500/2339.png,8-1-0,4-1-4
2026-11-22,Allsvenskan,Mjällby AIF,Malmö FF,,,,ESPN public event API,Waiting for odds,https://site.api.espn.com/apis/site/v2/sports/soccer/swe.1/scoreboard?dates=20260513-20261123&limit=300,,401842886,2026-11-22T05:00Z,ESPN public event API,https://a.espncdn.com/i/teamlogos/soccer/500/20301.png,https://a.espncdn.com/i/teamlogos/soccer/500/2720.png,4-3-3,3-1-5
2026-11-22,Allsvenskan,Örgryte IS,Kalmar FF,,,,ESPN public event API,Waiting for odds,https://site.api.espn.com/apis/site/v2/sports/soccer/swe.1/scoreboard?dates=20260513-20261123&limit=300,,401842884,2026-11-22T05:00Z,ESPN public event API,https://a.espncdn.com/i/teamlogos/soccer/500/131552.png,https://a.espncdn.com/i/teamlogos/soccer/500/3052.png,1-2-6,3-1-5
2026-11-22,Danish Superliga,AC Horsens,Silkeborg IF,,,,ESPN public event API,Waiting for odds,https://site.api.espn.com/apis/site/v2/sports/soccer/den.1/scoreboard?dates=20260521-20261201&limit=300,,401874575,2026-11-22T20:00Z,ESPN public event API,https://a.espncdn.com/i/teamlogos/soccer/500/3585.png,https://a.espncdn.com/i/teamlogos/soccer/500/607.png,,
2026-11-22,Danish Superliga,AGF,Lyngby Boldklub,,,,ESPN public event API,Waiting for odds,https://site.api.espn.com/apis/site/v2/sports/soccer/den.1/scoreboard?dates=20260521-20261201&limit=300,,401874492,2026-11-22T20:00Z,ESPN public event API,https://a.espncdn.com/i/teamlogos/soccer/500/7853.png,https://a.espncdn.com/i/teamlogos/soccer/500/7860.png,,
2026-11-22,Danish Superliga,Brøndby IF,FC Midtjylland,,,,ESPN public event API,Waiting for odds,https://site.api.espn.com/apis/site/v2/sports/soccer/den.1/scoreboard?dates=20260521-20261201&limit=300,,401874538,2026-11-22T20:00Z,ESPN public event API,https://a.espncdn.com/i/teamlogos/soccer/500/575.png,https://a.espncdn.com/i/teamlogos/soccer/500/572.png,,
2026-11-22,Danish Superliga,FC Nordsjælland,F.C. København,,,,ESPN public event API,Waiting for odds,https://site.api.espn.com/apis/site/v2/sports/soccer/den.1/scoreboard?dates=20260521-20261201&limit=300,,401874493,2026-11-22T20:00Z,ESPN public event API,https://a.espncdn.com/i/teamlogos/soccer/500/3101.png,https://a.espncdn.com/i/teamlogos/soccer/500/909.png,,
2026-11-22,Danish Superliga,Sønderjyske Fodbold,Odense Boldklub,,,,ESPN public event API,Waiting for odds,https://site.api.espn.com/apis/site/v2/sports/soccer/den.1/scoreboard?dates=20260521-20261201&limit=300,,401874541,2026-11-22T20:00Z,ESPN public event API,https://a.espncdn.com/i/teamlogos/soccer/500/8118.png,https://a.espncdn.com/i/teamlogos/soccer/500/11550.png,,
2026-11-22,Danish Superliga,Viborg FF,Randers FC,,,,ESPN public event API,Waiting for odds,https://site.api.espn.com/apis/site/v2/sports/soccer/den.1/scoreboard?dates=20260521-20261201&limit=300,,401874558,2026-11-22T20:00Z,ESPN public event API,https://a.espncdn.com/i/teamlogos/soccer/500/3153.png,https://a.espncdn.com/i/teamlogos/soccer/500/3132.png,,
2026-11-22,Eliteserien,Aalesund,Rosenborg,,,,ESPN public event API,Waiting for odds,https://site.api.espn.com/apis/site/v2/sports/soccer/nor.1/scoreboard?dates=20260513-20261123&limit=300,,401843490,2026-11-22T16:00Z,ESPN public event API,https://a.espncdn.com/i/teamlogos/soccer/500/3278.png,https://a.espncdn.com/i/teamlogos/soccer/500/438.png,2-4-4,2-2-6
2026-11-22,Eliteserien,Hamarkameratene,Fredrikstad,,,,ESPN public event API,Waiting for odds,https://site.api.espn.com/apis/site/v2/sports/soccer/nor.1/scoreboard?dates=20260513-20261123&limit=300,,401843489,2026-11-22T16:00Z,ESPN public event API,https://a.espncdn.com/i/teamlogos/soccer/500/21380.png,https://a.espncdn.com/i/teamlogos/soccer/500/3039.png,5-1-3,3-2-5
2026-11-22,Eliteserien,KFUM Oslo,SK Brann,,,,ESPN public event API,Waiting for odds,https://site.api.espn.com/apis/site/v2/sports/soccer/nor.1/scoreboard?dates=20260513-20261123&limit=300,,401843488,2026-11-22T16:00Z,ESPN public event API,https://a.espncdn.com/i/teamlogos/soccer/500/22165.png,https://a.espncdn.com/i/teamlogos/soccer/500/620.png,3-2-5,4-1-6
2026-11-22,Eliteserien,Kristiansund BK,Sandefjord,,,,ESPN public event API,Waiting for odds,https://site.api.espn.com/apis/site/v2/sports/soccer/nor.1/scoreboard?dates=20260513-20261123&limit=300,,401843487,2026-11-22T16:00Z,ESPN public event API,https://a.espncdn.com/i/teamlogos/soccer/500/6672.png,https://a.espncdn.com/i/teamlogos/soccer/500/3279.png,3-2-5,4-2-4
2026-11-22,Eliteserien,Molde,Bodo/Glimt,,,,ESPN public event API,Waiting for odds,https://site.api.espn.com/apis/site/v2/sports/soccer/nor.1/scoreboard?dates=20260513-20261123&limit=300,,401843486,2026-11-22T16:00Z,ESPN public event API,https://a.espncdn.com/i/teamlogos/soccer/500/2715.png,https://a.espncdn.com/i/teamlogos/soccer/500/2980.png,5-1-4,7-1-2
2026-11-22,Eliteserien,Sarpsborg FK,Lillestrom,,,,ESPN public event API,Waiting for odds,https://site.api.espn.com/apis/site/v2/sports/soccer/nor.1/scoreboard?dates=20260513-20261123&limit=300,,401843484,2026-11-22T16:00Z,ESPN public event API,https://a.espncdn.com/i/teamlogos/soccer/500/5002.png,https://a.espncdn.com/i/teamlogos/soccer/500/987.png,3-2-5,6-1-4
2026-11-22,Eliteserien,Tromso,Viking FK,,,,ESPN public event API,Waiting for odds,https://site.api.espn.com/apis/site/v2/sports/soccer/nor.1/scoreboard?dates=20260513-20261123&limit=300,,401843483,2026-11-22T16:00Z,ESPN public event API,https://a.espncdn.com/i/teamlogos/soccer/500/5270.png,https://a.espncdn.com/i/teamlogos/soccer/500/510.png,7-3-2,9-0-1
2026-11-22,Eliteserien,Vålerenga,IK Start,,,,ESPN public event API,Waiting for odds,https://site.api.espn.com/apis/site/v2/sports/soccer/nor.1/scoreboard?dates=20260513-20261123&limit=300,,401843485,2026-11-22T16:00Z,ESPN public event API,https://a.espncdn.com/i/teamlogos/soccer/500/2791.png,,3-2-5,1-4-6
2026-11-22,Serie A,AC Milan,Frosinone,,,,ESPN public event API,Waiting for odds,https://site.api.espn.com/apis/site/v2/sports/soccer/ita.1/scoreboard?dates=20260526-20261206&limit=300,,401874989,2026-11-22T20:00Z,ESPN public event API,https://a.espncdn.com/i/teamlogos/soccer/500/103.png,https://a.espncdn.com/i/teamlogos/soccer/500/4057.png,0-0-0,0-0-0
2026-11-22,Serie A,Atalanta,Inter Milan,,,,ESPN public event API,Waiting for odds,https://site.api.espn.com/apis/site/v2/sports/soccer/ita.1/scoreboard?dates=20260526-20261206&limit=300,,401875001,2026-11-22T20:00Z,ESPN public event API,https://a.espncdn.com/i/teamlogos/soccer/500/105.png,https://a.espncdn.com/i/teamlogos/soccer/500/110.png,0-0-0,0-0-0
2026-11-22,Serie A,Bologna,Udinese,,,,ESPN public event API,Waiting for odds,https://site.api.espn.com/apis/site/v2/sports/soccer/ita.1/scoreboard?dates=20260526-20261206&limit=300,,401875047,2026-11-22T20:00Z,ESPN public event API,https://a.espncdn.com/i/teamlogos/soccer/500/107.png,https://a.espncdn.com/i/teamlogos/soccer/500/118.png,0-0-0,0-0-0
2026-11-22,Serie A,Como,Cagliari,,,,ESPN public event API,Waiting for odds,https://site.api.espn.com/apis/site/v2/sports/soccer/ita.1/scoreboard?dates=20260526-20261206&limit=300,,401875056,2026-11-22T20:00Z,ESPN public event API,https://a.espncdn.com/i/teamlogos/soccer/500/2572.png,https://a.espncdn.com/i/teamlogos/soccer/500/2925.png,0-0-0,0-0-0
2026-11-22,Serie A,Juventus,Venezia,,,,ESPN public event API,Waiting for odds,https://site.api.espn.com/apis/site/v2/sports/soccer/ita.1/scoreboard?dates=20260526-20261206&limit=300,,401875008,2026-11-22T20:00Z,ESPN public event API,https://a.espncdn.com/i/teamlogos/soccer/500/111.png,https://a.espncdn.com/i/teamlogos/soccer/500/17530.png,0-0-0,0-0-0
2026-11-22,Serie A,Lazio,Lecce,,,,ESPN public event API,Waiting for odds,https://site.api.espn.com/apis/site/v2/sports/soccer/ita.1/scoreboard?dates=20260526-20261206&limit=300,,401874981,2026-11-22T20:00Z,ESPN public event API,https://a.espncdn.com/i/teamlogos/soccer/500/112.png,https://a.espncdn.com/i/teamlogos/soccer/500/113.png,0-0-0,0-0-0
2026-11-22,Serie A,Monza,Fiorentina,,,,ESPN public event API,Waiting for odds,https://site.api.espn.com/apis/site/v2/sports/soccer/ita.1/scoreboard?dates=20260526-20261206&limit=300,,401875009,2026-11-22T20:00Z,ESPN public event API,https://a.espncdn.com/i/teamlogos/soccer/500/4007.png,https://a.espncdn.com/i/teamlogos/soccer/500/109.png,0-0-0,0-0-0
2026-11-22,Serie A,Napoli,Torino,,,,ESPN public event API,Waiting for odds,https://site.api.espn.com/apis/site/v2/sports/soccer/ita.1/scoreboard?dates=20260526-20261206&limit=300,,401875067,2026-11-22T20:00Z,ESPN public event API,https://a.espncdn.com/i/teamlogos/soccer/500/114.png,https://a.espncdn.com/i/teamlogos/soccer/500/239.png,0-0-0,0-0-0
2026-11-22,Serie A,Parma,AS Roma,,,,ESPN public event API,Waiting for odds,https://site.api.espn.com/apis/site/v2/sports/soccer/ita.1/scoreboard?dates=20260526-20261206&limit=300,,401874967,2026-11-22T20:00Z,ESPN public event API,https://a.espncdn.com/i/teamlogos/soccer/500/115.png,https://a.espncdn.com/i/teamlogos/soccer/500/104.png,0-0-0,0-0-0
2026-11-22,Serie A,Sassuolo,Genoa,,,,ESPN public event API,Waiting for odds,https://site.api.espn.com/apis/site/v2/sports/soccer/ita.1/scoreboard?dates=20260526-20261206&limit=300,,401874960,2026-11-22T20:00Z,ESPN public event API,https://a.espncdn.com/i/teamlogos/soccer/500/3997.png,https://a.espncdn.com/i/teamlogos/soccer/500/3263.png,0-0-0,0-0-0
2026-11-28,Belgian Pro League,Antwerp,Anderlecht,,,,ESPN public event API,Waiting for odds,https://site.api.espn.com/apis/site/v2/sports/soccer/bel.1/scoreboard?dates=20260610-20261221&limit=300,,401878928,2026-11-28T20:00Z,ESPN public event API,https://a.espncdn.com/i/teamlogos/soccer/500/17544.png,https://a.espncdn.com/i/teamlogos/soccer/500/441.png,0-0-0,0-0-0
2026-11-28,Belgian Pro League,Cercle Brugge KSV,KV Mechelen,,,,ESPN public event API,Waiting for odds,https://site.api.espn.com/apis/site/v2/sports/soccer/bel.1/scoreboard?dates=20260610-20261221&limit=300,,401878932,2026-11-28T20:00Z,ESPN public event API,https://a.espncdn.com/i/teamlogos/soccer/500/3610.png,https://a.espncdn.com/i/teamlogos/soccer/500/7879.png,0-0-0,0-0-0
2026-11-28,Belgian Pro League,KVC Westerlo,RAAL La Louvière,,,,ESPN public event API,Waiting for odds,https://site.api.espn.com/apis/site/v2/sports/soccer/bel.1/scoreboard?dates=20260610-20261221&limit=300,,401878929,2026-11-28T20:00Z,ESPN public event API,https://a.espncdn.com/i/teamlogos/soccer/500/606.png,https://a.espncdn.com/i/teamlogos/soccer/500/131235.png,0-0-0,0-0-0
2026-11-28,Belgian Pro League,Lommel SK,Zulte-Waregem,,,,ESPN public event API,Waiting for odds,https://site.api.espn.com/apis/site/v2/sports/soccer/bel.1/scoreboard?dates=20260610-20261221&limit=300,,401878931,2026-11-28T20:00Z,ESPN public event API,,https://a.espncdn.com/i/teamlogos/soccer/500/4691.png,0-0-0,0-0-0
2026-11-28,Belgian Pro League,OH Leuven,KV Kortrijk,,,,ESPN public event API,Waiting for odds,https://site.api.espn.com/apis/site/v2/sports/soccer/bel.1/scoreboard?dates=20260610-20261221&limit=300,,401878930,2026-11-28T20:00Z,ESPN public event API,https://a.espncdn.com/i/teamlogos/soccer/500/5579.png,https://a.espncdn.com/i/teamlogos/soccer/500/5786.png,0-0-0,0-0-0
2026-11-28,Belgian Pro League,Royal Charleroi SC,Waasland-Beveren,,,,ESPN public event API,Waiting for odds,https://site.api.espn.com/apis/site/v2/sports/soccer/bel.1/scoreboard?dates=20260610-20261221&limit=300,,401878933,2026-11-28T20:00Z,ESPN public event API,https://a.espncdn.com/i/teamlogos/soccer/500/3616.png,https://a.espncdn.com/i/teamlogos/soccer/500/13450.png,0-0-0,0-0-0
2026-11-28,Belgian Pro League,Sint-Truidense,Racing Genk,,,,ESPN public event API,Waiting for odds,https://site.api.espn.com/apis/site/v2/sports/soccer/bel.1/scoreboard?dates=20260610-20261221&limit=300,,401878926,2026-11-28T20:00Z,ESPN public event API,https://a.espncdn.com/i/teamlogos/soccer/500/936.png,https://a.espncdn.com/i/teamlogos/soccer/500/938.png,0-0-0,0-0-0
2026-11-28,Belgian Pro League,Standard Liege,Club Brugge,,,,ESPN public event API,Waiting for odds,https://site.api.espn.com/apis/site/v2/sports/soccer/bel.1/scoreboard?dates=20260610-20261221&limit=300,,401878927,2026-11-28T20:00Z,ESPN public event API,https://a.espncdn.com/i/teamlogos/soccer/500/559.png,https://a.espncdn.com/i/teamlogos/soccer/500/570.png,0-0-0,0-0-0
2026-11-28,Belgian Pro League,Union St.-Gilloise,KAA Gent,,,,ESPN public event API,Waiting for odds,https://site.api.espn.com/apis/site/v2/sports/soccer/bel.1/scoreboard?dates=20260610-20261221&limit=300,,401878925,2026-11-28T20:00Z,ESPN public event API,https://a.espncdn.com/i/teamlogos/soccer/500/5807.png,https://a.espncdn.com/i/teamlogos/soccer/500/3611.png,0-0-0,0-0-0
2026-11-28,EPL,Arsenal,Man City,,,,ESPN public event API,Waiting for odds,https://site.api.espn.com/apis/site/v2/sports/soccer/eng.1/scoreboard?dates=20260610-20261221&limit=300,,401878753,2026-11-28T15:00Z,ESPN public event API,https://a.espncdn.com/i/teamlogos/soccer/500/359.png,https://a.espncdn.com/i/teamlogos/soccer/500/382.png,0-0-0,0-0-0
2026-11-28,EPL,Brighton,Newcastle United,,,,ESPN public event API,Waiting for odds,https://site.api.espn.com/apis/site/v2/sports/soccer/eng.1/scoreboard?dates=20260610-20261221&limit=300,,401879231,2026-11-28T15:00Z,ESPN public event API,https://a.espncdn.com/i/teamlogos/soccer/500/331.png,https://a.espncdn.com/i/teamlogos/soccer/500/361.png,0-0-0,0-0-0
2026-11-28,EPL,Crystal Palace,Hull City,,,,ESPN public event API,Waiting for odds,https://site.api.espn.com/apis/site/v2/sports/soccer/eng.1/scoreboard?dates=20260610-20261221&limit=300,,401879230,2026-11-28T15:00Z,ESPN public event API,https://a.espncdn.com/i/teamlogos/soccer/500/384.png,https://a.espncdn.com/i/teamlogos/soccer/500/306.png,0-0-0,0-0-0
2026-11-28,EPL,Everton,Liverpool,,,,ESPN public event API,Waiting for odds,https://site.api.espn.com/apis/site/v2/sports/soccer/eng.1/scoreboard?dates=20260610-20261221&limit=300,,401879229,2026-11-28T15:00Z,ESPN public event API,https://a.espncdn.com/i/teamlogos/soccer/500/368.png,https://a.espncdn.com/i/teamlogos/soccer/500/364.png,0-0-0,0-0-0
2026-11-28,EPL,Fulham,Bournemouth,,,,ESPN public event API,Waiting for odds,https://site.api.espn.com/apis/site/v2/sports/soccer/eng.1/scoreboard?dates=20260610-20261221&limit=300,,401879228,2026-11-28T15:00Z,ESPN public event API,https://a.espncdn.com/i/teamlogos/soccer/500/370.png,https://a.espncdn.com/i/teamlogos/soccer/500/349.png,0-0-0,0-0-0
2026-11-28,EPL,Ipswich Town,Aston Villa,,,,ESPN public event API,Waiting for odds,https://site.api.espn.com/apis/site/v2/sports/soccer/eng.1/scoreboard?dates=20260610-20261221&limit=300,,401878752,2026-11-28T15:00Z,ESPN public event API,https://a.espncdn.com/i/teamlogos/soccer/500/373.png,https://a.espncdn.com/i/teamlogos/soccer/500/362.png,0-0-0,0-0-0
2026-11-28,EPL,Leeds United,Coventry City,,,,ESPN public event API,Waiting for odds,https://site.api.espn.com/apis/site/v2/sports/soccer/eng.1/scoreboard?dates=20260610-20261221&limit=300,,401879227,2026-11-28T15:00Z,ESPN public event API,https://a.espncdn.com/i/teamlogos/soccer/500/357.png,https://a.espncdn.com/i/teamlogos/soccer/500/388.png,0-0-0,0-0-0
2026-11-28,EPL,Man United,Brentford,,,,ESPN public event API,Waiting for odds,https://site.api.espn.com/apis/site/v2/sports/soccer/eng.1/scoreboard?dates=20260610-20261221&limit=300,,401879226,2026-11-28T15:00Z,ESPN public event API,https://a.espncdn.com/i/teamlogos/soccer/500/360.png,https://a.espncdn.com/i/teamlogos/soccer/500/337.png,0-0-0,0-0-0
2026-11-28,EPL,Nott'm Forest,Chelsea,,,,ESPN public event API,Waiting for odds,https://site.api.espn.com/apis/site/v2/sports/soccer/eng.1/scoreboard?dates=20260610-20261221&limit=300,,401879225,2026-11-28T15:00Z,ESPN public event API,https://a.espncdn.com/i/teamlogos/soccer/500/393.png,https://a.espncdn.com/i/teamlogos/soccer/500/363.png,0-0-0,0-0-0
2026-11-28,EPL,Sunderland,Tottenham,,,,ESPN public event API,Waiting for odds,https://site.api.espn.com/apis/site/v2/sports/soccer/eng.1/scoreboard?dates=20260610-20261221&limit=300,,401879224,2026-11-28T15:00Z,ESPN public event API,https://a.espncdn.com/i/teamlogos/soccer/500/366.png,https://a.espncdn.com/i/teamlogos/soccer/500/367.png,0-0-0,0-0-0
2026-11-28,Eredivisie,ADO Den Haag,FC Utrecht,,,,ESPN public event API,Waiting for odds,https://site.api.espn.com/apis/site/v2/sports/soccer/ned.1/scoreboard?dates=20260528-20261208&limit=300,,401875538,2026-11-28T20:00Z,ESPN public event API,https://a.espncdn.com/i/teamlogos/soccer/500/2726.png,https://a.espncdn.com/i/teamlogos/soccer/500/153.png,0-0-0,0-0-0
2026-11-28,Eredivisie,Excelsior,Telstar,,,,ESPN public event API,Waiting for odds,https://site.api.espn.com/apis/site/v2/sports/soccer/ned.1/scoreboard?dates=20260528-20261208&limit=300,,401875537,2026-11-28T20:00Z,ESPN public event API,https://a.espncdn.com/i/teamlogos/soccer/500/2566.png,https://a.espncdn.com/i/teamlogos/soccer/500/3735.png,0-0-0,0-0-0
2026-11-28,Eredivisie,FC Groningen,Willem II,,,,ESPN public event API,Waiting for odds,https://site.api.espn.com/apis/site/v2/sports/soccer/ned.1/scoreboard?dates=20260528-20261208&limit=300,,401875536,2026-11-28T20:00Z,ESPN public event API,https://a.espncdn.com/i/teamlogos/soccer/500/145.png,https://a.espncdn.com/i/teamlogos/soccer/500/156.png,0-0-0,0-0-0
2026-11-28,Eredivisie,Feyenoord Rotterdam,Ajax Amsterdam,,,,ESPN public event API,Waiting for odds,https://site.api.espn.com/apis/site/v2/sports/soccer/ned.1/scoreboard?dates=20260528-20261208&limit=300,,401875535,2026-11-28T20:00Z,ESPN public event API,https://a.espncdn.com/i/teamlogos/soccer/500/142.png,https://a.espncdn.com/i/teamlogos/soccer/500/139.png,0-0-0,0-0-0
2026-11-28,Eredivisie,Fortuna Sittard,Heerenveen,,,,ESPN public event API,Waiting for odds,https://site.api.espn.com/apis/site/v2/sports/soccer/ned.1/scoreboard?dates=20260528-20261208&limit=300,,401875534,2026-11-28T20:00Z,ESPN public event API,https://a.espncdn.com/i/teamlogos/soccer/500/143.png,https://a.espncdn.com/i/teamlogos/soccer/500/146.png,0-0-0,0-0-0
2026-11-28,Eredivisie,NEC Nijmegen,FC Twente,,,,ESPN public event API,Waiting for odds,https://site.api.espn.com/apis/site/v2/sports/soccer/ned.1/scoreboard?dates=20260528-20261208&limit=300,,401875533,2026-11-28T20:00Z,ESPN public event API,https://a.espncdn.com/i/teamlogos/soccer/500/147.png,https://a.espncdn.com/i/teamlogos/soccer/500/152.png,0-0-0,0-0-0
2026-11-28,Eredivisie,PEC Zwolle,AZ Alkmaar,,,,ESPN public event API,Waiting for odds,https://site.api.espn.com/apis/site/v2/sports/soccer/ned.1/scoreboard?dates=20260528-20261208&limit=300,,401875532,2026-11-28T20:00Z,ESPN public event API,https://a.espncdn.com/i/teamlogos/soccer/500/2565.png,https://a.espncdn.com/i/teamlogos/soccer/500/140.png,0-0-0,0-0-0
2026-11-28,Eredivisie,PSV Eindhoven,Go Ahead Eagles,,,,ESPN public event API,Waiting for odds,https://site.api.espn.com/apis/site/v2/sports/soccer/ned.1/scoreboard?dates=20260528-20261208&limit=300,,401875531,2026-11-28T20:00Z,ESPN public event API,https://a.espncdn.com/i/teamlogos/soccer/500/148.png,https://a.espncdn.com/i/teamlogos/soccer/500/3706.png,0-0-0,0-0-0
2026-11-28,Eredivisie,SC Cambuur,Sparta Rotterdam,,,,ESPN public event API,Waiting for odds,https://site.api.espn.com/apis/site/v2/sports/soccer/ned.1/scoreboard?dates=20260528-20261208&limit=300,,401875530,2026-11-28T20:00Z,ESPN public event API,https://a.espncdn.com/i/teamlogos/soccer/500/3736.png,https://a.espncdn.com/i/teamlogos/soccer/500/151.png,0-0-0,0-0-0
2026-11-28,Ligue 1,AJ Auxerre,Marseille,,,,ESPN public event API,Waiting for odds,https://site.api.espn.com/apis/site/v2/sports/soccer/fra.1/scoreboard?dates=20260528-20261208&limit=300,,401876393,2026-11-28T20:00Z,ESPN public event API,https://a.espncdn.com/i/teamlogos/soccer/500/172.png,https://a.espncdn.com/i/teamlogos/soccer/500/176.png,0-0-0,0-0-0
2026-11-28,Ligue 1,Angers,Lens,,,,ESPN public event API,Waiting for odds,https://site.api.espn.com/apis/site/v2/sports/soccer/fra.1/scoreboard?dates=20260528-20261208&limit=300,,401876394,2026-11-28T20:00Z,ESPN public event API,https://a.espncdn.com/i/teamlogos/soccer/500/7868.png,https://a.espncdn.com/i/teamlogos/soccer/500/175.png,0-0-0,0-0-0
2026-11-28,Ligue 1,Brest,Paris FC,,,,ESPN public event API,Waiting for odds,https://site.api.espn.com/apis/site/v2/sports/soccer/fra.1/scoreboard?dates=20260528-20261208&limit=300,,401876392,2026-11-28T20:00Z,ESPN public event API,https://a.espncdn.com/i/teamlogos/soccer/500/6997.png,https://a.espncdn.com/i/teamlogos/soccer/500/6851.png,0-0-0,0-0-0
2026-11-28,Ligue 1,Le Havre AC,Strasbourg,,,,ESPN public event API,Waiting for odds,https://site.api.espn.com/apis/site/v2/sports/soccer/fra.1/scoreboard?dates=20260528-20261208&limit=300,,401876391,2026-11-28T20:00Z,ESPN public event API,https://a.espncdn.com/i/teamlogos/soccer/500/3236.png,https://a.espncdn.com/i/teamlogos/soccer/500/180.png,0-0-0,0-0-0
2026-11-28,Ligue 1,Le Mans,Lille,,,,ESPN public event API,Waiting for odds,https://site.api.espn.com/apis/site/v2/sports/soccer/fra.1/scoreboard?dates=20260528-20261208&limit=300,,401876390,2026-11-28T20:00Z,ESPN public event API,https://a.espncdn.com/i/teamlogos/soccer/500/2697.png,https://a.espncdn.com/i/teamlogos/soccer/500/166.png,0-0-0,0-0-0
2026-11-28,Ligue 1,Lyon,AS Monaco,,,,ESPN public event API,Waiting for odds,https://site.api.espn.com/apis/site/v2/sports/soccer/fra.1/scoreboard?dates=20260528-20261208&limit=300,,401876389,2026-11-28T20:00Z,ESPN public event API,https://a.espncdn.com/i/teamlogos/soccer/500/167.png,https://a.espncdn.com/i/teamlogos/soccer/500/174.png,0-0-0,0-0-0
2026-11-28,Ligue 1,Nice,Troyes,,,,ESPN public event API,Waiting for odds,https://site.api.espn.com/apis/site/v2/sports/soccer/fra.1/scoreboard?dates=20260528-20261208&limit=300,,401876388,2026-11-28T20:00Z,ESPN public event API,https://a.espncdn.com/i/teamlogos/soccer/500/2502.png,https://a.espncdn.com/i/teamlogos/soccer/500/170.png,0-0-0,0-0-0
2026-11-28,Ligue 1,Paris SG,Lorient,,,,ESPN public event API,Waiting for odds,https://site.api.espn.com/apis/site/v2/sports/soccer/fra.1/scoreboard?dates=20260528-20261208&limit=300,,401876387,2026-11-28T20:00Z,ESPN public event API,https://a.espncdn.com/i/teamlogos/soccer/500/160.png,https://a.espncdn.com/i/teamlogos/soccer/500/273.png,0-0-0,0-0-0
2026-11-28,Ligue 1,Toulouse,Stade Rennais,,,,ESPN public event API,Waiting for odds,https://site.api.espn.com/apis/site/v2/sports/soccer/fra.1/scoreboard?dates=20260528-20261208&limit=300,,401876386,2026-11-28T20:00Z,ESPN public event API,https://a.espncdn.com/i/teamlogos/soccer/500/179.png,https://a.espncdn.com/i/teamlogos/soccer/500/169.png,0-0-0,0-0-0
2026-11-28,Scottish Premiership,Aberdeen,Dundee,,,,ESPN public event API,Waiting for odds,https://site.api.espn.com/apis/site/v2/sports/soccer/sco.1/scoreboard?dates=20260610-20261221&limit=300,,401878332,2026-11-28T15:00Z,ESPN public event API,https://a.espncdn.com/i/teamlogos/soccer/500/263.png,https://a.espncdn.com/i/teamlogos/soccer/500/261.png,0-0-0,0-0-0
2026-11-28,Scottish Premiership,Dundee United,St Johnstone,,,,ESPN public event API,Waiting for odds,https://site.api.espn.com/apis/site/v2/sports/soccer/sco.1/scoreboard?dates=20260610-20261221&limit=300,,401878331,2026-11-28T15:00Z,ESPN public event API,https://a.espncdn.com/i/teamlogos/soccer/500/264.png,https://a.espncdn.com/i/teamlogos/soccer/500/267.png,0-0-0,0-0-0
2026-11-28,Scottish Premiership,Heart of Midlothian,Celtic,,,,ESPN public event API,Waiting for odds,https://site.api.espn.com/apis/site/v2/sports/soccer/sco.1/scoreboard?dates=20260610-20261221&limit=300,,401878330,2026-11-28T15:00Z,ESPN public event API,https://a.espncdn.com/i/teamlogos/soccer/500/262.png,https://a.espncdn.com/i/teamlogos/soccer/500/256.png,0-0-0,0-0-0
2026-11-28,Scottish Premiership,Motherwell,Hibernian,,,,ESPN public event API,Waiting for odds,https://site.api.espn.com/apis/site/v2/sports/soccer/sco.1/scoreboard?dates=20260610-20261221&limit=300,,401878329,2026-11-28T15:00Z,ESPN public event API,https://a.espncdn.com/i/teamlogos/soccer/500/266.png,https://a.espncdn.com/i/teamlogos/soccer/500/258.png,0-0-0,0-0-0
2026-11-28,Scottish Premiership,Rangers,Falkirk,,,,ESPN public event API,Waiting for odds,https://site.api.espn.com/apis/site/v2/sports/soccer/sco.1/scoreboard?dates=20260610-20261221&limit=300,,401878328,2026-11-28T15:00Z,ESPN public event API,https://a.espncdn.com/i/teamlogos/soccer/500/257.png,https://a.espncdn.com/i/teamlogos/soccer/500/254.png,0-0-0,0-0-0
2026-11-28,Scottish Premiership,St Mirren,Kilmarnock,,,,ESPN public event API,Waiting for odds,https://site.api.espn.com/apis/site/v2/sports/soccer/sco.1/scoreboard?dates=20260610-20261221&limit=300,,401878327,2026-11-28T15:00Z,ESPN public event API,https://a.espncdn.com/i/teamlogos/soccer/500/250.png,https://a.espncdn.com/i/teamlogos/soccer/500/260.png,0-0-0,0-0-0
2026-11-29,Allsvenskan,Degerfors IF,Örgryte IS,,,,ESPN public event API,Waiting for odds,https://site.api.espn.com/apis/site/v2/sports/soccer/swe.1/scoreboard?dates=20260520-20261130&limit=300,,401842890,2026-11-29T05:00Z,ESPN public event API,https://a.espncdn.com/i/teamlogos/soccer/500/20856.png,https://a.espncdn.com/i/teamlogos/soccer/500/131552.png,2-4-4,1-3-6
2026-11-29,Allsvenskan,Djurgården,BK Häcken,,,,ESPN public event API,Waiting for odds,https://site.api.espn.com/apis/site/v2/sports/soccer/swe.1/scoreboard?dates=20260520-20261130&limit=300,,401842896,2026-11-29T05:00Z,ESPN public event API,https://a.espncdn.com/i/teamlogos/soccer/500/2339.png,https://a.espncdn.com/i/teamlogos/soccer/500/7834.png,4-1-4,5-5-0
2026-11-29,Allsvenskan,Halmstads BK,Mjällby AIF,,,,ESPN public event API,Waiting for odds,https://site.api.espn.com/apis/site/v2/sports/soccer/swe.1/scoreboard?dates=20260520-20261130&limit=300,,401842894,2026-11-29T05:00Z,ESPN public event API,https://a.espncdn.com/i/teamlogos/soccer/500/3017.png,https://a.espncdn.com/i/teamlogos/soccer/500/20301.png,1-3-6,4-3-3
2026-11-29,Allsvenskan,IF Elfsborg,GAIS,,,,ESPN public event API,Waiting for odds,https://site.api.espn.com/apis/site/v2/sports/soccer/swe.1/scoreboard?dates=20260520-20261130&limit=300,,401842895,2026-11-29T05:00Z,ESPN public event API,https://a.espncdn.com/i/teamlogos/soccer/500/529.png,https://a.espncdn.com/i/teamlogos/soccer/500/8222.png,4-6-1,4-3-4
2026-11-29,Allsvenskan,IFK Göteborg,IK Sirius,,,,ESPN public event API,Waiting for odds,https://site.api.espn.com/apis/site/v2/sports/soccer/swe.1/scoreboard?dates=20260520-20261130&limit=300,,401842893,2026-11-29T05:00Z,ESPN public event API,https://a.espncdn.com/i/teamlogos/soccer/500/2556.png,https://a.espncdn.com/i/teamlogos/soccer/500/8547.png,2-4-4,9-1-0
2026-11-29,Allsvenskan,Kalmar FF,AIK,,,,ESPN public event API,Waiting for odds,https://site.api.espn.com/apis/site/v2/sports/soccer/swe.1/scoreboard?dates=20260520-20261130&limit=300,,401842892,2026-11-29T05:00Z,ESPN public event API,https://a.espncdn.com/i/teamlogos/soccer/500/3052.png,https://a.espncdn.com/i/teamlogos/soccer/500/994.png,3-1-6,3-3-4
2026-11-29,Allsvenskan,Malmö FF,IF Brommapojkarna,,,,ESPN public event API,Waiting for odds,https://site.api.espn.com/apis/site/v2/sports/soccer/swe.1/scoreboard?dates=20260520-20261130&limit=300,,401842891,2026-11-29T05:00Z,ESPN public event API,https://a.espncdn.com/i/teamlogos/soccer/500/2720.png,https://a.espncdn.com/i/teamlogos/soccer/500/8221.png,4-1-5,4-3-3
2026-11-29,Allsvenskan,Västerås SK,Hammarby IF,,,,ESPN public event API,Waiting for odds,https://site.api.espn.com/apis/site/v2/sports/soccer/swe.1/scoreboard?dates=20260520-20261130&limit=300,,401842897,2026-11-29T05:00Z,ESPN public event API,https://a.espncdn.com/i/teamlogos/soccer/500/22163.png,https://a.espncdn.com/i/teamlogos/soccer/500/2495.png,3-3-4,5-2-4
2026-11-29,Danish Superliga,F.C. København,FC Midtjylland,,,,ESPN public event API,Waiting for odds,https://site.api.espn.com/apis/site/v2/sports/soccer/den.1/scoreboard?dates=20260521-20261201&limit=300,,401874552,2026-11-29T20:00Z,ESPN public event API,https://a.espncdn.com/i/teamlogos/soccer/500/909.png,https://a.espncdn.com/i/teamlogos/soccer/500/572.png,,
2026-11-29,Danish Superliga,Lyngby Boldklub,Viborg FF,,,,ESPN public event API,Waiting for odds,https://site.api.espn.com/apis/site/v2/sports/soccer/den.1/scoreboard?dates=20260521-20261201&limit=300,,401874500,2026-11-29T20:00Z,ESPN public event API,https://a.espncdn.com/i/teamlogos/soccer/500/7860.png,https://a.espncdn.com/i/teamlogos/soccer/500/3153.png,,
2026-11-29,Danish Superliga,Odense Boldklub,FC Nordsjælland,,,,ESPN public event API,Waiting for odds,https://site.api.espn.com/apis/site/v2/sports/soccer/den.1/scoreboard?dates=20260521-20261201&limit=300,,401874578,2026-11-29T20:00Z,ESPN public event API,https://a.espncdn.com/i/teamlogos/soccer/500/11550.png,https://a.espncdn.com/i/teamlogos/soccer/500/3101.png,,
2026-11-29,Danish Superliga,Randers FC,AC Horsens,,,,ESPN public event API,Waiting for odds,https://site.api.espn.com/apis/site/v2/sports/soccer/den.1/scoreboard?dates=20260521-20261201&limit=300,,401874725,2026-11-29T20:00Z,ESPN public event API,https://a.espncdn.com/i/teamlogos/soccer/500/3132.png,https://a.espncdn.com/i/teamlogos/soccer/500/3585.png,,
2026-11-29,Danish Superliga,Silkeborg IF,AGF,,,,ESPN public event API,Waiting for odds,https://site.api.espn.com/apis/site/v2/sports/soccer/den.1/scoreboard?dates=20260521-20261201&limit=300,,401874727,2026-11-29T20:00Z,ESPN public event API,https://a.espncdn.com/i/teamlogos/soccer/500/607.png,https://a.espncdn.com/i/teamlogos/soccer/500/7853.png,,
2026-11-29,Danish Superliga,Sønderjyske Fodbold,Brøndby IF,,,,ESPN public event API,Waiting for odds,https://site.api.espn.com/apis/site/v2/sports/soccer/den.1/scoreboard?dates=20260521-20261201&limit=300,,401874563,2026-11-29T20:00Z,ESPN public event API,https://a.espncdn.com/i/teamlogos/soccer/500/8118.png,https://a.espncdn.com/i/teamlogos/soccer/500/575.png,,
2026-11-29,Eliteserien,Bodo/Glimt,KFUM Oslo,,,,ESPN public event API,Waiting for odds,https://site.api.espn.com/apis/site/v2/sports/soccer/nor.1/scoreboard?dates=20260520-20261130&limit=300,,401843492,2026-11-29T16:00Z,ESPN public event API,https://a.espncdn.com/i/teamlogos/soccer/500/2980.png,https://a.espncdn.com/i/teamlogos/soccer/500/22165.png,7-2-2,3-3-5
2026-11-29,Eliteserien,Fredrikstad,Aalesund,,,,ESPN public event API,Waiting for odds,https://site.api.espn.com/apis/site/v2/sports/soccer/nor.1/scoreboard?dates=20260520-20261130&limit=300,,401843495,2026-11-29T16:00Z,ESPN public event API,https://a.espncdn.com/i/teamlogos/soccer/500/3039.png,https://a.espncdn.com/i/teamlogos/soccer/500/3278.png,4-2-5,2-5-4
2026-11-29,Eliteserien,IK Start,Sarpsborg FK,,,,ESPN public event API,Waiting for odds,https://site.api.espn.com/apis/site/v2/sports/soccer/nor.1/scoreboard?dates=20260520-20261130&limit=300,,401843491,2026-11-29T16:00Z,ESPN public event API,,https://a.espncdn.com/i/teamlogos/soccer/500/5002.png,1-4-7,4-2-5
2026-11-29,Eliteserien,Lillestrom,Hamarkameratene,,,,ESPN public event API,Waiting for odds,https://site.api.espn.com/apis/site/v2/sports/soccer/nor.1/scoreboard?dates=20260520-20261130&limit=300,,401843496,2026-11-29T16:00Z,ESPN public event API,https://a.espncdn.com/i/teamlogos/soccer/500/987.png,https://a.espncdn.com/i/teamlogos/soccer/500/21380.png,6-1-4,5-2-3
2026-11-29,Eliteserien,Rosenborg,Molde,,,,ESPN public event API,Waiting for odds,https://site.api.espn.com/apis/site/v2/sports/soccer/nor.1/scoreboard?dates=20260520-20261130&limit=300,,401843497,2026-11-29T16:00Z,ESPN public event API,https://a.espncdn.com/i/teamlogos/soccer/500/438.png,https://a.espncdn.com/i/teamlogos/soccer/500/2715.png,2-3-6,6-1-4
2026-11-29,Eliteserien,Sandefjord,Tromso,,,,ESPN public event API,Waiting for odds,https://site.api.espn.com/apis/site/v2/sports/soccer/nor.1/scoreboard?dates=20260520-20261130&limit=300,,401843498,2026-11-29T16:00Z,ESPN public event API,https://a.espncdn.com/i/teamlogos/soccer/500/3279.png,https://a.espncdn.com/i/teamlogos/soccer/500/5270.png,4-2-5,7-4-2
2026-11-29,Eliteserien,SK Brann,Kristiansund BK,,,,ESPN public event API,Waiting for odds,https://site.api.espn.com/apis/site/v2/sports/soccer/nor.1/scoreboard?dates=20260520-20261130&limit=300,,401843494,2026-11-29T16:00Z,ESPN public event API,https://a.espncdn.com/i/teamlogos/soccer/500/620.png,https://a.espncdn.com/i/teamlogos/soccer/500/6672.png,4-1-7,3-2-6
2026-11-29,Eliteserien,Viking FK,Vålerenga,,,,ESPN public event API,Waiting for odds,https://site.api.espn.com/apis/site/v2/sports/soccer/nor.1/scoreboard?dates=20260520-20261130&limit=300,,401843493,2026-11-29T16:00Z,ESPN public event API,https://a.espncdn.com/i/teamlogos/soccer/500/510.png,https://a.espncdn.com/i/teamlogos/soccer/500/2791.png,9-0-1,4-2-5
2026-11-29,Serie A,AS Roma,Monza,,,,ESPN public event API,Waiting for odds,https://site.api.espn.com/apis/site/v2/sports/soccer/ita.1/scoreboard?dates=20260526-20261206&limit=300,,401874769,2026-11-29T20:00Z,ESPN public event API,https://a.espncdn.com/i/teamlogos/soccer/500/104.png,https://a.espncdn.com/i/teamlogos/soccer/500/4007.png,0-0-0,0-0-0
2026-11-29,Serie A,Cagliari,AC Milan,,,,ESPN public event API,Waiting for odds,https://site.api.espn.com/apis/site/v2/sports/soccer/ita.1/scoreboard?dates=20260526-20261206&limit=300,,401875019,2026-11-29T20:00Z,ESPN public event API,https://a.espncdn.com/i/teamlogos/soccer/500/2925.png,https://a.espncdn.com/i/teamlogos/soccer/500/103.png,0-0-0,0-0-0
2026-11-29,Serie A,Como,Juventus,,,,ESPN public event API,Waiting for odds,https://site.api.espn.com/apis/site/v2/sports/soccer/ita.1/scoreboard?dates=20260526-20261206&limit=300,,401874994,2026-11-29T20:00Z,ESPN public event API,https://a.espncdn.com/i/teamlogos/soccer/500/2572.png,https://a.espncdn.com/i/teamlogos/soccer/500/111.png,0-0-0,0-0-0
2026-11-29,Serie A,Frosinone,Parma,,,,ESPN public event API,Waiting for odds,https://site.api.espn.com/apis/site/v2/sports/soccer/ita.1/scoreboard?dates=20260526-20261206&limit=300,,401875081,2026-11-29T20:00Z,ESPN public event API,https://a.espncdn.com/i/teamlogos/soccer/500/4057.png,https://a.espncdn.com/i/teamlogos/soccer/500/115.png,0-0-0,0-0-0
2026-11-29,Serie A,Inter Milan,Genoa,,,,ESPN public event API,Waiting for odds,https://site.api.espn.com/apis/site/v2/sports/soccer/ita.1/scoreboard?dates=20260526-20261206&limit=300,,401874977,2026-11-29T20:00Z,ESPN public event API,https://a.espncdn.com/i/teamlogos/soccer/500/110.png,https://a.espncdn.com/i/teamlogos/soccer/500/3263.png,0-0-0,0-0-0
2026-11-29,Serie A,Lecce,Atalanta,,,,ESPN public event API,Waiting for odds,https://site.api.espn.com/apis/site/v2/sports/soccer/ita.1/scoreboard?dates=20260526-20261206&limit=300,,401875095,2026-11-29T20:00Z,ESPN public event API,https://a.espncdn.com/i/teamlogos/soccer/500/113.png,https://a.espncdn.com/i/teamlogos/soccer/500/105.png,0-0-0,0-0-0
2026-11-29,Serie A,Sassuolo,Napoli,,,,ESPN public event API,Waiting for odds,https://site.api.espn.com/apis/site/v2/sports/soccer/ita.1/scoreboard?dates=20260526-20261206&limit=300,,401874992,2026-11-29T20:00Z,ESPN public event API,https://a.espncdn.com/i/teamlogos/soccer/500/3997.png,https://a.espncdn.com/i/teamlogos/soccer/500/114.png,0-0-0,0-0-0
2026-11-29,Serie A,Torino,Lazio,,,,ESPN public event API,Waiting for odds,https://site.api.espn.com/apis/site/v2/sports/soccer/ita.1/scoreboard?dates=20260526-20261206&limit=300,,401874826,2026-11-29T20:00Z,ESPN public event API,https://a.espncdn.com/i/teamlogos/soccer/500/239.png,https://a.espncdn.com/i/teamlogos/soccer/500/112.png,0-0-0,0-0-0
2026-11-29,Serie A,Udinese,Fiorentina,,,,ESPN public event API,Waiting for odds,https://site.api.espn.com/apis/site/v2/sports/soccer/ita.1/scoreboard?dates=20260526-20261206&limit=300,,401875031,2026-11-29T20:00Z,ESPN public event API,https://a.espncdn.com/i/teamlogos/soccer/500/118.png,https://a.espncdn.com/i/teamlogos/soccer/500/109.png,0-0-0,0-0-0
2026-11-29,Serie A,Venezia,Bologna,,,,ESPN public event API,Waiting for odds,https://site.api.espn.com/apis/site/v2/sports/soccer/ita.1/scoreboard?dates=20260526-20261206&limit=300,,401875004,2026-11-29T20:00Z,ESPN public event API,https://a.espncdn.com/i/teamlogos/soccer/500/17530.png,https://a.espncdn.com/i/teamlogos/soccer/500/107.png,0-0-0,0-0-0
2026-12-02,EPL,Aston Villa,Everton,,,,ESPN public event API,Waiting for odds,https://site.api.espn.com/apis/site/v2/sports/soccer/eng.1/scoreboard?dates=20260610-20261221&limit=300,,401878751,2026-12-02T20:00Z,ESPN public event API,https://a.espncdn.com/i/teamlogos/soccer/500/362.png,https://a.espncdn.com/i/teamlogos/soccer/500/368.png,0-0-0,0-0-0
2026-12-02,EPL,Bournemouth,Brighton,,,,ESPN public event API,Waiting for odds,https://site.api.espn.com/apis/site/v2/sports/soccer/eng.1/scoreboard?dates=20260610-20261221&limit=300,,401879223,2026-12-02T20:00Z,ESPN public event API,https://a.espncdn.com/i/teamlogos/soccer/500/349.png,https://a.espncdn.com/i/teamlogos/soccer/500/331.png,0-0-0,0-0-0
2026-12-02,EPL,Brentford,Arsenal,,,,ESPN public event API,Waiting for odds,https://site.api.espn.com/apis/site/v2/sports/soccer/eng.1/scoreboard?dates=20260610-20261221&limit=300,,401878750,2026-12-02T20:00Z,ESPN public event API,https://a.espncdn.com/i/teamlogos/soccer/500/337.png,https://a.espncdn.com/i/teamlogos/soccer/500/359.png,0-0-0,0-0-0
2026-12-02,EPL,Chelsea,Crystal Palace,,,,ESPN public event API,Waiting for odds,https://site.api.espn.com/apis/site/v2/sports/soccer/eng.1/scoreboard?dates=20260610-20261221&limit=300,,401879222,2026-12-02T20:00Z,ESPN public event API,https://a.espncdn.com/i/teamlogos/soccer/500/363.png,https://a.espncdn.com/i/teamlogos/soccer/500/384.png,0-0-0,0-0-0
2026-12-02,EPL,Coventry City,Ipswich Town,,,,ESPN public event API,Waiting for odds,https://site.api.espn.com/apis/site/v2/sports/soccer/eng.1/scoreboard?dates=20260610-20261221&limit=300,,401879221,2026-12-02T20:00Z,ESPN public event API,https://a.espncdn.com/i/teamlogos/soccer/500/388.png,https://a.espncdn.com/i/teamlogos/soccer/500/373.png,0-0-0,0-0-0
2026-12-02,EPL,Hull City,Nott'm Forest,,,,ESPN public event API,Waiting for odds,https://site.api.espn.com/apis/site/v2/sports/soccer/eng.1/scoreboard?dates=20260610-20261221&limit=300,,401879220,2026-12-02T20:00Z,ESPN public event API,https://a.espncdn.com/i/teamlogos/soccer/500/306.png,https://a.espncdn.com/i/teamlogos/soccer/500/393.png,0-0-0,0-0-0
2026-12-02,EPL,Liverpool,Sunderland,,,,ESPN public event API,Waiting for odds,https://site.api.espn.com/apis/site/v2/sports/soccer/eng.1/scoreboard?dates=20260610-20261221&limit=300,,401879219,2026-12-02T20:00Z,ESPN public event API,https://a.espncdn.com/i/teamlogos/soccer/500/364.png,https://a.espncdn.com/i/teamlogos/soccer/500/366.png,0-0-0,0-0-0
2026-12-02,EPL,Man City,Leeds United,,,,ESPN public event API,Waiting for odds,https://site.api.espn.com/apis/site/v2/sports/soccer/eng.1/scoreboard?dates=20260610-20261221&limit=300,,401879218,2026-12-02T20:00Z,ESPN public event API,https://a.espncdn.com/i/teamlogos/soccer/500/382.png,https://a.espncdn.com/i/teamlogos/soccer/500/357.png,0-0-0,0-0-0
2026-12-02,EPL,Newcastle United,Man United,,,,ESPN public event API,Waiting for odds,https://site.api.espn.com/apis/site/v2/sports/soccer/eng.1/scoreboard?dates=20260610-20261221&limit=300,,401879217,2026-12-02T20:00Z,ESPN public event API,https://a.espncdn.com/i/teamlogos/soccer/500/361.png,https://a.espncdn.com/i/teamlogos/soccer/500/360.png,0-0-0,0-0-0
2026-12-02,EPL,Tottenham,Fulham,,,,ESPN public event API,Waiting for odds,https://site.api.espn.com/apis/site/v2/sports/soccer/eng.1/scoreboard?dates=20260610-20261221&limit=300,,401878749,2026-12-02T20:00Z,ESPN public event API,https://a.espncdn.com/i/teamlogos/soccer/500/367.png,https://a.espncdn.com/i/teamlogos/soccer/500/370.png,0-0-0,0-0-0
2026-12-02,Scottish Premiership,Dundee,Celtic,,,,ESPN public event API,Waiting for odds,https://site.api.espn.com/apis/site/v2/sports/soccer/sco.1/scoreboard?dates=20260610-20261221&limit=300,,401878326,2026-12-02T19:45Z,ESPN public event API,https://a.espncdn.com/i/teamlogos/soccer/500/261.png,https://a.espncdn.com/i/teamlogos/soccer/500/256.png,0-0-0,0-0-0
2026-12-02,Scottish Premiership,Falkirk,Motherwell,,,,ESPN public event API,Waiting for odds,https://site.api.espn.com/apis/site/v2/sports/soccer/sco.1/scoreboard?dates=20260610-20261221&limit=300,,401878325,2026-12-02T19:45Z,ESPN public event API,https://a.espncdn.com/i/teamlogos/soccer/500/254.png,https://a.espncdn.com/i/teamlogos/soccer/500/266.png,0-0-0,0-0-0
2026-12-02,Scottish Premiership,Heart of Midlothian,Aberdeen,,,,ESPN public event API,Waiting for odds,https://site.api.espn.com/apis/site/v2/sports/soccer/sco.1/scoreboard?dates=20260610-20261221&limit=300,,401878324,2026-12-02T19:45Z,ESPN public event API,https://a.espncdn.com/i/teamlogos/soccer/500/262.png,https://a.espncdn.com/i/teamlogos/soccer/500/263.png,0-0-0,0-0-0
2026-12-02,Scottish Premiership,Kilmarnock,Hibernian,,,,ESPN public event API,Waiting for odds,https://site.api.espn.com/apis/site/v2/sports/soccer/sco.1/scoreboard?dates=20260610-20261221&limit=300,,401878323,2026-12-02T19:45Z,ESPN public event API,https://a.espncdn.com/i/teamlogos/soccer/500/260.png,https://a.espncdn.com/i/teamlogos/soccer/500/258.png,0-0-0,0-0-0
2026-12-02,Scottish Premiership,Rangers,Dundee United,,,,ESPN public event API,Waiting for odds,https://site.api.espn.com/apis/site/v2/sports/soccer/sco.1/scoreboard?dates=20260610-20261221&limit=300,,401878322,2026-12-02T19:45Z,ESPN public event API,https://a.espncdn.com/i/teamlogos/soccer/500/257.png,https://a.espncdn.com/i/teamlogos/soccer/500/264.png,0-0-0,0-0-0
2026-12-02,Scottish Premiership,St Johnstone,St Mirren,,,,ESPN public event API,Waiting for odds,https://site.api.espn.com/apis/site/v2/sports/soccer/sco.1/scoreboard?dates=20260610-20261221&limit=300,,401878321,2026-12-02T19:45Z,ESPN public event API,https://a.espncdn.com/i/teamlogos/soccer/500/267.png,https://a.espncdn.com/i/teamlogos/soccer/500/250.png,0-0-0,0-0-0
2026-12-05,EPL,Aston Villa,Crystal Palace,,,,ESPN public event API,Waiting for odds,https://site.api.espn.com/apis/site/v2/sports/soccer/eng.1/scoreboard?dates=20260610-20261221&limit=300,,401879215,2026-12-05T15:00Z,ESPN public event API,https://a.espncdn.com/i/teamlogos/soccer/500/362.png,https://a.espncdn.com/i/teamlogos/soccer/500/384.png,0-0-0,0-0-0
2026-12-05,EPL,Bournemouth,Hull City,,,,ESPN public event API,Waiting for odds,https://site.api.espn.com/apis/site/v2/sports/soccer/eng.1/scoreboard?dates=20260610-20261221&limit=300,,401879216,2026-12-05T15:00Z,ESPN public event API,https://a.espncdn.com/i/teamlogos/soccer/500/349.png,https://a.espncdn.com/i/teamlogos/soccer/500/306.png,0-0-0,0-0-0
2026-12-05,EPL,Brentford,Man City,,,,ESPN public event API,Waiting for odds,https://site.api.espn.com/apis/site/v2/sports/soccer/eng.1/scoreboard?dates=20260610-20261221&limit=300,,401879214,2026-12-05T15:00Z,ESPN public event API,https://a.espncdn.com/i/teamlogos/soccer/500/337.png,https://a.espncdn.com/i/teamlogos/soccer/500/382.png,0-0-0,0-0-0
2026-12-05,EPL,Chelsea,Liverpool,,,,ESPN public event API,Waiting for odds,https://site.api.espn.com/apis/site/v2/sports/soccer/eng.1/scoreboard?dates=20260610-20261221&limit=300,,401879213,2026-12-05T15:00Z,ESPN public event API,https://a.espncdn.com/i/teamlogos/soccer/500/363.png,https://a.espncdn.com/i/teamlogos/soccer/500/364.png,0-0-0,0-0-0
2026-12-05,EPL,Everton,Fulham,,,,ESPN public event API,Waiting for odds,https://site.api.espn.com/apis/site/v2/sports/soccer/eng.1/scoreboard?dates=20260610-20261221&limit=300,,401879212,2026-12-05T15:00Z,ESPN public event API,https://a.espncdn.com/i/teamlogos/soccer/500/368.png,https://a.espncdn.com/i/teamlogos/soccer/500/370.png,0-0-0,0-0-0
2026-12-05,EPL,Leeds United,Ipswich Town,,,,ESPN public event API,Waiting for odds,https://site.api.espn.com/apis/site/v2/sports/soccer/eng.1/scoreboard?dates=20260610-20261221&limit=300,,401879211,2026-12-05T15:00Z,ESPN public event API,https://a.espncdn.com/i/teamlogos/soccer/500/357.png,https://a.espncdn.com/i/teamlogos/soccer/500/373.png,0-0-0,0-0-0
2026-12-05,EPL,Man United,Coventry City,,,,ESPN public event API,Waiting for odds,https://site.api.espn.com/apis/site/v2/sports/soccer/eng.1/scoreboard?dates=20260610-20261221&limit=300,,401879210,2026-12-05T15:00Z,ESPN public event API,https://a.espncdn.com/i/teamlogos/soccer/500/360.png,https://a.espncdn.com/i/teamlogos/soccer/500/388.png,0-0-0,0-0-0
2026-12-05,EPL,Newcastle United,Sunderland,,,,ESPN public event API,Waiting for odds,https://site.api.espn.com/apis/site/v2/sports/soccer/eng.1/scoreboard?dates=20260610-20261221&limit=300,,401878748,2026-12-05T15:00Z,ESPN public event API,https://a.espncdn.com/i/teamlogos/soccer/500/361.png,https://a.espncdn.com/i/teamlogos/soccer/500/366.png,0-0-0,0-0-0
2026-12-05,EPL,Nott'm Forest,Brighton,,,,ESPN public event API,Waiting for odds,https://site.api.espn.com/apis/site/v2/sports/soccer/eng.1/scoreboard?dates=20260610-20261221&limit=300,,401878747,2026-12-05T15:00Z,ESPN public event API,https://a.espncdn.com/i/teamlogos/soccer/500/393.png,https://a.espncdn.com/i/teamlogos/soccer/500/331.png,0-0-0,0-0-0
2026-12-05,EPL,Tottenham,Arsenal,,,,ESPN public event API,Waiting for odds,https://site.api.espn.com/apis/site/v2/sports/soccer/eng.1/scoreboard?dates=20260610-20261221&limit=300,,401879209,2026-12-05T15:00Z,ESPN public event API,https://a.espncdn.com/i/teamlogos/soccer/500/367.png,https://a.espncdn.com/i/teamlogos/soccer/500/359.png,0-0-0,0-0-0
2026-12-05,Eredivisie,ADO Den Haag,Excelsior,,,,ESPN public event API,Waiting for odds,https://site.api.espn.com/apis/site/v2/sports/soccer/ned.1/scoreboard?dates=20260528-20261208&limit=300,,401875529,2026-12-05T20:00Z,ESPN public event API,https://a.espncdn.com/i/teamlogos/soccer/500/2726.png,https://a.espncdn.com/i/teamlogos/soccer/500/2566.png,0-0-0,0-0-0
2026-12-05,Eredivisie,Ajax Amsterdam,FC Utrecht,,,,ESPN public event API,Waiting for odds,https://site.api.espn.com/apis/site/v2/sports/soccer/ned.1/scoreboard?dates=20260528-20261208&limit=300,,401875528,2026-12-05T20:00Z,ESPN public event API,https://a.espncdn.com/i/teamlogos/soccer/500/139.png,https://a.espncdn.com/i/teamlogos/soccer/500/153.png,0-0-0,0-0-0
2026-12-05,Eredivisie,AZ Alkmaar,PSV Eindhoven,,,,ESPN public event API,Waiting for odds,https://site.api.espn.com/apis/site/v2/sports/soccer/ned.1/scoreboard?dates=20260528-20261208&limit=300,,401875527,2026-12-05T20:00Z,ESPN public event API,https://a.espncdn.com/i/teamlogos/soccer/500/140.png,https://a.espncdn.com/i/teamlogos/soccer/500/148.png,0-0-0,0-0-0
2026-12-05,Eredivisie,Fortuna Sittard,PEC Zwolle,,,,ESPN public event API,Waiting for odds,https://site.api.espn.com/apis/site/v2/sports/soccer/ned.1/scoreboard?dates=20260528-20261208&limit=300,,401875526,2026-12-05T20:00Z,ESPN public event API,https://a.espncdn.com/i/teamlogos/soccer/500/143.png,https://a.espncdn.com/i/teamlogos/soccer/500/2565.png,0-0-0,0-0-0
2026-12-05,Eredivisie,Go Ahead Eagles,FC Twente,,,,ESPN public event API,Waiting for odds,https://site.api.espn.com/apis/site/v2/sports/soccer/ned.1/scoreboard?dates=20260528-20261208&limit=300,,401875525,2026-12-05T20:00Z,ESPN public event API,https://a.espncdn.com/i/teamlogos/soccer/500/3706.png,https://a.espncdn.com/i/teamlogos/soccer/500/152.png,0-0-0,0-0-0
2026-12-05,Eredivisie,Heerenveen,SC Cambuur,,,,ESPN public event API,Waiting for odds,https://site.api.espn.com/apis/site/v2/sports/soccer/ned.1/scoreboard?dates=20260528-20261208&limit=300,,401875524,2026-12-05T20:00Z,ESPN public event API,https://a.espncdn.com/i/teamlogos/soccer/500/146.png,https://a.espncdn.com/i/teamlogos/soccer/500/3736.png,0-0-0,0-0-0
2026-12-05,Eredivisie,Sparta Rotterdam,NEC Nijmegen,,,,ESPN public event API,Waiting for odds,https://site.api.espn.com/apis/site/v2/sports/soccer/ned.1/scoreboard?dates=20260528-20261208&limit=300,,401875523,2026-12-05T20:00Z,ESPN public event API,https://a.espncdn.com/i/teamlogos/soccer/500/151.png,https://a.espncdn.com/i/teamlogos/soccer/500/147.png,0-0-0,0-0-0
2026-12-05,Eredivisie,Telstar,FC Groningen,,,,ESPN public event API,Waiting for odds,https://site.api.espn.com/apis/site/v2/sports/soccer/ned.1/scoreboard?dates=20260528-20261208&limit=300,,401875522,2026-12-05T20:00Z,ESPN public event API,https://a.espncdn.com/i/teamlogos/soccer/500/3735.png,https://a.espncdn.com/i/teamlogos/soccer/500/145.png,0-0-0,0-0-0
2026-12-05,Eredivisie,Willem II,Feyenoord Rotterdam,,,,ESPN public event API,Waiting for odds,https://site.api.espn.com/apis/site/v2/sports/soccer/ned.1/scoreboard?dates=20260528-20261208&limit=300,,401875521,2026-12-05T20:00Z,ESPN public event API,https://a.espncdn.com/i/teamlogos/soccer/500/156.png,https://a.espncdn.com/i/teamlogos/soccer/500/142.png,0-0-0,0-0-0
2026-12-05,Ligue 1,AS Monaco,Angers,,,,ESPN public event API,Waiting for odds,https://site.api.espn.com/apis/site/v2/sports/soccer/fra.1/scoreboard?dates=20260528-20261208&limit=300,,401876382,2026-12-05T20:00Z,ESPN public event API,https://a.espncdn.com/i/teamlogos/soccer/500/174.png,https://a.espncdn.com/i/teamlogos/soccer/500/7868.png,0-0-0,0-0-0
2026-12-05,Ligue 1,Lens,Le Havre AC,,,,ESPN public event API,Waiting for odds,https://site.api.espn.com/apis/site/v2/sports/soccer/fra.1/scoreboard?dates=20260528-20261208&limit=300,,401876385,2026-12-05T20:00Z,ESPN public event API,https://a.espncdn.com/i/teamlogos/soccer/500/175.png,https://a.espncdn.com/i/teamlogos/soccer/500/3236.png,0-0-0,0-0-0
2026-12-05,Ligue 1,Lille,AJ Auxerre,,,,ESPN public event API,Waiting for odds,https://site.api.espn.com/apis/site/v2/sports/soccer/fra.1/scoreboard?dates=20260528-20261208&limit=300,,401876384,2026-12-05T20:00Z,ESPN public event API,https://a.espncdn.com/i/teamlogos/soccer/500/166.png,https://a.espncdn.com/i/teamlogos/soccer/500/172.png,0-0-0,0-0-0
2026-12-05,Ligue 1,Marseille,Nice,,,,ESPN public event API,Waiting for odds,https://site.api.espn.com/apis/site/v2/sports/soccer/fra.1/scoreboard?dates=20260528-20261208&limit=300,,401876383,2026-12-05T20:00Z,ESPN public event API,https://a.espncdn.com/i/teamlogos/soccer/500/176.png,https://a.espncdn.com/i/teamlogos/soccer/500/2502.png,0-0-0,0-0-0
2026-12-05,Ligue 1,Paris FC,Le Mans,,,,ESPN public event API,Waiting for odds,https://site.api.espn.com/apis/site/v2/sports/soccer/fra.1/scoreboard?dates=20260528-20261208&limit=300,,401876381,2026-12-05T20:00Z,ESPN public event API,https://a.espncdn.com/i/teamlogos/soccer/500/6851.png,https://a.espncdn.com/i/teamlogos/soccer/500/2697.png,0-0-0,0-0-0
2026-12-05,Ligue 1,Stade Rennais,Brest,,,,ESPN public event API,Waiting for odds,https://site.api.espn.com/apis/site/v2/sports/soccer/fra.1/scoreboard?dates=20260528-20261208&limit=300,,401876380,2026-12-05T20:00Z,ESPN public event API,https://a.espncdn.com/i/teamlogos/soccer/500/169.png,https://a.espncdn.com/i/teamlogos/soccer/500/6997.png,0-0-0,0-0-0
2026-12-05,Ligue 1,Strasbourg,Lorient,,,,ESPN public event API,Waiting for odds,https://site.api.espn.com/apis/site/v2/sports/soccer/fra.1/scoreboard?dates=20260528-20261208&limit=300,,401876379,2026-12-05T20:00Z,ESPN public event API,https://a.espncdn.com/i/teamlogos/soccer/500/180.png,https://a.espncdn.com/i/teamlogos/soccer/500/273.png,0-0-0,0-0-0
2026-12-05,Ligue 1,Toulouse,Paris SG,,,,ESPN public event API,Waiting for odds,https://site.api.espn.com/apis/site/v2/sports/soccer/fra.1/scoreboard?dates=20260528-20261208&limit=300,,401876378,2026-12-05T20:00Z,ESPN public event API,https://a.espncdn.com/i/teamlogos/soccer/500/179.png,https://a.espncdn.com/i/teamlogos/soccer/500/160.png,0-0-0,0-0-0
2026-12-05,Ligue 1,Troyes,Lyon,,,,ESPN public event API,Waiting for odds,https://site.api.espn.com/apis/site/v2/sports/soccer/fra.1/scoreboard?dates=20260528-20261208&limit=300,,401876377,2026-12-05T20:00Z,ESPN public event API,https://a.espncdn.com/i/teamlogos/soccer/500/170.png,https://a.espncdn.com/i/teamlogos/soccer/500/167.png,0-0-0,0-0-0
2026-12-05,Scottish Premiership,Aberdeen,Dundee United,,,,ESPN public event API,Waiting for odds,https://site.api.espn.com/apis/site/v2/sports/soccer/sco.1/scoreboard?dates=20260610-20261221&limit=300,,401878320,2026-12-05T15:00Z,ESPN public event API,https://a.espncdn.com/i/teamlogos/soccer/500/263.png,https://a.espncdn.com/i/teamlogos/soccer/500/264.png,0-0-0,0-0-0
2026-12-05,Scottish Premiership,Celtic,St Johnstone,,,,ESPN public event API,Waiting for odds,https://site.api.espn.com/apis/site/v2/sports/soccer/sco.1/scoreboard?dates=20260610-20261221&limit=300,,401878319,2026-12-05T15:00Z,ESPN public event API,https://a.espncdn.com/i/teamlogos/soccer/500/256.png,https://a.espncdn.com/i/teamlogos/soccer/500/267.png,0-0-0,0-0-0
2026-12-05,Scottish Premiership,Dundee,Falkirk,,,,ESPN public event API,Waiting for odds,https://site.api.espn.com/apis/site/v2/sports/soccer/sco.1/scoreboard?dates=20260610-20261221&limit=300,,401878318,2026-12-05T15:00Z,ESPN public event API,https://a.espncdn.com/i/teamlogos/soccer/500/261.png,https://a.espncdn.com/i/teamlogos/soccer/500/254.png,0-0-0,0-0-0
2026-12-05,Scottish Premiership,Hibernian,Rangers,,,,ESPN public event API,Waiting for odds,https://site.api.espn.com/apis/site/v2/sports/soccer/sco.1/scoreboard?dates=20260610-20261221&limit=300,,401878317,2026-12-05T15:00Z,ESPN public event API,https://a.espncdn.com/i/teamlogos/soccer/500/258.png,https://a.espncdn.com/i/teamlogos/soccer/500/257.png,0-0-0,0-0-0
2026-12-05,Scottish Premiership,Motherwell,Kilmarnock,,,,ESPN public event API,Waiting for odds,https://site.api.espn.com/apis/site/v2/sports/soccer/sco.1/scoreboard?dates=20260610-20261221&limit=300,,401878316,2026-12-05T15:00Z,ESPN public event API,https://a.espncdn.com/i/teamlogos/soccer/500/266.png,https://a.espncdn.com/i/teamlogos/soccer/500/260.png,0-0-0,0-0-0
2026-12-05,Scottish Premiership,St Mirren,Heart of Midlothian,,,,ESPN public event API,Waiting for odds,https://site.api.espn.com/apis/site/v2/sports/soccer/sco.1/scoreboard?dates=20260610-20261221&limit=300,,401878315,2026-12-05T15:00Z,ESPN public event API,https://a.espncdn.com/i/teamlogos/soccer/500/250.png,https://a.espncdn.com/i/teamlogos/soccer/500/262.png,0-0-0,0-0-0
2026-12-06,Danish Superliga,AC Horsens,F.C. København,,,,ESPN public event API,Waiting for odds,https://site.api.espn.com/apis/site/v2/sports/soccer/den.1/scoreboard?dates=20260526-20261206&limit=300,,401874560,2026-12-06T20:00Z,ESPN public event API,https://a.espncdn.com/i/teamlogos/soccer/500/3585.png,https://a.espncdn.com/i/teamlogos/soccer/500/909.png,,
2026-12-06,Danish Superliga,AGF,Randers FC,,,,ESPN public event API,Waiting for odds,https://site.api.espn.com/apis/site/v2/sports/soccer/den.1/scoreboard?dates=20260526-20261206&limit=300,,401874722,2026-12-06T20:00Z,ESPN public event API,https://a.espncdn.com/i/teamlogos/soccer/500/7853.png,https://a.espncdn.com/i/teamlogos/soccer/500/3132.png,,
2026-12-06,Danish Superliga,Brøndby IF,Odense Boldklub,,,,ESPN public event API,Waiting for odds,https://site.api.espn.com/apis/site/v2/sports/soccer/den.1/scoreboard?dates=20260526-20261206&limit=300,,401874543,2026-12-06T20:00Z,ESPN public event API,https://a.espncdn.com/i/teamlogos/soccer/500/575.png,https://a.espncdn.com/i/teamlogos/soccer/500/11550.png,,
2026-12-06,Danish Superliga,FC Midtjylland,Silkeborg IF,,,,ESPN public event API,Waiting for odds,https://site.api.espn.com/apis/site/v2/sports/soccer/den.1/scoreboard?dates=20260526-20261206&limit=300,,401874733,2026-12-06T20:00Z,ESPN public event API,https://a.espncdn.com/i/teamlogos/soccer/500/572.png,https://a.espncdn.com/i/teamlogos/soccer/500/607.png,,
2026-12-06,Danish Superliga,FC Nordsjælland,Lyngby Boldklub,,,,ESPN public event API,Waiting for odds,https://site.api.espn.com/apis/site/v2/sports/soccer/den.1/scoreboard?dates=20260526-20261206&limit=300,,401874497,2026-12-06T20:00Z,ESPN public event API,https://a.espncdn.com/i/teamlogos/soccer/500/3101.png,https://a.espncdn.com/i/teamlogos/soccer/500/7860.png,,
2026-12-06,Danish Superliga,Viborg FF,Sønderjyske Fodbold,,,,ESPN public event API,Waiting for odds,https://site.api.espn.com/apis/site/v2/sports/soccer/den.1/scoreboard?dates=20260526-20261206&limit=300,,401874729,2026-12-06T20:00Z,ESPN public event API,https://a.espncdn.com/i/teamlogos/soccer/500/3153.png,https://a.espncdn.com/i/teamlogos/soccer/500/8118.png,,
2026-12-06,Eliteserien,Aalesund,Bodo/Glimt,,,,ESPN public event API,Waiting for odds,https://site.api.espn.com/apis/site/v2/sports/soccer/nor.1/scoreboard?dates=20260526-20261206&limit=300,,401843506,2026-12-06T16:00Z,ESPN public event API,https://a.espncdn.com/i/teamlogos/soccer/500/3278.png,https://a.espncdn.com/i/teamlogos/soccer/500/2980.png,2-5-4,7-2-2
2026-12-06,Eliteserien,Hamarkameratene,Sandefjord,,,,ESPN public event API,Waiting for odds,https://site.api.espn.com/apis/site/v2/sports/soccer/nor.1/scoreboard?dates=20260526-20261206&limit=300,,401843505,2026-12-06T16:00Z,ESPN public event API,https://a.espncdn.com/i/teamlogos/soccer/500/21380.png,https://a.espncdn.com/i/teamlogos/soccer/500/3279.png,5-2-3,4-2-5
2026-12-06,Eliteserien,KFUM Oslo,Fredrikstad,,,,ESPN public event API,Waiting for odds,https://site.api.espn.com/apis/site/v2/sports/soccer/nor.1/scoreboard?dates=20260526-20261206&limit=300,,401843504,2026-12-06T16:00Z,ESPN public event API,https://a.espncdn.com/i/teamlogos/soccer/500/22165.png,https://a.espncdn.com/i/teamlogos/soccer/500/3039.png,3-3-5,4-2-5
2026-12-06,Eliteserien,Kristiansund BK,Lillestrom,,,,ESPN public event API,Waiting for odds,https://site.api.espn.com/apis/site/v2/sports/soccer/nor.1/scoreboard?dates=20260526-20261206&limit=300,,401843503,2026-12-06T16:00Z,ESPN public event API,https://a.espncdn.com/i/teamlogos/soccer/500/6672.png,https://a.espncdn.com/i/teamlogos/soccer/500/987.png,3-2-6,6-1-4
2026-12-06,Eliteserien,Molde,Viking FK,,,,ESPN public event API,Waiting for odds,https://site.api.espn.com/apis/site/v2/sports/soccer/nor.1/scoreboard?dates=20260526-20261206&limit=300,,401843502,2026-12-06T16:00Z,ESPN public event API,https://a.espncdn.com/i/teamlogos/soccer/500/2715.png,https://a.espncdn.com/i/teamlogos/soccer/500/510.png,6-1-4,9-0-1
2026-12-06,Eliteserien,Sarpsborg FK,SK Brann,,,,ESPN public event API,Waiting for odds,https://site.api.espn.com/apis/site/v2/sports/soccer/nor.1/scoreboard?dates=20260526-20261206&limit=300,,401843501,2026-12-06T16:00Z,ESPN public event API,https://a.espncdn.com/i/teamlogos/soccer/500/5002.png,https://a.espncdn.com/i/teamlogos/soccer/500/620.png,4-2-5,4-1-7
2026-12-06,Eliteserien,Tromso,IK Start,,,,ESPN public event API,Waiting for odds,https://site.api.espn.com/apis/site/v2/sports/soccer/nor.1/scoreboard?dates=20260526-20261206&limit=300,,401843499,2026-12-06T16:00Z,ESPN public event API,https://a.espncdn.com/i/teamlogos/soccer/500/5270.png,,7-4-2,1-4-7
2026-12-06,Eliteserien,Vålerenga,Rosenborg,,,,ESPN public event API,Waiting for odds,https://site.api.espn.com/apis/site/v2/sports/soccer/nor.1/scoreboard?dates=20260526-20261206&limit=300,,401843500,2026-12-06T16:00Z,ESPN public event API,https://a.espncdn.com/i/teamlogos/soccer/500/2791.png,https://a.espncdn.com/i/teamlogos/soccer/500/438.png,4-2-5,2-3-6
2026-12-06,Serie A,AC Milan,Parma,,,,ESPN public event API,Waiting for odds,https://site.api.espn.com/apis/site/v2/sports/soccer/ita.1/scoreboard?dates=20260526-20261206&limit=300,,401874995,2026-12-06T20:00Z,ESPN public event API,https://a.espncdn.com/i/teamlogos/soccer/500/103.png,https://a.espncdn.com/i/teamlogos/soccer/500/115.png,0-0-0,0-0-0
2026-12-06,Serie A,Bologna,AS Roma,,,,ESPN public event API,Waiting for odds,https://site.api.espn.com/apis/site/v2/sports/soccer/ita.1/scoreboard?dates=20260526-20261206&limit=300,,401874984,2026-12-06T20:00Z,ESPN public event API,https://a.espncdn.com/i/teamlogos/soccer/500/107.png,https://a.espncdn.com/i/teamlogos/soccer/500/104.png,0-0-0,0-0-0
2026-12-06,Serie A,Fiorentina,Cagliari,,,,ESPN public event API,Waiting for odds,https://site.api.espn.com/apis/site/v2/sports/soccer/ita.1/scoreboard?dates=20260526-20261206&limit=300,,401875107,2026-12-06T20:00Z,ESPN public event API,https://a.espncdn.com/i/teamlogos/soccer/500/109.png,https://a.espncdn.com/i/teamlogos/soccer/500/2925.png,0-0-0,0-0-0
2026-12-06,Serie A,Frosinone,Inter Milan,,,,ESPN public event API,Waiting for odds,https://site.api.espn.com/apis/site/v2/sports/soccer/ita.1/scoreboard?dates=20260526-20261206&limit=300,,401875023,2026-12-06T20:00Z,ESPN public event API,https://a.espncdn.com/i/teamlogos/soccer/500/4057.png,https://a.espncdn.com/i/teamlogos/soccer/500/110.png,0-0-0,0-0-0
2026-12-06,Serie A,Genoa,Torino,,,,ESPN public event API,Waiting for odds,https://site.api.espn.com/apis/site/v2/sports/soccer/ita.1/scoreboard?dates=20260526-20261206&limit=300,,401875017,2026-12-06T20:00Z,ESPN public event API,https://a.espncdn.com/i/teamlogos/soccer/500/3263.png,https://a.espncdn.com/i/teamlogos/soccer/500/239.png,0-0-0,0-0-0
2026-12-06,Serie A,Juventus,Udinese,,,,ESPN public event API,Waiting for odds,https://site.api.espn.com/apis/site/v2/sports/soccer/ita.1/scoreboard?dates=20260526-20261206&limit=300,,401875006,2026-12-06T20:00Z,ESPN public event API,https://a.espncdn.com/i/teamlogos/soccer/500/111.png,https://a.espncdn.com/i/teamlogos/soccer/500/118.png,0-0-0,0-0-0
2026-12-06,Serie A,Lazio,Atalanta,,,,ESPN public event API,Waiting for odds,https://site.api.espn.com/apis/site/v2/sports/soccer/ita.1/scoreboard?dates=20260526-20261206&limit=300,,401875029,2026-12-06T20:00Z,ESPN public event API,https://a.espncdn.com/i/teamlogos/soccer/500/112.png,https://a.espncdn.com/i/teamlogos/soccer/500/105.png,0-0-0,0-0-0
2026-12-06,Serie A,Monza,Como,,,,ESPN public event API,Waiting for odds,https://site.api.espn.com/apis/site/v2/sports/soccer/ita.1/scoreboard?dates=20260526-20261206&limit=300,,401874975,2026-12-06T20:00Z,ESPN public event API,https://a.espncdn.com/i/teamlogos/soccer/500/4007.png,https://a.espncdn.com/i/teamlogos/soccer/500/2572.png,0-0-0,0-0-0
2026-12-06,Serie A,Napoli,Lecce,,,,ESPN public event API,Waiting for odds,https://site.api.espn.com/apis/site/v2/sports/soccer/ita.1/scoreboard?dates=20260526-20261206&limit=300,,401874788,2026-12-06T20:00Z,ESPN public event API,https://a.espncdn.com/i/teamlogos/soccer/500/114.png,https://a.espncdn.com/i/teamlogos/soccer/500/113.png,0-0-0,0-0-0
2026-12-06,Serie A,Venezia,Sassuolo,,,,ESPN public event API,Waiting for odds,https://site.api.espn.com/apis/site/v2/sports/soccer/ita.1/scoreboard?dates=20260526-20261206&limit=300,,401875011,2026-12-06T20:00Z,ESPN public event API,https://a.espncdn.com/i/teamlogos/soccer/500/17530.png,https://a.espncdn.com/i/teamlogos/soccer/500/3997.png,0-0-0,0-0-0
2026-12-12,Belgian Pro League,Anderlecht,Royal Charleroi SC,,,,ESPN public event API,Waiting for odds,https://site.api.espn.com/apis/site/v2/sports/soccer/bel.1/scoreboard?dates=20260610-20261221&limit=300,,401878919,2026-12-12T20:00Z,ESPN public event API,https://a.espncdn.com/i/teamlogos/soccer/500/441.png,https://a.espncdn.com/i/teamlogos/soccer/500/3616.png,0-0-0,0-0-0
2026-12-12,Belgian Pro League,Club Brugge,KVC Westerlo,,,,ESPN public event API,Waiting for odds,https://site.api.espn.com/apis/site/v2/sports/soccer/bel.1/scoreboard?dates=20260610-20261221&limit=300,,401878918,2026-12-12T20:00Z,ESPN public event API,https://a.espncdn.com/i/teamlogos/soccer/500/570.png,https://a.espncdn.com/i/teamlogos/soccer/500/606.png,0-0-0,0-0-0
2026-12-12,Belgian Pro League,KAA Gent,Sint-Truidense,,,,ESPN public event API,Waiting for odds,https://site.api.espn.com/apis/site/v2/sports/soccer/bel.1/scoreboard?dates=20260610-20261221&limit=300,,401878917,2026-12-12T20:00Z,ESPN public event API,https://a.espncdn.com/i/teamlogos/soccer/500/3611.png,https://a.espncdn.com/i/teamlogos/soccer/500/936.png,0-0-0,0-0-0
2026-12-12,Belgian Pro League,KV Kortrijk,Lommel SK,,,,ESPN public event API,Waiting for odds,https://site.api.espn.com/apis/site/v2/sports/soccer/bel.1/scoreboard?dates=20260610-20261221&limit=300,,401878923,2026-12-12T20:00Z,ESPN public event API,https://a.espncdn.com/i/teamlogos/soccer/500/5786.png,,0-0-0,0-0-0
2026-12-12,Belgian Pro League,KV Mechelen,Union St.-Gilloise,,,,ESPN public event API,Waiting for odds,https://site.api.espn.com/apis/site/v2/sports/soccer/bel.1/scoreboard?dates=20260610-20261221&limit=300,,401878916,2026-12-12T20:00Z,ESPN public event API,https://a.espncdn.com/i/teamlogos/soccer/500/7879.png,https://a.espncdn.com/i/teamlogos/soccer/500/5807.png,0-0-0,0-0-0
2026-12-12,Belgian Pro League,RAAL La Louvière,Antwerp,,,,ESPN public event API,Waiting for odds,https://site.api.espn.com/apis/site/v2/sports/soccer/bel.1/scoreboard?dates=20260610-20261221&limit=300,,401878922,2026-12-12T20:00Z,ESPN public event API,https://a.espncdn.com/i/teamlogos/soccer/500/131235.png,https://a.espncdn.com/i/teamlogos/soccer/500/17544.png,0-0-0,0-0-0
2026-12-12,Belgian Pro League,Racing Genk,OH Leuven,,,,ESPN public event API,Waiting for odds,https://site.api.espn.com/apis/site/v2/sports/soccer/bel.1/scoreboard?dates=20260610-20261221&limit=300,,401878924,2026-12-12T20:00Z,ESPN public event API,https://a.espncdn.com/i/teamlogos/soccer/500/938.png,https://a.espncdn.com/i/teamlogos/soccer/500/5579.png,0-0-0,0-0-0
2026-12-12,Belgian Pro League,Waasland-Beveren,Cercle Brugge KSV,,,,ESPN public event API,Waiting for odds,https://site.api.espn.com/apis/site/v2/sports/soccer/bel.1/scoreboard?dates=20260610-20261221&limit=300,,401878921,2026-12-12T20:00Z,ESPN public event API,https://a.espncdn.com/i/teamlogos/soccer/500/13450.png,https://a.espncdn.com/i/teamlogos/soccer/500/3610.png,0-0-0,0-0-0
2026-12-12,Belgian Pro League,Zulte-Waregem,Standard Liege,,,,ESPN public event API,Waiting for odds,https://site.api.espn.com/apis/site/v2/sports/soccer/bel.1/scoreboard?dates=20260610-20261221&limit=300,,401878920,2026-12-12T20:00Z,ESPN public event API,https://a.espncdn.com/i/teamlogos/soccer/500/4691.png,https://a.espncdn.com/i/teamlogos/soccer/500/559.png,0-0-0,0-0-0
2026-12-12,EPL,Arsenal,Bournemouth,,,,ESPN public event API,Waiting for odds,https://site.api.espn.com/apis/site/v2/sports/soccer/eng.1/scoreboard?dates=20260610-20261221&limit=300,,401878746,2026-12-12T15:00Z,ESPN public event API,https://a.espncdn.com/i/teamlogos/soccer/500/359.png,https://a.espncdn.com/i/teamlogos/soccer/500/349.png,0-0-0,0-0-0
2026-12-12,EPL,Brighton,Everton,,,,ESPN public event API,Waiting for odds,https://site.api.espn.com/apis/site/v2/sports/soccer/eng.1/scoreboard?dates=20260610-20261221&limit=300,,401878745,2026-12-12T15:00Z,ESPN public event API,https://a.espncdn.com/i/teamlogos/soccer/500/331.png,https://a.espncdn.com/i/teamlogos/soccer/500/368.png,0-0-0,0-0-0
2026-12-12,EPL,Coventry City,Aston Villa,,,,ESPN public event API,Waiting for odds,https://site.api.espn.com/apis/site/v2/sports/soccer/eng.1/scoreboard?dates=20260610-20261221&limit=300,,401879208,2026-12-12T15:00Z,ESPN public event API,https://a.espncdn.com/i/teamlogos/soccer/500/388.png,https://a.espncdn.com/i/teamlogos/soccer/500/362.png,0-0-0,0-0-0
2026-12-12,EPL,Crystal Palace,Man United,,,,ESPN public event API,Waiting for odds,https://site.api.espn.com/apis/site/v2/sports/soccer/eng.1/scoreboard?dates=20260610-20261221&limit=300,,401879207,2026-12-12T15:00Z,ESPN public event API,https://a.espncdn.com/i/teamlogos/soccer/500/384.png,https://a.espncdn.com/i/teamlogos/soccer/500/360.png,0-0-0,0-0-0
2026-12-12,EPL,Fulham,Brentford,,,,ESPN public event API,Waiting for odds,https://site.api.espn.com/apis/site/v2/sports/soccer/eng.1/scoreboard?dates=20260610-20261221&limit=300,,401879206,2026-12-12T15:00Z,ESPN public event API,https://a.espncdn.com/i/teamlogos/soccer/500/370.png,https://a.espncdn.com/i/teamlogos/soccer/500/337.png,0-0-0,0-0-0
2026-12-12,EPL,Hull City,Tottenham,,,,ESPN public event API,Waiting for odds,https://site.api.espn.com/apis/site/v2/sports/soccer/eng.1/scoreboard?dates=20260610-20261221&limit=300,,401879205,2026-12-12T15:00Z,ESPN public event API,https://a.espncdn.com/i/teamlogos/soccer/500/306.png,https://a.espncdn.com/i/teamlogos/soccer/500/367.png,0-0-0,0-0-0
2026-12-12,EPL,Ipswich Town,Newcastle United,,,,ESPN public event API,Waiting for odds,https://site.api.espn.com/apis/site/v2/sports/soccer/eng.1/scoreboard?dates=20260610-20261221&limit=300,,401878744,2026-12-12T15:00Z,ESPN public event API,https://a.espncdn.com/i/teamlogos/soccer/500/373.png,https://a.espncdn.com/i/teamlogos/soccer/500/361.png,0-0-0,0-0-0
2026-12-12,EPL,Liverpool,Leeds United,,,,ESPN public event API,Waiting for odds,https://site.api.espn.com/apis/site/v2/sports/soccer/eng.1/scoreboard?dates=20260610-20261221&limit=300,,401878743,2026-12-12T15:00Z,ESPN public event API,https://a.espncdn.com/i/teamlogos/soccer/500/364.png,https://a.espncdn.com/i/teamlogos/soccer/500/357.png,0-0-0,0-0-0
2026-12-12,EPL,Man City,Chelsea,,,,ESPN public event API,Waiting for odds,https://site.api.espn.com/apis/site/v2/sports/soccer/eng.1/scoreboard?dates=20260610-20261221&limit=300,,401878742,2026-12-12T15:00Z,ESPN public event API,https://a.espncdn.com/i/teamlogos/soccer/500/382.png,https://a.espncdn.com/i/teamlogos/soccer/500/363.png,0-0-0,0-0-0
2026-12-12,EPL,Sunderland,Nott'm Forest,,,,ESPN public event API,Waiting for odds,https://site.api.espn.com/apis/site/v2/sports/soccer/eng.1/scoreboard?dates=20260610-20261221&limit=300,,401878741,2026-12-12T15:00Z,ESPN public event API,https://a.espncdn.com/i/teamlogos/soccer/500/366.png,https://a.espncdn.com/i/teamlogos/soccer/500/393.png,0-0-0,0-0-0
2026-12-12,Eredivisie,Ajax Amsterdam,SC Cambuur,,,,ESPN public event API,Waiting for odds,https://site.api.espn.com/apis/site/v2/sports/soccer/ned.1/scoreboard?dates=20260610-20261221&limit=300,,401875520,2026-12-12T20:00Z,ESPN public event API,https://a.espncdn.com/i/teamlogos/soccer/500/139.png,https://a.espncdn.com/i/teamlogos/soccer/500/3736.png,0-0-0,0-0-0
2026-12-12,Eredivisie,AZ Alkmaar,NEC Nijmegen,,,,ESPN public event API,Waiting for odds,https://site.api.espn.com/apis/site/v2/sports/soccer/ned.1/scoreboard?dates=20260610-20261221&limit=300,,401875519,2026-12-12T20:00Z,ESPN public event API,https://a.espncdn.com/i/teamlogos/soccer/500/140.png,https://a.espncdn.com/i/teamlogos/soccer/500/147.png,0-0-0,0-0-0
2026-12-12,Eredivisie,FC Groningen,Feyenoord Rotterdam,,,,ESPN public event API,Waiting for odds,https://site.api.espn.com/apis/site/v2/sports/soccer/ned.1/scoreboard?dates=20260610-20261221&limit=300,,401875518,2026-12-12T20:00Z,ESPN public event API,https://a.espncdn.com/i/teamlogos/soccer/500/145.png,https://a.espncdn.com/i/teamlogos/soccer/500/142.png,0-0-0,0-0-0
2026-12-12,Eredivisie,FC Twente,Sparta Rotterdam,,,,ESPN public event API,Waiting for odds,https://site.api.espn.com/apis/site/v2/sports/soccer/ned.1/scoreboard?dates=20260610-20261221&limit=300,,401875517,2026-12-12T20:00Z,ESPN public event API,https://a.espncdn.com/i/teamlogos/soccer/500/152.png,https://a.espncdn.com/i/teamlogos/soccer/500/151.png,0-0-0,0-0-0
2026-12-12,Eredivisie,FC Utrecht,Fortuna Sittard,,,,ESPN public event API,Waiting for odds,https://site.api.espn.com/apis/site/v2/sports/soccer/ned.1/scoreboard?dates=20260610-20261221&limit=300,,401875516,2026-12-12T20:00Z,ESPN public event API,https://a.espncdn.com/i/teamlogos/soccer/500/153.png,https://a.espncdn.com/i/teamlogos/soccer/500/143.png,0-0-0,0-0-0
2026-12-12,Eredivisie,Heerenveen,Go Ahead Eagles,,,,ESPN public event API,Waiting for odds,https://site.api.espn.com/apis/site/v2/sports/soccer/ned.1/scoreboard?dates=20260610-20261221&limit=300,,401875513,2026-12-12T20:00Z,ESPN public event API,https://a.espncdn.com/i/teamlogos/soccer/500/146.png,https://a.espncdn.com/i/teamlogos/soccer/500/3706.png,0-0-0,0-0-0
2026-12-12,Eredivisie,PEC Zwolle,Excelsior,,,,ESPN public event API,Waiting for odds,https://site.api.espn.com/apis/site/v2/sports/soccer/ned.1/scoreboard?dates=20260610-20261221&limit=300,,401875515,2026-12-12T20:00Z,ESPN public event API,https://a.espncdn.com/i/teamlogos/soccer/500/2565.png,https://a.espncdn.com/i/teamlogos/soccer/500/2566.png,0-0-0,0-0-0
2026-12-12,Eredivisie,PSV Eindhoven,Telstar,,,,ESPN public event API,Waiting for odds,https://site.api.espn.com/apis/site/v2/sports/soccer/ned.1/scoreboard?dates=20260610-20261221&limit=300,,401875514,2026-12-12T20:00Z,ESPN public event API,https://a.espncdn.com/i/teamlogos/soccer/500/148.png,https://a.espncdn.com/i/teamlogos/soccer/500/3735.png,0-0-0,0-0-0
2026-12-12,Eredivisie,Willem II,ADO Den Haag,,,,ESPN public event API,Waiting for odds,https://site.api.espn.com/apis/site/v2/sports/soccer/ned.1/scoreboard?dates=20260610-20261221&limit=300,,401875512,2026-12-12T20:00Z,ESPN public event API,https://a.espncdn.com/i/teamlogos/soccer/500/156.png,https://a.espncdn.com/i/teamlogos/soccer/500/2726.png,0-0-0,0-0-0
2026-12-12,Ligue 1,AJ Auxerre,Toulouse,,,,ESPN public event API,Waiting for odds,https://site.api.espn.com/apis/site/v2/sports/soccer/fra.1/scoreboard?dates=20260610-20261221&limit=300,,401876375,2026-12-12T20:00Z,ESPN public event API,https://a.espncdn.com/i/teamlogos/soccer/500/172.png,https://a.espncdn.com/i/teamlogos/soccer/500/179.png,0-0-0,0-0-0
2026-12-12,Ligue 1,Angers,Strasbourg,,,,ESPN public event API,Waiting for odds,https://site.api.espn.com/apis/site/v2/sports/soccer/fra.1/scoreboard?dates=20260610-20261221&limit=300,,401876376,2026-12-12T20:00Z,ESPN public event API,https://a.espncdn.com/i/teamlogos/soccer/500/7868.png,https://a.espncdn.com/i/teamlogos/soccer/500/180.png,0-0-0,0-0-0
2026-12-12,Ligue 1,Brest,Troyes,,,,ESPN public event API,Waiting for odds,https://site.api.espn.com/apis/site/v2/sports/soccer/fra.1/scoreboard?dates=20260610-20261221&limit=300,,401876374,2026-12-12T20:00Z,ESPN public event API,https://a.espncdn.com/i/teamlogos/soccer/500/6997.png,https://a.espncdn.com/i/teamlogos/soccer/500/170.png,0-0-0,0-0-0
2026-12-12,Ligue 1,Le Havre AC,Le Mans,,,,ESPN public event API,Waiting for odds,https://site.api.espn.com/apis/site/v2/sports/soccer/fra.1/scoreboard?dates=20260610-20261221&limit=300,,401876373,2026-12-12T20:00Z,ESPN public event API,https://a.espncdn.com/i/teamlogos/soccer/500/3236.png,https://a.espncdn.com/i/teamlogos/soccer/500/2697.png,0-0-0,0-0-0
2026-12-12,Ligue 1,Lorient,Lille,,,,ESPN public event API,Waiting for odds,https://site.api.espn.com/apis/site/v2/sports/soccer/fra.1/scoreboard?dates=20260610-20261221&limit=300,,401876372,2026-12-12T20:00Z,ESPN public event API,https://a.espncdn.com/i/teamlogos/soccer/500/273.png,https://a.espncdn.com/i/teamlogos/soccer/500/166.png,0-0-0,0-0-0
2026-12-12,Ligue 1,Nice,Lens,,,,ESPN public event API,Waiting for odds,https://site.api.espn.com/apis/site/v2/sports/soccer/fra.1/scoreboard?dates=20260610-20261221&limit=300,,401876371,2026-12-12T20:00Z,ESPN public event API,https://a.espncdn.com/i/teamlogos/soccer/500/2502.png,https://a.espncdn.com/i/teamlogos/soccer/500/175.png,0-0-0,0-0-0
2026-12-12,Ligue 1,Paris SG,Paris FC,,,,ESPN public event API,Waiting for odds,https://site.api.espn.com/apis/site/v2/sports/soccer/fra.1/scoreboard?dates=20260610-20261221&limit=300,,401876370,2026-12-12T20:00Z,ESPN public event API,https://a.espncdn.com/i/teamlogos/soccer/500/160.png,https://a.espncdn.com/i/teamlogos/soccer/500/6851.png,0-0-0,0-0-0
2026-12-12,Ligue 1,Stade Rennais,AS Monaco,,,,ESPN public event API,Waiting for odds,https://site.api.espn.com/apis/site/v2/sports/soccer/fra.1/scoreboard?dates=20260610-20261221&limit=300,,401876369,2026-12-12T20:00Z,ESPN public event API,https://a.espncdn.com/i/teamlogos/soccer/500/169.png,https://a.espncdn.com/i/teamlogos/soccer/500/174.png,0-0-0,0-0-0
2026-12-12,Scottish Premiership,Celtic,Hibernian,,,,ESPN public event API,Waiting for odds,https://site.api.espn.com/apis/site/v2/sports/soccer/sco.1/scoreboard?dates=20260610-20261221&limit=300,,401878314,2026-12-12T15:00Z,ESPN public event API,https://a.espncdn.com/i/teamlogos/soccer/500/256.png,https://a.espncdn.com/i/teamlogos/soccer/500/258.png,0-0-0,0-0-0
2026-12-12,Scottish Premiership,Dundee United,St Mirren,,,,ESPN public event API,Waiting for odds,https://site.api.espn.com/apis/site/v2/sports/soccer/sco.1/scoreboard?dates=20260610-20261221&limit=300,,401878313,2026-12-12T15:00Z,ESPN public event API,https://a.espncdn.com/i/teamlogos/soccer/500/264.png,https://a.espncdn.com/i/teamlogos/soccer/500/250.png,0-0-0,0-0-0
2026-12-12,Scottish Premiership,Falkirk,Aberdeen,,,,ESPN public event API,Waiting for odds,https://site.api.espn.com/apis/site/v2/sports/soccer/sco.1/scoreboard?dates=20260610-20261221&limit=300,,401878312,2026-12-12T15:00Z,ESPN public event API,https://a.espncdn.com/i/teamlogos/soccer/500/254.png,https://a.espncdn.com/i/teamlogos/soccer/500/263.png,0-0-0,0-0-0
2026-12-12,Scottish Premiership,Heart of Midlothian,Motherwell,,,,ESPN public event API,Waiting for odds,https://site.api.espn.com/apis/site/v2/sports/soccer/sco.1/scoreboard?dates=20260610-20261221&limit=300,,401878311,2026-12-12T15:00Z,ESPN public event API,https://a.espncdn.com/i/teamlogos/soccer/500/262.png,https://a.espncdn.com/i/teamlogos/soccer/500/266.png,0-0-0,0-0-0
2026-12-12,Scottish Premiership,Kilmarnock,Dundee,,,,ESPN public event API,Waiting for odds,https://site.api.espn.com/apis/site/v2/sports/soccer/sco.1/scoreboard?dates=20260610-20261221&limit=300,,401878310,2026-12-12T15:00Z,ESPN public event API,https://a.espncdn.com/i/teamlogos/soccer/500/260.png,https://a.espncdn.com/i/teamlogos/soccer/500/261.png,0-0-0,0-0-0
2026-12-12,Scottish Premiership,St Johnstone,Rangers,,,,ESPN public event API,Waiting for odds,https://site.api.espn.com/apis/site/v2/sports/soccer/sco.1/scoreboard?dates=20260610-20261221&limit=300,,401878309,2026-12-12T15:00Z,ESPN public event API,https://a.espncdn.com/i/teamlogos/soccer/500/267.png,https://a.espncdn.com/i/teamlogos/soccer/500/257.png,0-0-0,0-0-0
2026-12-13,Eliteserien,Bodo/Glimt,Sarpsborg FK,,,,ESPN public event API,Waiting for odds,https://site.api.espn.com/apis/site/v2/sports/soccer/nor.1/scoreboard?dates=20260610-20261221&limit=300,,401843507,2026-12-13T16:00Z,ESPN public event API,https://a.espncdn.com/i/teamlogos/soccer/500/2980.png,https://a.espncdn.com/i/teamlogos/soccer/500/5002.png,7-2-2,4-2-5
2026-12-13,Eliteserien,Fredrikstad,Molde,,,,ESPN public event API,Waiting for odds,https://site.api.espn.com/apis/site/v2/sports/soccer/nor.1/scoreboard?dates=20260610-20261221&limit=300,,401843509,2026-12-13T16:00Z,ESPN public event API,https://a.espncdn.com/i/teamlogos/soccer/500/3039.png,https://a.espncdn.com/i/teamlogos/soccer/500/2715.png,4-2-5,6-1-4
2026-12-13,Eliteserien,IK Start,Kristiansund BK,,,,ESPN public event API,Waiting for odds,https://site.api.espn.com/apis/site/v2/sports/soccer/nor.1/scoreboard?dates=20260610-20261221&limit=300,,401843513,2026-12-13T16:00Z,ESPN public event API,,https://a.espncdn.com/i/teamlogos/soccer/500/6672.png,1-4-7,3-2-6
2026-12-13,Eliteserien,Lillestrom,Tromso,,,,ESPN public event API,Waiting for odds,https://site.api.espn.com/apis/site/v2/sports/soccer/nor.1/scoreboard?dates=20260610-20261221&limit=300,,401843514,2026-12-13T16:00Z,ESPN public event API,https://a.espncdn.com/i/teamlogos/soccer/500/987.png,https://a.espncdn.com/i/teamlogos/soccer/500/5270.png,6-1-4,7-4-2
2026-12-13,Eliteserien,Rosenborg,KFUM Oslo,,,,ESPN public event API,Waiting for odds,https://site.api.espn.com/apis/site/v2/sports/soccer/nor.1/scoreboard?dates=20260610-20261221&limit=300,,401843511,2026-12-13T16:00Z,ESPN public event API,https://a.espncdn.com/i/teamlogos/soccer/500/438.png,https://a.espncdn.com/i/teamlogos/soccer/500/22165.png,2-3-6,3-3-5
2026-12-13,Eliteserien,Sandefjord,Vålerenga,,,,ESPN public event API,Waiting for odds,https://site.api.espn.com/apis/site/v2/sports/soccer/nor.1/scoreboard?dates=20260610-20261221&limit=300,,401843512,2026-12-13T16:00Z,ESPN public event API,https://a.espncdn.com/i/teamlogos/soccer/500/3279.png,https://a.espncdn.com/i/teamlogos/soccer/500/2791.png,4-2-5,4-2-5
2026-12-13,Eliteserien,SK Brann,Aalesund,,,,ESPN public event API,Waiting for odds,https://site.api.espn.com/apis/site/v2/sports/soccer/nor.1/scoreboard?dates=20260610-20261221&limit=300,,401843508,2026-12-13T16:00Z,ESPN public event API,https://a.espncdn.com/i/teamlogos/soccer/500/620.png,https://a.espncdn.com/i/teamlogos/soccer/500/3278.png,4-1-7,2-5-4
2026-12-13,Eliteserien,Viking FK,Hamarkameratene,,,,ESPN public event API,Waiting for odds,https://site.api.espn.com/apis/site/v2/sports/soccer/nor.1/scoreboard?dates=20260610-20261221&limit=300,,401843510,2026-12-13T16:00Z,ESPN public event API,https://a.espncdn.com/i/teamlogos/soccer/500/510.png,https://a.espncdn.com/i/teamlogos/soccer/500/21380.png,9-0-1,5-2-3
2026-12-13,Ligue 1,Lyon,Marseille,,,,ESPN public event API,Waiting for odds,https://site.api.espn.com/apis/site/v2/sports/soccer/fra.1/scoreboard?dates=20260610-20261221&limit=300,,401876368,2026-12-13T19:45Z,ESPN public event API,https://a.espncdn.com/i/teamlogos/soccer/500/167.png,https://a.espncdn.com/i/teamlogos/soccer/500/176.png,0-0-0,0-0-0
2026-12-13,Serie A,Atalanta,Genoa,,,,ESPN public event API,Waiting for odds,https://site.api.espn.com/apis/site/v2/sports/soccer/ita.1/scoreboard?dates=20260610-20261221&limit=300,,401875032,2026-12-13T20:00Z,ESPN public event API,https://a.espncdn.com/i/teamlogos/soccer/500/105.png,https://a.espncdn.com/i/teamlogos/soccer/500/3263.png,0-0-0,0-0-0
2026-12-13,Serie A,Cagliari,Venezia,,,,ESPN public event API,Waiting for odds,https://site.api.espn.com/apis/site/v2/sports/soccer/ita.1/scoreboard?dates=20260610-20261221&limit=300,,401874820,2026-12-13T20:00Z,ESPN public event API,https://a.espncdn.com/i/teamlogos/soccer/500/2925.png,https://a.espncdn.com/i/teamlogos/soccer/500/17530.png,0-0-0,0-0-0
2026-12-13,Serie A,Como,Bologna,,,,ESPN public event API,Waiting for odds,https://site.api.espn.com/apis/site/v2/sports/soccer/ita.1/scoreboard?dates=20260610-20261221&limit=300,,401874821,2026-12-13T20:00Z,ESPN public event API,https://a.espncdn.com/i/teamlogos/soccer/500/2572.png,https://a.espncdn.com/i/teamlogos/soccer/500/107.png,0-0-0,0-0-0
2026-12-13,Serie A,Inter Milan,Torino,,,,ESPN public event API,Waiting for odds,https://site.api.espn.com/apis/site/v2/sports/soccer/ita.1/scoreboard?dates=20260610-20261221&limit=300,,401874766,2026-12-13T20:00Z,ESPN public event API,https://a.espncdn.com/i/teamlogos/soccer/500/110.png,https://a.espncdn.com/i/teamlogos/soccer/500/239.png,0-0-0,0-0-0
2026-12-13,Serie A,Juventus,Monza,,,,ESPN public event API,Waiting for odds,https://site.api.espn.com/apis/site/v2/sports/soccer/ita.1/scoreboard?dates=20260610-20261221&limit=300,,401874783,2026-12-13T20:00Z,ESPN public event API,https://a.espncdn.com/i/teamlogos/soccer/500/111.png,https://a.espncdn.com/i/teamlogos/soccer/500/4007.png,0-0-0,0-0-0
2026-12-13,Serie A,Lazio,AS Roma,,,,ESPN public event API,Waiting for odds,https://site.api.espn.com/apis/site/v2/sports/soccer/ita.1/scoreboard?dates=20260610-20261221&limit=300,,401875007,2026-12-13T20:00Z,ESPN public event API,https://a.espncdn.com/i/teamlogos/soccer/500/112.png,https://a.espncdn.com/i/teamlogos/soccer/500/104.png,0-0-0,0-0-0
2026-12-13,Serie A,Lecce,Sassuolo,,,,ESPN public event API,Waiting for odds,https://site.api.espn.com/apis/site/v2/sports/soccer/ita.1/scoreboard?dates=20260610-20261221&limit=300,,401874982,2026-12-13T20:00Z,ESPN public event API,https://a.espncdn.com/i/teamlogos/soccer/500/113.png,https://a.espncdn.com/i/teamlogos/soccer/500/3997.png,0-0-0,0-0-0
2026-12-13,Serie A,Napoli,AC Milan,,,,ESPN public event API,Waiting for odds,https://site.api.espn.com/apis/site/v2/sports/soccer/ita.1/scoreboard?dates=20260610-20261221&limit=300,,401875028,2026-12-13T20:00Z,ESPN public event API,https://a.espncdn.com/i/teamlogos/soccer/500/114.png,https://a.espncdn.com/i/teamlogos/soccer/500/103.png,0-0-0,0-0-0
2026-12-13,Serie A,Parma,Fiorentina,,,,ESPN public event API,Waiting for odds,https://site.api.espn.com/apis/site/v2/sports/soccer/ita.1/scoreboard?dates=20260610-20261221&limit=300,,401874761,2026-12-13T20:00Z,ESPN public event API,https://a.espncdn.com/i/teamlogos/soccer/500/115.png,https://a.espncdn.com/i/teamlogos/soccer/500/109.png,0-0-0,0-0-0
2026-12-13,Serie A,Udinese,Frosinone,,,,ESPN public event API,Waiting for odds,https://site.api.espn.com/apis/site/v2/sports/soccer/ita.1/scoreboard?dates=20260610-20261221&limit=300,,401874775,2026-12-13T20:00Z,ESPN public event API,https://a.espncdn.com/i/teamlogos/soccer/500/118.png,https://a.espncdn.com/i/teamlogos/soccer/500/4057.png,0-0-0,0-0-0
2026-12-19,Belgian Pro League,Antwerp,OH Leuven,,,,ESPN public event API,Waiting for odds,https://site.api.espn.com/apis/site/v2/sports/soccer/bel.1/scoreboard?dates=20260610-20261221&limit=300,,401878914,2026-12-19T20:00Z,ESPN public event API,https://a.espncdn.com/i/teamlogos/soccer/500/17544.png,https://a.espncdn.com/i/teamlogos/soccer/500/5579.png,0-0-0,0-0-0
2026-12-19,Belgian Pro League,Cercle Brugge KSV,Zulte-Waregem,,,,ESPN public event API,Waiting for odds,https://site.api.espn.com/apis/site/v2/sports/soccer/bel.1/scoreboard?dates=20260610-20261221&limit=300,,401878913,2026-12-19T20:00Z,ESPN public event API,https://a.espncdn.com/i/teamlogos/soccer/500/3610.png,https://a.espncdn.com/i/teamlogos/soccer/500/4691.png,0-0-0,0-0-0
2026-12-19,Belgian Pro League,KVC Westerlo,KAA Gent,,,,ESPN public event API,Waiting for odds,https://site.api.espn.com/apis/site/v2/sports/soccer/bel.1/scoreboard?dates=20260610-20261221&limit=300,,401878907,2026-12-19T20:00Z,ESPN public event API,https://a.espncdn.com/i/teamlogos/soccer/500/606.png,https://a.espncdn.com/i/teamlogos/soccer/500/3611.png,0-0-0,0-0-0
2026-12-19,Belgian Pro League,Lommel SK,RAAL La Louvière,,,,ESPN public event API,Waiting for odds,https://site.api.espn.com/apis/site/v2/sports/soccer/bel.1/scoreboard?dates=20260610-20261221&limit=300,,401878911,2026-12-19T20:00Z,ESPN public event API,,https://a.espncdn.com/i/teamlogos/soccer/500/131235.png,0-0-0,0-0-0
2026-12-19,Belgian Pro League,Royal Charleroi SC,Racing Genk,,,,ESPN public event API,Waiting for odds,https://site.api.espn.com/apis/site/v2/sports/soccer/bel.1/scoreboard?dates=20260610-20261221&limit=300,,401878912,2026-12-19T20:00Z,ESPN public event API,https://a.espncdn.com/i/teamlogos/soccer/500/3616.png,https://a.espncdn.com/i/teamlogos/soccer/500/938.png,0-0-0,0-0-0
2026-12-19,Belgian Pro League,Sint-Truidense,KV Kortrijk,,,,ESPN public event API,Waiting for odds,https://site.api.espn.com/apis/site/v2/sports/soccer/bel.1/scoreboard?dates=20260610-20261221&limit=300,,401878909,2026-12-19T20:00Z,ESPN public event API,https://a.espncdn.com/i/teamlogos/soccer/500/936.png,https://a.espncdn.com/i/teamlogos/soccer/500/5786.png,0-0-0,0-0-0
2026-12-19,Belgian Pro League,Standard Liege,Anderlecht,,,,ESPN public event API,Waiting for odds,https://site.api.espn.com/apis/site/v2/sports/soccer/bel.1/scoreboard?dates=20260610-20261221&limit=300,,401878910,2026-12-19T20:00Z,ESPN public event API,https://a.espncdn.com/i/teamlogos/soccer/500/559.png,https://a.espncdn.com/i/teamlogos/soccer/500/441.png,0-0-0,0-0-0
2026-12-19,Belgian Pro League,Union St.-Gilloise,Club Brugge,,,,ESPN public event API,Waiting for odds,https://site.api.espn.com/apis/site/v2/sports/soccer/bel.1/scoreboard?dates=20260610-20261221&limit=300,,401878908,2026-12-19T20:00Z,ESPN public event API,https://a.espncdn.com/i/teamlogos/soccer/500/5807.png,https://a.espncdn.com/i/teamlogos/soccer/500/570.png,0-0-0,0-0-0
2026-12-19,Belgian Pro League,Waasland-Beveren,KV Mechelen,,,,ESPN public event API,Waiting for odds,https://site.api.espn.com/apis/site/v2/sports/soccer/bel.1/scoreboard?dates=20260610-20261221&limit=300,,401878915,2026-12-19T20:00Z,ESPN public event API,https://a.espncdn.com/i/teamlogos/soccer/500/13450.png,https://a.espncdn.com/i/teamlogos/soccer/500/7879.png,0-0-0,0-0-0
2026-12-19,EPL,Arsenal,Man United,,,,ESPN public event API,Waiting for odds,https://site.api.espn.com/apis/site/v2/sports/soccer/eng.1/scoreboard?dates=20260610-20261221&limit=300,,401879204,2026-12-19T15:00Z,ESPN public event API,https://a.espncdn.com/i/teamlogos/soccer/500/359.png,https://a.espncdn.com/i/teamlogos/soccer/500/360.png,0-0-0,0-0-0
2026-12-19,EPL,Bournemouth,Coventry City,,,,ESPN public event API,Waiting for odds,https://site.api.espn.com/apis/site/v2/sports/soccer/eng.1/scoreboard?dates=20260610-20261221&limit=300,,401878740,2026-12-19T15:00Z,ESPN public event API,https://a.espncdn.com/i/teamlogos/soccer/500/349.png,https://a.espncdn.com/i/teamlogos/soccer/500/388.png,0-0-0,0-0-0
2026-12-19,EPL,Brentford,Newcastle United,,,,ESPN public event API,Waiting for odds,https://site.api.espn.com/apis/site/v2/sports/soccer/eng.1/scoreboard?dates=20260610-20261221&limit=300,,401879203,2026-12-19T15:00Z,ESPN public event API,https://a.espncdn.com/i/teamlogos/soccer/500/337.png,https://a.espncdn.com/i/teamlogos/soccer/500/361.png,0-0-0,0-0-0
2026-12-19,EPL,Brighton,Ipswich Town,,,,ESPN public event API,Waiting for odds,https://site.api.espn.com/apis/site/v2/sports/soccer/eng.1/scoreboard?dates=20260610-20261221&limit=300,,401878739,2026-12-19T15:00Z,ESPN public event API,https://a.espncdn.com/i/teamlogos/soccer/500/331.png,https://a.espncdn.com/i/teamlogos/soccer/500/373.png,0-0-0,0-0-0
2026-12-19,EPL,Chelsea,Aston Villa,,,,ESPN public event API,Waiting for odds,https://site.api.espn.com/apis/site/v2/sports/soccer/eng.1/scoreboard?dates=20260610-20261221&limit=300,,401879202,2026-12-19T15:00Z,ESPN public event API,https://a.espncdn.com/i/teamlogos/soccer/500/363.png,https://a.espncdn.com/i/teamlogos/soccer/500/362.png,0-0-0,0-0-0
2026-12-19,EPL,Leeds United,Fulham,,,,ESPN public event API,Waiting for odds,https://site.api.espn.com/apis/site/v2/sports/soccer/eng.1/scoreboard?dates=20260610-20261221&limit=300,,401879201,2026-12-19T15:00Z,ESPN public event API,https://a.espncdn.com/i/teamlogos/soccer/500/357.png,https://a.espncdn.com/i/teamlogos/soccer/500/370.png,0-0-0,0-0-0
2026-12-19,EPL,Liverpool,Tottenham,,,,ESPN public event API,Waiting for odds,https://site.api.espn.com/apis/site/v2/sports/soccer/eng.1/scoreboard?dates=20260610-20261221&limit=300,,401879200,2026-12-19T15:00Z,ESPN public event API,https://a.espncdn.com/i/teamlogos/soccer/500/364.png,https://a.espncdn.com/i/teamlogos/soccer/500/367.png,0-0-0,0-0-0
2026-12-19,EPL,Man City,Hull City,,,,ESPN public event API,Waiting for odds,https://site.api.espn.com/apis/site/v2/sports/soccer/eng.1/scoreboard?dates=20260610-20261221&limit=300,,401879199,2026-12-19T15:00Z,ESPN public event API,https://a.espncdn.com/i/teamlogos/soccer/500/382.png,https://a.espncdn.com/i/teamlogos/soccer/500/306.png,0-0-0,0-0-0
2026-12-19,EPL,Nott'm Forest,Everton,,,,ESPN public event API,Waiting for odds,https://site.api.espn.com/apis/site/v2/sports/soccer/eng.1/scoreboard?dates=20260610-20261221&limit=300,,401879198,2026-12-19T15:00Z,ESPN public event API,https://a.espncdn.com/i/teamlogos/soccer/500/393.png,https://a.espncdn.com/i/teamlogos/soccer/500/368.png,0-0-0,0-0-0
2026-12-19,EPL,Sunderland,Crystal Palace,,,,ESPN public event API,Waiting for odds,https://site.api.espn.com/apis/site/v2/sports/soccer/eng.1/scoreboard?dates=20260610-20261221&limit=300,,401878738,2026-12-19T15:00Z,ESPN public event API,https://a.espncdn.com/i/teamlogos/soccer/500/366.png,https://a.espncdn.com/i/teamlogos/soccer/500/384.png,0-0-0,0-0-0
2026-12-19,Eredivisie,Excelsior,AZ Alkmaar,,,,ESPN public event API,Waiting for odds,https://site.api.espn.com/apis/site/v2/sports/soccer/ned.1/scoreboard?dates=20260610-20261221&limit=300,,401875511,2026-12-19T20:00Z,ESPN public event API,https://a.espncdn.com/i/teamlogos/soccer/500/2566.png,https://a.espncdn.com/i/teamlogos/soccer/500/140.png,0-0-0,0-0-0
2026-12-19,Eredivisie,FC Utrecht,Heerenveen,,,,ESPN public event API,Waiting for odds,https://site.api.espn.com/apis/site/v2/sports/soccer/ned.1/scoreboard?dates=20260610-20261221&limit=300,,401875510,2026-12-19T20:00Z,ESPN public event API,https://a.espncdn.com/i/teamlogos/soccer/500/153.png,https://a.espncdn.com/i/teamlogos/soccer/500/146.png,0-0-0,0-0-0
2026-12-19,Eredivisie,Feyenoord Rotterdam,FC Twente,,,,ESPN public event API,Waiting for odds,https://site.api.espn.com/apis/site/v2/sports/soccer/ned.1/scoreboard?dates=20260610-20261221&limit=300,,401875509,2026-12-19T20:00Z,ESPN public event API,https://a.espncdn.com/i/teamlogos/soccer/500/142.png,https://a.espncdn.com/i/teamlogos/soccer/500/152.png,0-0-0,0-0-0
2026-12-19,Eredivisie,Fortuna Sittard,Sparta Rotterdam,,,,ESPN public event API,Waiting for odds,https://site.api.espn.com/apis/site/v2/sports/soccer/ned.1/scoreboard?dates=20260610-20261221&limit=300,,401875508,2026-12-19T20:00Z,ESPN public event API,https://a.espncdn.com/i/teamlogos/soccer/500/143.png,https://a.espncdn.com/i/teamlogos/soccer/500/151.png,0-0-0,0-0-0
2026-12-19,Eredivisie,Go Ahead Eagles,Ajax Amsterdam,,,,ESPN public event API,Waiting for odds,https://site.api.espn.com/apis/site/v2/sports/soccer/ned.1/scoreboard?dates=20260610-20261221&limit=300,,401875507,2026-12-19T20:00Z,ESPN public event API,https://a.espncdn.com/i/teamlogos/soccer/500/3706.png,https://a.espncdn.com/i/teamlogos/soccer/500/139.png,0-0-0,0-0-0
2026-12-19,Eredivisie,NEC Nijmegen,ADO Den Haag,,,,ESPN public event API,Waiting for odds,https://site.api.espn.com/apis/site/v2/sports/soccer/ned.1/scoreboard?dates=20260610-20261221&limit=300,,401875506,2026-12-19T20:00Z,ESPN public event API,https://a.espncdn.com/i/teamlogos/soccer/500/147.png,https://a.espncdn.com/i/teamlogos/soccer/500/2726.png,0-0-0,0-0-0
2026-12-19,Eredivisie,PSV Eindhoven,PEC Zwolle,,,,ESPN public event API,Waiting for odds,https://site.api.espn.com/apis/site/v2/sports/soccer/ned.1/scoreboard?dates=20260610-20261221&limit=300,,401875505,2026-12-19T20:00Z,ESPN public event API,https://a.espncdn.com/i/teamlogos/soccer/500/148.png,https://a.espncdn.com/i/teamlogos/soccer/500/2565.png,0-0-0,0-0-0
2026-12-19,Eredivisie,SC Cambuur,FC Groningen,,,,ESPN public event API,Waiting for odds,https://site.api.espn.com/apis/site/v2/sports/soccer/ned.1/scoreboard?dates=20260610-20261221&limit=300,,401875504,2026-12-19T20:00Z,ESPN public event API,https://a.espncdn.com/i/teamlogos/soccer/500/3736.png,https://a.espncdn.com/i/teamlogos/soccer/500/145.png,0-0-0,0-0-0
2026-12-19,Eredivisie,Telstar,Willem II,,,,ESPN public event API,Waiting for odds,https://site.api.espn.com/apis/site/v2/sports/soccer/ned.1/scoreboard?dates=20260610-20261221&limit=300,,401875503,2026-12-19T20:00Z,ESPN public event API,https://a.espncdn.com/i/teamlogos/soccer/500/3735.png,https://a.espncdn.com/i/teamlogos/soccer/500/156.png,0-0-0,0-0-0
2026-12-19,Scottish Premiership,Aberdeen,Celtic,,,,ESPN public event API,Waiting for odds,https://site.api.espn.com/apis/site/v2/sports/soccer/sco.1/scoreboard?dates=20260610-20261221&limit=300,,401878308,2026-12-19T15:00Z,ESPN public event API,https://a.espncdn.com/i/teamlogos/soccer/500/263.png,https://a.espncdn.com/i/teamlogos/soccer/500/256.png,0-0-0,0-0-0
2026-12-19,Scottish Premiership,Dundee United,Kilmarnock,,,,ESPN public event API,Waiting for odds,https://site.api.espn.com/apis/site/v2/sports/soccer/sco.1/scoreboard?dates=20260610-20261221&limit=300,,401878307,2026-12-19T15:00Z,ESPN public event API,https://a.espncdn.com/i/teamlogos/soccer/500/264.png,https://a.espncdn.com/i/teamlogos/soccer/500/260.png,0-0-0,0-0-0
2026-12-19,Scottish Premiership,Hibernian,St Johnstone,,,,ESPN public event API,Waiting for odds,https://site.api.espn.com/apis/site/v2/sports/soccer/sco.1/scoreboard?dates=20260610-20261221&limit=300,,401878306,2026-12-19T15:00Z,ESPN public event API,https://a.espncdn.com/i/teamlogos/soccer/500/258.png,https://a.espncdn.com/i/teamlogos/soccer/500/267.png,0-0-0,0-0-0
2026-12-19,Scottish Premiership,Motherwell,Dundee,,,,ESPN public event API,Waiting for odds,https://site.api.espn.com/apis/site/v2/sports/soccer/sco.1/scoreboard?dates=20260610-20261221&limit=300,,401878305,2026-12-19T15:00Z,ESPN public event API,https://a.espncdn.com/i/teamlogos/soccer/500/266.png,https://a.espncdn.com/i/teamlogos/soccer/500/261.png,0-0-0,0-0-0
2026-12-19,Scottish Premiership,Rangers,Heart of Midlothian,,,,ESPN public event API,Waiting for odds,https://site.api.espn.com/apis/site/v2/sports/soccer/sco.1/scoreboard?dates=20260610-20261221&limit=300,,401878304,2026-12-19T15:00Z,ESPN public event API,https://a.espncdn.com/i/teamlogos/soccer/500/257.png,https://a.espncdn.com/i/teamlogos/soccer/500/262.png,0-0-0,0-0-0
2026-12-19,Scottish Premiership,St Mirren,Falkirk,,,,ESPN public event API,Waiting for odds,https://site.api.espn.com/apis/site/v2/sports/soccer/sco.1/scoreboard?dates=20260610-20261221&limit=300,,401878303,2026-12-19T15:00Z,ESPN public event API,https://a.espncdn.com/i/teamlogos/soccer/500/250.png,https://a.espncdn.com/i/teamlogos/soccer/500/254.png,0-0-0,0-0-0
2026-12-20,Serie A,AC Milan,Como,,,,ESPN public event API,Waiting for odds,https://site.api.espn.com/apis/site/v2/sports/soccer/ita.1/scoreboard?dates=20260610-20261221&limit=300,,401875044,2026-12-20T20:00Z,ESPN public event API,https://a.espncdn.com/i/teamlogos/soccer/500/103.png,https://a.espncdn.com/i/teamlogos/soccer/500/2572.png,0-0-0,0-0-0
2026-12-20,Serie A,AS Roma,Juventus,,,,ESPN public event API,Waiting for odds,https://site.api.espn.com/apis/site/v2/sports/soccer/ita.1/scoreboard?dates=20260610-20261221&limit=300,,401874813,2026-12-20T20:00Z,ESPN public event API,https://a.espncdn.com/i/teamlogos/soccer/500/104.png,https://a.espncdn.com/i/teamlogos/soccer/500/111.png,0-0-0,0-0-0
2026-12-20,Serie A,Atalanta,Napoli,,,,ESPN public event API,Waiting for odds,https://site.api.espn.com/apis/site/v2/sports/soccer/ita.1/scoreboard?dates=20260610-20261221&limit=300,,401874777,2026-12-20T20:00Z,ESPN public event API,https://a.espncdn.com/i/teamlogos/soccer/500/105.png,https://a.espncdn.com/i/teamlogos/soccer/500/114.png,0-0-0,0-0-0
2026-12-20,Serie A,Fiorentina,Bologna,,,,ESPN public event API,Waiting for odds,https://site.api.espn.com/apis/site/v2/sports/soccer/ita.1/scoreboard?dates=20260610-20261221&limit=300,,401874836,2026-12-20T20:00Z,ESPN public event API,https://a.espncdn.com/i/teamlogos/soccer/500/109.png,https://a.espncdn.com/i/teamlogos/soccer/500/107.png,0-0-0,0-0-0
2026-12-20,Serie A,Frosinone,Lazio,,,,ESPN public event API,Waiting for odds,https://site.api.espn.com/apis/site/v2/sports/soccer/ita.1/scoreboard?dates=20260610-20261221&limit=300,,401875016,2026-12-20T20:00Z,ESPN public event API,https://a.espncdn.com/i/teamlogos/soccer/500/4057.png,https://a.espncdn.com/i/teamlogos/soccer/500/112.png,0-0-0,0-0-0
2026-12-20,Serie A,Genoa,Udinese,,,,ESPN public event API,Waiting for odds,https://site.api.espn.com/apis/site/v2/sports/soccer/ita.1/scoreboard?dates=20260610-20261221&limit=300,,401875045,2026-12-20T20:00Z,ESPN public event API,https://a.espncdn.com/i/teamlogos/soccer/500/3263.png,https://a.espncdn.com/i/teamlogos/soccer/500/118.png,0-0-0,0-0-0
2026-12-20,Serie A,Lecce,Inter Milan,,,,ESPN public event API,Waiting for odds,https://site.api.espn.com/apis/site/v2/sports/soccer/ita.1/scoreboard?dates=20260610-20261221&limit=300,,401874996,2026-12-20T20:00Z,ESPN public event API,https://a.espncdn.com/i/teamlogos/soccer/500/113.png,https://a.espncdn.com/i/teamlogos/soccer/500/110.png,0-0-0,0-0-0
2026-12-20,Serie A,Sassuolo,Parma,,,,ESPN public event API,Waiting for odds,https://site.api.espn.com/apis/site/v2/sports/soccer/ita.1/scoreboard?dates=20260610-20261221&limit=300,,401874973,2026-12-20T20:00Z,ESPN public event API,https://a.espncdn.com/i/teamlogos/soccer/500/3997.png,https://a.espncdn.com/i/teamlogos/soccer/500/115.png,0-0-0,0-0-0
2026-12-20,Serie A,Torino,Cagliari,,,,ESPN public event API,Waiting for odds,https://site.api.espn.com/apis/site/v2/sports/soccer/ita.1/scoreboard?dates=20260610-20261221&limit=300,,401874785,2026-12-20T20:00Z,ESPN public event API,https://a.espncdn.com/i/teamlogos/soccer/500/239.png,https://a.espncdn.com/i/teamlogos/soccer/500/2925.png,0-0-0,0-0-0
2026-12-20,Serie A,Venezia,Monza,,,,ESPN public event API,Waiting for odds,https://site.api.espn.com/apis/site/v2/sports/soccer/ita.1/scoreboard?dates=20260610-20261221&limit=300,,401875118,2026-12-20T20:00Z,ESPN public event API,https://a.espncdn.com/i/teamlogos/soccer/500/17530.png,https://a.espncdn.com/i/teamlogos/soccer/500/4007.png,0-0-0,0-0-0
